4000621
4013054
4013663
4013665
4013666
4013667
4013668
4013702
4013703
4013704
4013705
4014369
4014370
4016048
4016055
4016056
4016066
4018418
4018419
4018421
4018422
4018423
4019144
4019145
4019146
4019148
4020537
4020601
4020602
4038608
4038611
4038612
4038613
4038616
4038619
4038621
4038651
4038681
4038682
4038689
4038797
4038798
4038981
4045376
4045426
4048708
4048709
4048713
4059785
4059824
4061275
4071609
4071610
4071620
4071638
4071641
4071643
4071645
4071646
4071647
4071648
4075582
4075583
4075590
4075638
4075639
4075640
4075641
4076471
4080233
4082142
4083871
4083872
4086398
4086399
4086400
4087863
4087864
4229498
4229499
4229518
4229519
4229613
4229614
4229615
4229616
4258916
4258917
4309404
4309425
4309427
4310550
4310551
4310553
4310563
4310578
4310579
4310580
4398412
4398414
4398415
4398416
4398417
4398418
4398419
4398420
4398424
4398476
4398478
4398480
4398482
4399509
4399510
4399511
4399512
4399513
4399514
4399516
4399517
4399518
4399519
4399520
4399521
4399522
4399523
4399546
4399547
4399568
4399569
4399570
4399596
4399597
4399598
4399599
4399600
4399603
4400148
4400955
4400956
4400957
4403230
4404411
4404412
4404413
4404414
4404415
4404416
4404420
4410965
4410968
4410969
4410970
4410971
4410973
4411007
4411008
4411009
4411010
4411011
4411012
4414236
4414237
4414238
4414239
4414241
4414242
4415128
4415135
4415136
4415173
4415174
4415176
4415177
4415178
4415179
4415180
4415183
4415184
4415186
4415187
4415188
4415235
4415236
4415378
4418297
4418301
4418302
4480868
4480869
4481071
4482719
4482725
4497577
4497578
4497579
4604193
4604194
4611747
4718779
4718780
4718781
4718782
4741245
4741409
4741410
4741412
4741415
4744082
4744086
4744094
4744095
4744096
4744097
4744098
4746395
4746396
4746397
4746399
4746400
4746401
4746402
4746403
4746404
4746405
4746406
4746407
4746427
4757425
4821207
4821208
4821209
4821210
4821212
4821214
4821215
4821216
4825878
4825880
4825881
4825882
4825883
4828591
4828592
4828593
4828595
4837114
4837116
4837117
4837119
4837120
4837121
4837125
4837126
4837127
4837128
4837129
4837130
4837131
4837133
4837135
4837181
4837187
4837188
4837334
4837335
4837336
4838365
4838367
4838372
4873394
4873395
4873396
4873400
4873401
4873402
4873403
4873404
4873405
4873406
4873407
4873408
4873409
4873410
4873411
4873412
4873413
4873414
4873415
4873416
4873417
4873418
4873419
4873420
4883203
4883204
4883205
4883206
4883207
4883208
4883209
4883210
4883211
4883212
4883213
4883214
4883219
4883231
4883232
4883233
4912257
4912258
4912270
4912271
4912272
4912273
4912274
4912276
4912277
4912278
4912279
4912280
4912281
4912282
4912283
4912284
4912286
4912287
4912288
4912289
4918608
4918609
4918610
4918611
4918612
4918613
4918614
4918615
4918616
4918617
4918619
4918620
4918621
4918623
4918624
4918625
4918626
4918629
4918925
4918926
4918929
4918930
4918932
4921305
4921306
4921307
4921308
4921310
4921311
4921313
4921314
4921315
4921317
4921324
4921330
4921334
4921335
4921336
4921338
4921345
4921385
4921391
4931060
4931061
4931065
4931066
4931069
4931072
4931076
4931078
4931080
4931082
4944391
4944392
4944395
4944396
4944397
4944398
4944399
4944409
4944410
4944458
4950603
4953884
4953885
4953886
4953887
4953888
4953889
4953890
4953891
4953892
4954185
4954186
4954189
4954190
4954191
4954393
4968289
4968290
4968291
4968293
4968294
4968295
4968297
4968299
4968301
4968302
4974684
4974685
4974686
4974694
4974695
4974696
4974698
4974699
4974700
8003295
8003296
8003314
8003315
8003316
8003317
8003319
8003321
8003334
8003335
8003340
8003341
8003349
8003367
8003370
8003371
8003372
8003373
8003374
8003375
8003378
8003381
8003382
8003460
8003463
8003465
8003466
8003467
8003470
8030377
8030382
8030390
8030391
8030395
8030401
8030402
8030404
8030405
8030408
8132114
8132593
8132595
8132606
8133075
8133076
8133078
8139879
8143941
8144531
8144532
8147275
8154961
8156983
8189795
8217412
8404335
12689656
13616750
13616751
13616753
13616754
13616757
13616758
13616763
13616765
13616768
13618740
13689239
13689240
13689241
13689768
13689769
13689770
13689772
13689773
13855463
13855466
13855468
13855728
13855729
13855730
13855731
13855732
13855733
13855734
13855735
13855736
13855737
13855738
13855739
13855740
13855741
13855742
13855743
13855744
13855745
13855921
13855922
13855925
13855926
13855927
13855928
13855929
13855930
13855931
13855932
13855933
14047207
14047208
14047209
14047211
14047214
14047215
14047218
14047549
14264551
14264553
14264554
14264555
14264556
14264558
14264559
14480048
15025081
15025082
15025083
15025084
15025085
15025087
15025088
15025089
15025091
15025092
15025093
15025094
15025095
15092415
15092416
15092418
15092419
15092420
15092421
15092422
15092423
15092424
15092425
15092426
15092427
15092428
15092429
15092430
15092431
15092432
15092433
15092435
15245465
15245466
15489417
15489863
15489864
15489867
15490390
15490391
15490757
15490758
15491052
15492988
15493030
15541723
15541725
15541726
15541727
15541728
15541730
15541734
15541735
15541737
15541738
15541739
15541740
15541741
15543302
15543304
15543965
15803999
15804000
15804002
15804003
15804004
15804005
15804006
15804008
15804009
15804010
15804012
15804013
15804014
15804015
15804016
15804017
15804018
15804019
15804020
15804141
15804142
15804143
15804144
15804145
15804146
15896286
15896287
15896291
15896292
15896293
15896294
15896295
15896296
15896297
15896298
15896300
15896301
15896302
15896303
16224181
16224182
16224183
16224184
16224187
16224188
16224191
16224192
16224193
16224194
16224195
16224197
16224199
16224200
16224203
16224204
16224206
16224207
16224209
16224212
16224214
16224215
16224216
16224624
16224626
16224627
16224628
16224629
16224630
16224631
16224633
16224704
16225470
16225471
16225472
16225474
16225476
16225799
16225800
16225802
16225803
16300143
16300144
16300145
16300146
16300148
16300149
16300150
16300151
16300152
16300153
16300154
16300156
16300157
16300158
16300159
16300160
16300161
16300162
16300163
16300164
16300165
16300166
16300167
16300168
16300170
16300171
16300172
16300603
16300604
16301279
16301280
16301281
16301282
16301283
16301284
16301285
16301286
16301288
16301289
16301290
16301291
16301292
16301293
16301294
16301295
16384857
16820139
16820140
16820141
16820143
16820144
16820145
16820146
16820147
16820148
16821196
16978527
16982606
17281340
17281341
17281342
17281343
17281346
17281347
17673990
17673994
17673995
17673996
17674655
17674657
18163240
18163244
18163245
18165161
18165163
18165166
18165167
18165168
18165171
18165174
18165177
18165178
18166310
18166722
18166724
18166727
18169215
18169216
18169218
18169219
18169221
18171688
18199961
18199962
18199964
18199965
18199966
22951641
22951650
23047717
23047718
23047866
23047956
23047957
23047958
23048021
23048022
23048023
23059925
23059931
23059984
23059985
23059986
23059987
23059988
23059989
23059990
23059991
23059992
23059993
23059994
23060166
23060221
23217636
23217637
23217638
23217639
23217641
23217642
23217643
23217646
23217648
23217649
23217650
23217651
23217652
23217653
23217654
23217655
23217656
23217657
23217658
23217659
23217660
23217661
23217663
23217664
23217665
23217666
23217668
23217669
23217670
23217671
23217672
23217673
23217674
23217675
23217676
23217677
23217678
23217680
23217681
23217682
23217683
23217684
23217685
23217686
23217687
23217688
23217689
23217691
23217692
23217693
23217694
23217695
23217696
23217697
23217698
23217699
23217700
23217701
23217702
23217703
23217704
23217705
23217706
23217707
23217708
23217709
23217710
23217711
23217712
23220064
23221729
23221730
23221731
23221732
23221733
23221734
23221735
23221736
23221737
23221738
23221739
23221740
23221741
23221742
23221743
23221744
23221746
23221747
23221748
23221749
23221750
23221751
23221752
23221753
23222179
23222180
23222181
23222183
23222184
23222185
23222186
23222187
23222189
23222190
23222191
23222192
23222193
23222194
23222195
23222196
23222197
23222198
23222199
23222203
23222205
23222206
23222207
23222208
23222209
23222210
23222211
23222212
23222213
23222214
23222215
23222498
23359973
23359974
23359975
23359976
23359977
23359979
23360195
23362344
23362345
23362346
23362347
23362348
23362349
23362350
23362351
23362352
23362353
23362354
23436414
23436415
23436416
23436417
23436419
23436420
23436431
23436673
23436674
23436675
23436676
23436677
23436678
23436679
23437775
23437776
23437780
23437781
23437782
23437793
23437794
23437795
23437796
23437797
23437798
23437799
23437800
23437801
23437802
23437803
23437804
23437805
23437806
23437807
23437808
23437809
23437810
23437811
23437812
23437813
23437814
23437815
23437818
23437819
23437820
23437821
23464888
23464889
23464890
23465568
23547796
23547797
23547798
23547799
23547800
23547802
23547803
23547804
23547805
23547806
23547807
23547808
23547809
23554835
23555114
23634491
23641032
23641035
23646350
24000896
24000903
24017955
24017956
24017957
24017958
24022012
24022014
24022015
24022016
24022017
24022018
24022019
24237681
24237682
24237685
24237686
24237689
24355523
24355524
24355525
24355526
24355530
24355532
24355533
24355534
24355536
24355537
24355538
24355539
24355540
24355541
24355544
24355546
24355547
24355551
24355555
24355558
24355559
24355609
24355684
24355685
24355686
24357367
24449961
25083584
25083585
25083587
25083588
25083590
25083591
25083593
25083595
25083597
25083598
25083599
25083601
25083602
25083603
25083605
25083607
25083608
25083610
25083612
25083613
25083614
25083615
25083616
25083625
25083631
25083632
25083634
25083635
25083636
25083637
25083638
25083640
25083641
25083645
25083647
25083648
25083649
25083650
25083655
25083657
25083658
25083659
25083660
25083662
25083663
25083665
25083667
25083668
25083669
25083670
25083672
25083675
25083678
25083679
25083680
25083681
25083682
25083685
25083686
25083687
25083688
25083689
25083691
25083692
25083694
25083695
25083697
25083699
25083700
25083701
25083702
25083703
25083704
25083705
25083706
25083707
25083708
25083709
25086890
25086892
25086893
25086895
25086896
25086897
25086899
25086900
25086901
25086903
25086906
25086907
25086908
25086909
25086911
25086912
25086913
25086914
25086915
25086916
25086917
25086918
25086919
25086920
25086921
25086922
25086925
25086926
25086927
25086929
25086931
25086932
25086933
25086935
25086937
25086940
25086941
25086943
25086944
25086945
25086946
25086947
25086948
25086949
25086950
25086951
25086952
25086954
25086955
25086956
25098555
25098556
25098724
25098726
25098777
25098909
25098910
25271566
25271568
25271569
25271579
25271580
25290666
25290667
25290668
25290670
25290671
25290672
25290673
25290674
25290675
25290676
25290677
25290678
25290679
25290681
25290682
25290683
25290687
25290688
25290690
25290692
25290693
25290694
25290695
25290696
25290697
25290699
25290701
25290702
25290705
25290706
25290707
25290709
25290712
25290713
25290714
25290715
25290717
25290718
25290719
25290721
25290722
25290723
25290724
25290725
25290726
25290727
25290728
25290729
25290730
25290731
25290732
25290733
25290734
25290735
25290736
25290737
25290738
25290739
25290740
25290741
25290742
25290744
25290745
25290746
25290748
25290749
25290750
25290751
25290752
25290753
25290754
25290755
25290756
25290757
25290758
25290759
25290760
25290761
25290762
25290763
25290764
25290768
25290769
25290770
25290771
25290772
25290773
25290774
25290775
25290776
25290777
25290778
25290781
25290782
25290853
25290854
25290855
25290856
25291481
25291483
25291484
25312505
25312506
25312507
25312508
25312511
25312512
25312513
25312514
25312515
25312516
25312519
25312520
25312522
25312523
25312524
25312525
25312526
25312528
25312529
25312530
25312532
25312533
25312534
25312537
25312540
25312541
25312543
25312545
25312546
25312547
25312548
25312549
25312550
25312551
25312552
25312553
25312554
25312555
25312556
25312557
25312558
25312559
25312562
25312564
25312565
25312566
25312567
25312570
25312571
25312572
25312574
25312576
25312577
25312578
25312579
25312582
25312586
25312589
25312593
25312594
25312595
25312599
25312600
25312603
25312604
25312606
25312607
25312608
25312609
25312610
25312611
25312612
25312613
25312614
25312853
25312859
25312861
25312863
25312866
25312867
25312868
25325724
25325735
25325736
25325737
25325738
25325740
25327889
25327893
25327896
25327902
25327906
25327909
25327910
25327911
25327912
25327913
25327914
25327915
25327916
25327917
25327918
25327919
25327920
25327921
25327922
25327923
25327927
25327928
25327929
25327931
25327932
25327936
25327940
25327944
25327962
25327971
25328566
25328571
25328575
25329316
25329317
25329318
25329320
25329321
25329322
25329324
25329325
25329326
25329327
25329328
25329330
25329787
25330173
25330176
25330177
25330216
25330218
25330221
25330225
25330230
25330388
25330389
25330390
25330393
25330394
25330395
25330396
25330563
25330779
25330780
25330781
25330782
25330783
25330784
25330785
25330793
25330794
25330795
25372733
25372734
25372735
25372736
25372737
25372738
25372739
25372740
25372742
25372743
25372745
25372747
25372748
25372749
25372750
25372751
25372752
25372753
25372754
25372755
25372756
25372757
25372758
25372759
25372760
25372761
25372762
25372764
25372765
25372766
25372767
25372768
25372769
25372770
25372771
25372772
25372773
25372774
25372776
25372778
25372779
25372780
25372781
25372782
25372783
25372784
25372785
25372786
25372787
25372789
25372790
25372791
25372793
25372794
25372795
25372796
25372797
25372799
25372800
25372802
25372803
25372804
25372805
25372806
25372808
25372809
25372813
25372814
25372815
25372816
25372817
25372818
25372819
25372820
25372821
25372822
25372823
25372824
25372825
25372826
25372827
25372828
25372829
25372830
25372832
25372833
25372834
25372835
25372836
25372837
25372838
25372839
25372840
25372841
25372842
25372843
25372845
25372846
25372847
25372848
25372850
25372851
25372852
25372853
25372854
25372856
25372857
25372858
25372861
25372862
25372863
25372864
25372865
25372869
25372870
25372871
25372872
25372873
25372875
25372876
25372877
25372879
25372880
25372881
25372882
25372883
25372884
25372885
25372887
25372888
25372889
25372890
25372891
25372892
25372894
25372895
25372896
25372897
25372900
25372902
25372904
25372908
25372913
25372914
25372915
25372916
25372918
25372919
25372921
25372926
25372928
25372929
25372931
25372935
25372936
25372938
25372939
25372940
25372942
25372944
25372945
25372946
25372947
25372948
25372950
25372951
25372952
25372953
25372954
25372955
25372956
25372957
25372958
25372959
25372960
25372962
25372963
25372964
25372965
25372966
25372967
25372969
25372970
25372971
25372974
25372975
25372977
25372978
25372979
25372980
25372981
25372984
25372985
25372986
25372988
25372989
25372991
25372993
25372994
25372995
25372996
25372997
25372998
25372999
25373001
25373002
25373003
25373004
25373005
25373006
25373007
25373008
25373009
25373012
25373013
25373015
25373016
25373023
25373027
25373030
25373032
25373033
25373034
25373035
25373036
25373037
25373038
25373039
25373040
25373041
25373042
25373043
25373044
25373045
25373047
25373049
25373050
25373051
25373054
25373057
25373058
25373059
25373060
25373061
25373062
25373063
25373064
25373068
25373069
25373071
25373073
25373076
25373079
25373082
25373084
25373085
25373086
25373087
25373088
25373090
25373092
25373093
25373095
25373096
25373097
25373098
25373100
25373101
25373102
25373103
25373104
25373105
25373107
25373108
25373110
25373111
25373112
25373113
25373114
25373115
25373116
25373117
25373118
25373119
25373120
25373121
25373122
25373123
25373124
25373125
25373126
25373127
25373129
25373131
25373132
25373133
25373134
25373135
25373136
25373137
25373138
25373139
25373140
25373141
25373142
25373146
25373147
25373148
25373149
25373150
25373151
25373152
25373153
25373156
25373158
25373159
25373161
25373162
25373163
25373165
25373166
25373167
25373168
25373169
25373170
25373171
25373172
25373174
25373176
25373177
25373179
25373180
25373181
25373182
25373183
25373184
25373185
25373193
25373194
25373246
25373247
25373248
25373249
25373251
25373252
25373253
25373255
25373286
25373287
25373289
25373290
25373291
25373569
25373570
25373571
25373572
25373573
25373733
25373994
25374140
25374141
25374142
25374143
25374212
25374213
25374214
25374288
25383391
25383406
25383410
25384104
25384105
25384106
25384107
25384109
25384112
25384117
25384741
25384742
25384743
25384744
25384745
25426799
25426800
25426802
25426807
25426818
25426819
25426820
25426821
25426822
25426824
25426832
25426835
25426837
25426838
25426839
25426840
25426841
25426842
25426844
25426845
25426847
25426848
25426851
25426853
25426854
25426855
25426856
25426857
25426858
25426860
25426861
25426864
25426865
25426866
25426867
25426868
25426870
25426872
25426873
25426874
25426875
25426876
25426877
25426878
25426879
25426881
25426882
25426884
25426885
25426886
25426887
25426888
25426889
25426890
25426891
25426894
25426897
25426900
25426918
25426919
25426921
25426923
25426924
25426925
25426926
25426927
25426929
25426930
25426932
25426934
25426935
25426942
25426944
25426945
25426946
25426948
25426949
25426950
25426952
25426953
25426955
25426960
25426963
25426964
25426965
25426971
25426973
25426974
25426976
25426977
25426979
25426981
25426982
25426983
25426984
25426985
25426986
25426987
25426989
25426990
25426992
25426993
25426995
25426996
25426998
25426999
25427001
25427003
25427004
25427005
25427006
25427007
25427008
25427009
25427011
25427012
25427013
25427014
25427016
25427018
25427024
25427025
25427026
25427027
25427029
25427031
25427032
25427033
25427034
25427035
25427036
25427037
25427038
25427040
25427042
25427043
25427044
25427046
25427049
25427050
25427051
25427052
25427053
25427055
25427056
25427057
25427058
25427059
25427060
25427063
25427064
25427065
25427066
25427067
25427068
25427069
25427070
25427071
25427073
25431446
25464288
25464289
25464303
25464304
25464305
25464307
25464308
25464309
25464310
25464311
25464312
25464313
25464314
25464315
25464316
25464317
25464318
25464319
25464320
25464321
25464323
25464324
25464325
25464326
25464327
25464328
25464329
25464330
25464331
25464332
25464333
25464334
25464335
25464336
25464338
25464342
25464343
25464347
25464348
25464349
25464353
25464354
25464355
25464356
25464357
25464358
25464359
25464362
25464363
25464364
25464365
25464366
25464370
25464372
25464373
25464374
25464375
25464377
25464378
25464379
25464380
25464385
25464386
25464387
25464396
25464397
25464402
25464403
25464404
25464405
25464406
25464417
25464419
25464422
25464423
25464424
25464427
25464428
25464430
25464433
25464434
25464435
25464436
25464437
25464438
25464439
25464440
25464441
25464442
25464444
25464446
25464450
25464453
25920861
26063459
26063461
26063464
26063466
26680862
26681210
26686058
26731828
26738947
26765760
26765766
26943377
32092111
32104697
32105067
32105384
32105515
32105795
32108054
32117831
32143557
32143665
32143834
32204862
32235538
32350410
32638365
32638448
32638487
32638626
32639555
32705164
33641364
34036577
34144846
34145376
34145485
34216614
34262415
34262416
34565364
34565375
34572420
34589779
34597202
34597209
34597557
34597622
34597920
34601056
34601732
34601904
34602576
34608171
34612628
34612848
34612867
34626223
34717604
35075634
35075816
35075847
35075874
35075967
35076091
35077153
35077296
35077346
35077409
35077491
35077493
35077526
35077604
35077739
35077744
35077944
35078187
35080477
35080480
35879595
35879596
35879598
35879599
35879600
35879602
35879604
35879605
35932178
35932180
35932181
35965919
36944751
37039414
37039490
37612217
37855678
37855684
37998278
38496378
38499954
38535029
38685657
38685674
38768250
38782429
38782482
38843633
39000440
39093684
39097894
39097895
39164094
39164339
39173784
39445531
39449293
39671787
39970196
39984294
39984300
39985470
39985506
40015961
40032701
40301183
40397361
40452116
40452129
40458298
40458764
40459594
40461785
40755173
40755179
40755184
40755187
40755194
40755374
40756176
41774572
41967615
41970027
41970034
41970035
41970039
41970041
41970047
41970048
41970051
41970052
41988512
41988516
41988518
41988522
41989483
41990781
41990785
41993111
41993112
41993114
41993115
41993118
41993119
41993121
41993122
41993123
42044629
42044632
42044634
42044635
42044636
42044637
42044638
42044639
42044642
42044643
42044646
42044647
42763682
42763688
42781444
42783150
42834259
42834260
42834261
42876600
42877918
42877919
42885062
42885063
42885064
42998102
43119262
43119606
43119607
43184383
43184388
43185421
43185423
43185424
43246336
43246337
43246344
43246352
43246359
43246587
43246588
43246589
43247672
43285093
43285094
43285095
43285096
43285098
43285099
43285398
43285399
43285400
43285401
43285402
43332951
43332952
43332956
43332957
43335368
43335369
43335374
43335375
43335377
43341566
43343206
43343207
43343217
43343780
43583244
43655079
43655085
43655092
43667473
43855867
43856322
43858421
43858423
43858431
43858434
43858436
43858442
43858445
43858446
44116088
44116161
44143396
44146489
44326432
44326433
44450601
46847372
46847384
46847500
47003007
47003008
47003020
47003021
47432072
49224466
49226842
49226843
49226844
49226847
49226848
49226853
49226855
49226856
49226857
49226861
49226863
51145425
51145427
51145428
51510142
51510295
51510468
51510469
54377173
56084228
56086377
56096242
56096245
56096247
56185859
56185860
56200864
56200921
56200946
56200958
56200967
56200974
56201035
56201052
56201067
56201107
56201162
56201224
56201234
56201241
56201511
56201661
56201900
56202073
56204952
56208842
56209075
56209146
56209192
56209193
56212642
56223514
56675457
56675475
56675525
56675527
56675545
56675551
56818350
56818355
56818357
56818358
56818367
56818369
56818371
57161286
57873414
58156933
58156934
58156935
58156936
58156937
58156938
58699542
59869179
59869180
59869720
60550294
60550295
60550296
60550297
66420311
66420363
66420390
66420392
66420393
66420941
68580739
68580808
68580809
68580813
68580814
68927129
68927140
71401547
71401551
71401554
71401567
71401571
71401574
71401580
72177676
72182345
72184072
72185371
72469984
72469986
72469998
72470011
72470018
72470020
73083056
73083059
73083060
73083067
73083107
73083109
73083122
73083126
73083127
73083129
73083139
73083141
73925064
73925326
73925453
73925454
73925458
73925459
73925509
73925562
73925570
73927503
73927734
73927902
73930275
73948628
73948629
73949177
73949250
73949253
73949255
73950558
73950772
73951173
74458358
74497313
74497315
74498973
74500061
74500065
76874653
76899213
78209164
79377462
79377465
79377466
82172919
82173439
82173440
82198231
82198232
82234414
82289670
82289679
82289684
82289685
82289687
82289689
82289770
82289771
82289989
82289991
82290101
82290319
82290320
82290335
82290548
82290552
82290743
83530924
83530926
85292543
85352789
85352802
85352833
85352836
85352837
85352844
85352869
86021031
86377511
88223081
88223084
88223090
88223099
88223100
88223121
88223129
88223132
88223139
88223141
88223165
90682989
90683008
90852773
90852776
90852777
90852780
90852782
90852784
92810140
92882736
92882742
92882746
92882750
92882753
92882755
92882758
92882759
92882764
92882765
92882767
92882773
92882775
94140493
94140495
94140508
94140515
94140524
94172247
94172250
94172255
94172258
94172261
94172268
94172271
94172277
94172278
94172281
94172284
94172287
94172293
94172294
94172297
94172299
94172302
94172305
94172306
94172307
94172308
94172309
94172310
94172311
94172312
94172313
94172314
94172315
94172318
94172319
94197107
94197110
95468183
95564860
95683772
95683774
95683778
95683780
95683782
95683784
95683785
95683786
95683787
95683788
95683789
95683790
95683792
95683794
95683798
95683800
95683802
95745290
95745291
95745292
95745293
95745294
95745295
95745296
95745297
95745298
95745299
95745300
95745301
95745302
95745303
96754547
96754548
96754549
96754550
98830254
98830321
98830324
98830429
98941700
100676062
100881890
100881892
100884254
102692039
106327902
106327904
106327905
106327907
106327908
106327909
106327912
106566631
106566633
106566637
106566643
106566644
106566646
106670362
106789124
106789125
107516524
107518557
107970284
107970285
107970286
107970287
107970288
107970289
107970291
107970292
107970293
107970294
107970295
107970296
108510973
111795853
111795854
111985118
112226908
112226912
112232318
112232319
113467788
113467791
113467795
113467797
113467799
113470360
113506047
113506048
113506049
113506050
113506051
113506052
113506053
113506054
113506055
113728261
113728262
113728263
115306914
115502931
115505689
115505692
116132143
116132144
116132145
116132147
116132150
116132154
116132156
116132157
116132160
116132162
116132164
116132165
116132166
116132168
116132170
116132171
116132173
116132175
116132177
116132178
116132179
116132182
116132183
116132184
116132186
116132188
116132189
116132190
116132192
116132194
116132195
116132198
116132200
116132202
116132205
116132206
116132209
116132210
116132213
116132215
116132216
116132218
116132220
116132221
116132223
116132225
116132226
120068843
120072895
120074503
120108638
127077256
128868355
129705814
129705815
129725173
129725178
130281506
130281514
130281515
130426134
130426136
130426139
130426140
130426141
130426144
130426145
130426149
130426151
130426156
130426157
130426160
130426161
130426164
130426166
130426169
130427781
130427782
130427783
130427784
130427785
130427787
130427791
130590044
130590507
130590513
130590515
131681377
131681378
131681380
131683347
131905076
131905077
131922736
131922738
131930482
131930483
131930956
131930960
131930961
131930963
131930966
131930970
131930971
131930973
131930975
131930977
131930979
132569351
132569352
132569353
132569894
132569896
132570789
132570790
132570791
132570792
132570793
132570794
132570795
132570796
132666348
132666501
132750868
132845870
132846152
132846154
132846155
132846353
132846354
132846924
132846925
132846926
132846927
132846929
132847246
132847247
132847248
132847249
132847250
132847251
132916890
133317921
133317922
133317923
133317926
134832729
134834976
134834978
134834979
134834980
134921296
135272053
135337112
135338963
135338964
135338966
135458717
135460837
135460842
135460844
135460845
135595086
135595087
135595382
135696169
135696170
135808234
135808235
135808237
135808240
135808241
135808243
135808246
135896665
135896666
135896667
136003529
136003536
136003541
136003543
136003546
136003551
136080942
136115208
136115209
136115210
136115211
136115212
136115213
136115214
136115216
136118036
136118038
136118040
136135589
136135590
136135591
136135592
136135593
136135594
136135595
136135596
136135597
136135598
136135599
136217379
136217380
136217381
136338433
136338434
136338437
137102542
138563427
138563438
138563442
138597555
138705426
138705427
138707121
139245018
139245019
139245020
139245021
139245022
139245023
139245024
139245025
139245026
139245027
139245028
139548194
139548200
139850991
139851266
139860226
139860229
139863542
139863543
139865029
139865351
139866629
139867484
139868168
139870730
139872769
139878477
139880055
139880056
139881035
143408145
143478024
143569802
143569803
143569804
143569805
143569806
143569807
143569808
143569809
143569810
143569813
143569814
143569816
143633565
143633569
143633571
143633581
143633582
143633589
143633591
143633593
143685309
143727146
143727150
143727153
143727158
143873413
143873414
143873420
143873421
143873424
143877386
143877391
143877393
143877395
143877398
143877402
143877404
143877408
143877412
143877414
143877415
143877416
143878571
143878574
143891191
143891197
143891207
143891209
143891210
143896941
143896942
143896944
143896945
143896946
143896947
143896948
143896949
143901024
143901026
143901029
143901030
143901031
143901033
143901035
143901036
143982701
143999804
144000290
144002400
144002907
144010263
144010436
144213465
144213468
144213473
144213476
144213477
144213506
144213514
144213520
144213528
144213538
144213543
144213547
144213553
144213554
144213561
144213563
144213565
144215893
144215894
144215896
144215897
144230895
144230902
144230905
144392874
144392875
144392876
144392877
144392880
144394842
144414768
144414769
144414776
144414777
144414778
144414779
144414782
144414783
144414784
144414787
144436445
144474359
144552529
144552532
144552535
144552538
144552540
144552542
144552543
144552544
144552547
144552549
144552550
144552551
144552552
144595661
144638215
144638219
144638220
144638226
144638227
144638228
144638230
144638232
144638236
144638237
144638239
144638240
144638241
144638245
144638246
144638247
144638249
144638251
144638254
144638255
144638257
144638259
144638264
144638265
144729149
144729150
144729151
144729152
144729153
144729154
144729155
144743670
144771603
144771605
144771607
144771609
144771610
144771613
144771614
144771616
144771619
144773700
144773701
144777862
144777864
144777865
144777866
144777867
144777870
144777872
144777873
144777874
144777875
144777876
144777877
144777878
144777880
144778128
144779587
144779589
144782159
144782160
144787514
144787515
144798998
144799003
144799004
144799005
144799018
145017431
145017432
145017709
145018078
145018079
145028219
145028222
145028224
145028226
145028227
145028555
145028992
145028993
145029131
145110213
145119591
145119592
145119593
145119594
145121999
145122000
145130965
145159775
145434115
145434116
145434117
145434118
146857015
146857017
146923082
146923085
146923092
146923095
146927245
146927247
146935671
146935673
147017432
147203870
147203872
147203875
147203878
147203880
147203882
147203884
147203886
147249194
147343618
147343625
147343628
147343630
147343632
147343640
147343642
147343648
147343655
147343667
147343672
147343674
147343678
147343679
147403241
147403246
147403249
147403252
147403255
147404912
147405028
147405029
147405031
147405032
147405313
147405513
147405514
147405515
147405516
147405517
147409025
147409027
147409030
147409031
147409032
147409033
147409211
147409213
147409831
147409832
147409833
147409834
147409835
147409836
147409837
147510898
147510899
147510900
147510901
147511891
147511893
147518454
147549324
147549837
147571786
147571787
147571788
147585933
147601521
147623224
147623229
147623230
147623234
147627000
147627005
147913733
147915073
147946320
147946323
147946326
148148661
148186353
148186354
148186356
148186357
148186358
148186359
148186648
148186651
148187172
148187201
148194870
148194873
148194878
148194881
148194884
148194886
148194889
148194890
148195463
148196024
148196028
148197066
148197069
148452833
148452834
148454623
148454626
148460999
148461000
148461716
148462257
148462258
148462831
148462835
148463191
148464017
148464018
148464019
148464020
148464867
148464872
148464876
148464877
148467236
148467237
148467238
148467239
148467240
148467243
148467245
148467246
148467657
148470822
148470825
148470826
148472037
148472038
148472040
148472041
148472042
148472043
148472509
148472881
148472882
148473403
148473406
148473408
148473410
148473414
148473714
148473720
148474404
148608635
148712765
148715557
148715559
148715561
148715562
148715563
148715564
148715565
148715566
148715567
148715568
148715569
148715571
148715572
148715573
148715574
148715575
148827601
150391832
150391842
150391851
150542854
150542857
150549937
150554107
150554108
150554109
150554110
150554111
150554112
150554113
150554114
150554115
150554116
150554117
150554118
150554119
150554120
150554122
150554123
150554124
150554125
150554126
150554127
150554128
150554129
150554130
150554131
150554132
150554133
150554134
150554135
150554136
150554137
150554138
150554139
150554141
150554144
150554145
150554148
150554149
150554150
150554152
150554154
150554156
150554157
150554159
150554160
150554161
150554162
150554163
150554164
150554165
150554166
150554167
150554858
150554860
150554862
150554864
150676095
150676098
150676099
150677030
150681596
150770413
150770414
150770415
150770417
150770419
150770420
150770421
150770422
150770423
150770424
150770425
150770426
150770645
150771846
150771847
150772386
150772387
150781675
150781888
150782100
150782103
150782353
150782915
150783032
150783427
150784445
150784446
150784972
150784973
150785472
150785473
150785474
150936681
150936682
150936683
150936684
150936685
150936686
151078684
151230765
151268743
151332560
151340216
151340244
151344331
151344336
151344338
151344339
151344340
151344344
151344348
151344351
151353935
151353937
151353938
151353940
151353943
151353944
151353945
151353948
151361670
151361677
151361680
151361683
151361685
151361688
151361692
151361693
151361695
151361696
151361697
151361699
151375505
151375520
151377397
151377398
151377399
151377400
151377401
151379038
151380347
151380348
151383178
151383179
151383181
151388205
151388207
151388208
151388215
151388216
151388217
151388218
151388219
151390660
151390661
151390664
151469648
151475147
151475148
151475149
151475152
151475154
151475157
151519191
151540150
151540151
151540153
151540154
151540156
151540164
151541434
151541441
151541446
151541447
151617989
151617991
151617992
151617994
151617995
151617997
151617999
151620537
151620540
151620542
151620543
151620544
151620545
151620549
151620551
151620553
151620688
151621080
151621872
151625944
151625945
151625946
151643599
151643600
151643602
151643604
151643607
151643611
151643615
151643616
151647568
151647569
151647571
151647572
151647574
151647576
151647577
151647578
151652648
151657725
151657726
151657727
151657728
151657729
151657731
151657735
151657736
151657740
151657741
151657742
151657744
151659616
151665809
151665810
151693862
151693863
151693864
151693865
151693866
151693867
151693868
151693869
151693870
151693871
151693872
151739206
151744370
151744371
151744373
151744374
151749433
151749434
151767684
151767685
151767688
151767689
151767693
151767695
151767696
151770469
151770470
151770471
151770472
151770473
151770474
151770475
151770476
151770477
151828694
151828696
151828699
151847043
151851046
151855010
151855171
151864031
151864033
151884709
151884710
151884711
151884713
151884714
151884717
151884718
151884719
151884722
151884723
151884724
151884725
151887483
151887484
151891025
151894282
151894285
151894287
151902573
151902578
151902579
151902580
151902582
151902583
151902587
151902588
151902589
151902592
151902593
151902595
151902601
151902602
151902605
151902606
151902608
151902610
151947490
151947491
151947494
151947495
151947496
151947500
151947501
151948991
151948992
151948993
151948995
151948996
151948997
151948998
151948999
151949000
151949002
151949003
151949004
151949005
152016390
152016393
152016394
152016400
152016401
152016402
152022098
152022101
152022102
152022779
152022780
152022781
152022782
152050136
152050138
152050139
152050144
152076171
152194843
152195673
152205037
152205038
152205039
152205040
152205041
152205042
152209859
152209860
152209861
152209862
152209863
152209864
152209865
152209866
152209867
152209869
152209873
152209876
152209877
152209880
152209889
152209891
152209893
152209897
152209899
152209905
152209908
152209909
152209911
152209912
152209914
152209916
152209919
152209929
152209931
152209932
152211928
152211936
152222870
152333892
152337247
152337249
152337971
152337972
152337973
152337975
152338075
152339190
152339200
152339201
152339202
152339203
152339210
152339212
152340004
152340236
152340237
152340238
152341079
152341080
152341082
152341083
152341922
152341923
152342550
152342551
152343194
152343196
152343413
152343416
152343558
152343559
152343633
152343926
152343927
152343928
152343929
152343983
152344147
152344351
152344352
152344353
152344358
152505501
152505502
152505503
152505671
152505883
152506341
152507032
152507036
152507037
152508691
152508692
152508693
152508694
152508747
152508895
152515572
152524214
152524221
152524224
152524242
152524301
152567164
152719185
152719198
152719201
152719205
152734019
152811771
152811773
152917014
152917017
152917019
152917026
152917028
152917031
152917051
152962421
153018536
153018542
153018561
153045021
153249846
153249860
153249887
153270887
153342974
153344114
153344115
153344116
153344118
153347668
153347669
153347670
153347674
153416600
153416601
153416603
153416605
153416608
153416610
153416613
153416614
153416615
153447179
153447182
153447184
153447186
153447191
153447195
153447197
153447199
153447201
153447203
153447206
153447207
153447212
153447214
153447219
153447227
153447239
153447242
153455375
153455382
153455385
153455388
153455392
153455393
153455401
153455403
153455404
153455405
153455411
153455414
153455417
153455423
153455424
153455427
153455433
153455444
153455446
153455448
153455456
153455472
153455481
153455484
153455485
153455495
153455497
153455499
153455510
153455515
153455517
153455529
153455532
153455540
153471384
153471406
153471414
153471430
153471437
153471470
153471476
153471478
153471484
153471489
153471494
153471496
153471514
153471518
153471523
153471528
153471537
153471538
153471550
153538338
153538340
153538346
153538349
153550732
153550734
153550735
153550737
153550738
153550739
153550741
153550743
153570065
153571255
153571257
153571967
153574246
153575943
153597510
153630338
153630340
153630341
153630342
153630343
153630345
153634034
153634037
153635253
153635255
153635260
153636439
153637974
153637976
153638720
153640629
153640633
153643230
153643232
153662556
153662557
153662577
153662579
153662580
153662581
153662582
153662583
153662587
153662589
153662590
153662592
153662594
153662595
153662596
153662597
153662599
153662601
153662604
153662605
153662609
153662611
153662616
153662618
153662619
153662624
153662627
153662630
153662637
153662649
153662651
153662653
153662655
153662660
153662662
153662663
153662672
153668236
153668246
153668267
153766306
153766308
153766309
153766310
153767876
153767877
153771854
153793634
153795296
153841826
153841829
153841833
153841834
153841835
153855466
153855530
153855548
153855584
153855599
153855634
153855644
153855662
153855678
153855679
153855689
153855708
153857838
153857924
153858272
153860431
153860432
153860433
153860441
153860443
153860451
153860453
153860459
153860470
153860471
153860490
153860503
153860506
153860507
153860525
153860529
153860532
153860545
153860547
153860560
153860569
153860574
153860575
153860582
153860583
153860584
153860589
153860604
153860607
153860613
153860620
153860621
153860632
153860639
153860647
154004258
154004262
154005032
154006221
154006222
154006223
154012620
154012633
154012953
154018059
154018060
154236988
154262347
154262348
154262358
154262359
154262387
154262388
154262706
154262707
154262708
154262709
154262710
154262711
154262712
154262713
154262845
154262846
154262847
154262848
154262849
154263995
154385077
154385078
154385080
154385082
154385086
154385091
154385093
154385098
154385099
154385105
154385106
154385115
154385117
154385118
154385122
154385123
154385125
154385131
154385134
154385139
154385141
154385143
154385148
154385156
154385157
154385158
154385162
154385166
154385170
154385171
154385173
154385177
154385178
154385180
154385185
154385186
154385198
154385209
154385211
154385214
154385216
154385221
154385223
154385225
154385228
154385232
154385242
154385244
154385245
154385248
154385251
154385254
154385258
154385261
154385268
154385278
154385281
154385283
154385287
154385291
154385294
154385297
154385300
154519746
154519747
154525214
154525215
154526340
154526612
154526613
154526614
154526940
154526941
154526942
154526943
154527169
154563331
154563332
154563333
154563334
154563335
154563338
154563340
154563343
154563344
154563346
154563347
154563348
154563349
154563351
154563353
154563354
154563356
154563357
154563358
154563359
154563361
154563362
154563363
154571729
154571974
154574178
154574181
154585683
154585690
154585692
154585697
154585700
154585705
154585707
154585708
154585712
154585714
154585717
154585720
154585723
154585725
154585730
154589451
154689300
154739852
154739856
154739860
154739862
154739873
154769683
154769686
154769689
154769692
154776428
154776431
154776434
154776436
154863360
154866228
154891783
154891784
154891785
154901573
154901574
154901575
155182843
155190129
155203822
155203824
155203827
155203828
155203830
155203831
155203832
155203833
155224694
155224695
155224697
155300649
155300660
155300667
155366034
155676115
155676122
155676125
155736470
155788797
155788805
155791064
156265416
156265417
156265418
156265421
156265424
156265425
156265429
156266643
156266644
156266645
156266648
156266649
156266650
156266651
156343195
156472853
156472855
156477209
156477210
156503294
156503295
156503297
156503299
156503301
156503302
156503303
156503304
156503305
156513160
156513167
156513171
156513172
156513176
156513177
156513180
156513182
156513184
156513186
156519502
156519504
156519505
156519506
156519508
156519511
156522764
156522765
156522766
156522767
156522769
156522770
156522771
156522774
156522775
156522776
156522777
156527804
156527805
156527807
156527808
156527810
156527811
156527812
156527813
156527814
156527815
156527816
156527817
156527818
156527819
156527821
156527822
156527823
156527824
156527825
156527826
156527827
156527828
156527829
156527831
156527834
156527835
156527837
156529511
156529513
156529876
156553443
156596751
156596752
156596753
156596756
156596757
156596760
156596761
156596765
156596766
156596767
156596768
156596769
156596771
156597511
156597512
156597513
156607187
156607188
156607189
156607190
156607191
156607192
156607193
156620380
156620381
156621063
156621064
156621065
156621440
156621446
156621450
156738551
156738552
156738555
156738557
156738558
156738559
156738560
156738561
156738562
156738563
156790355
156790356
156790357
156790358
156790359
156791111
156935031
156935032
156960275
156960278
156960280
156960285
156960287
156993399
156994181
157001411
157001415
157001416
157398578
157398579
157400537
157404371
157404372
157404373
157404375
157404377
157404379
157404380
157512819
157527510
157527515
157563393
157563395
157563398
157563402
157563403
157563405
157593598
157593599
157593600
157593867
158053993
158435433
158435434
158435435
158435438
158435439
158435441
158435444
158435445
158435446
158435449
158435450
158435451
158435453
158435456
158435457
158435458
158435460
158435462
158435463
158435465
158435467
158435468
158435469
158435471
158435474
158436080
158436081
158436083
158436084
158436085
158436087
158436088
158436089
158436090
158436091
158436092
158436093
158436094
158436095
158677856
158678136
158729664
159083796
159083797
159238460
159238465
159238467
159238469
159238471
159847939
159847942
159847943
159847944
159847945
159847946
159847947
159847948
159847951
159847953
159847954
160106462
160106463
160106464
160106465
160106466
160106467
160106468
160116336
160116338
160116341
160116343
160116345
160116346
160116348
160116350
160116352
160116354
160116355
160116356
160116360
160116361
160116362
160116365
160748314
160748319
160753281
161014662
161014663
161014664
161051297
161082151
161224096
161309107
161309108
161441493
161441494
161441495
161441496
161441497
161441498
161441499
161441500
161441501
161441502
161441503
161441504
161441505
161441506
161441507
161441508
161441509
161441510
161441511
161441512
161441513
161441514
161536684
161539190
161539191
161539192
161539193
161539194
161539195
161539196
161539197
161564841
161564848
161564859
161564861
161564866
161564868
161564870
161564874
161564881
161564886
161564920
161585255
161585261
161585262
161585264
161594367
161594374
161594377
161594379
161594384
161594387
161594388
161639496
161639497
161639498
161977062
161989048
162002351
162207159
162207162
162207165
162207167
162207170
162263073
162414181
162453775
162453778
162453781
162453789
162453791
162453792
162453802
162453806
162453807
162453811
162453815
162455327
162456753
162456754
162456755
162456756
162458029
162458032
162458033
162458035
162458037
162458043
162458044
162458047
162458050
162458052
162459087
162459089
162459093
162459603
162609303
162609304
162765479
162765486
162765488
163062595
163118616
163118617
163118619
163118620
163118623
163118624
163118626
163124264
163124269
163124271
163209445
163209447
163209448
163209449
163209450
163209451
163209452
163209453
163209454
163209455
163209456
163209457
163214957
163214958
163416463
163418948
163418950
163418951
163418952
163420543
163420545
163420547
163420549
163420551
163420553
163420554
163612934
163612935
163612936
163612937
163612938
163612939
163612943
163693257
163715715
163715716
163715939
163716020
163757764
163757765
163838308
164005532
164072544
164084769
164084778
164084780
164084784
164231484
164231485
164231486
164865843
164865844
164865845
164865846
164865847
164865849
164865850
164865851
164865852
164865853
164865854
164865855
164865856
164865857
164940547
164940548
164940549
164940550
164940551
164940552
164940553
165236556
165236557
165236558
165445099
165448822
165520367
165520368
165520369
165520370
165520373
165520816
165718468
165719076
165719077
165719078
165719079
165836456
165836459
165836460
165838305
165838306
166003346
166003347
166003348
166003349
166003350
166003351
166003352
166003353
166003354
166123305
166123306
166123307
166123308
166140938
166170572
166331072
166331073
166331195
166331196
166663760
166750067
166827817
166828910
166828911
166828912
166828913
166828914
166828915
167360403
167365344
167365345
167365347
167365349
167365351
167365360
167367334
167637324
167637371
167697247
167697248
167697249
167697250
167697256
167697257
167697258
167697261
167697262
167697263
167697264
167697265
167697266
167697267
167697268
167697269
167697270
167697271
167697272
167697273
167697274
167697276
167697277
167697278
167697279
167697280
167697282
167697283
167697284
167697285
167697286
167697287
167823518
167823520
167823521
167823522
167823523
167823524
167823529
167825587
168049231
168054883
168054884
168325119
168325120
168325121
168325122
168325123
168325124
168325125
168325126
168325127
168325128
168325129
168325130
168325131
168349248
168349249
168349250
168568992
168568993
168568994
168568996
168863319
168863320
168867378
168867379
168867380
168867381
168867382
168867383
168867384
168867385
168867386
168867387
168867388
169087002
169087003
169244356
169244357
169244358
169244359
169558568
169558571
169558575
169558578
170154154
170154156
170154158
170154159
170154161
170154162
170154164
170154167
170154168
170154169
170154170
170154172
170154173
170154175
170154179
170154182
170707810
170707812
170707815
170707819
170707821
170707823
170707825
171244386
171244387
171244388
171244390
171244391
172681447
172688794
172688795
173925486
173925487
174327877
174665090
174958092
174958093
174958094
174958095
174958096
174958097
174958098
174958099
174958100
174958101
174958102
175845890
175866255
175884725
175884726
175884727
175884728
175884729
175884730
175884731
175884732
175884733
175884734
175884735
175884736
175884737
175884738
175884739
175884741
175884743
175884744
175884745
175884746
175884747
175884749
175884750
175884752
175884754
175884755
175884756
175884759
175884760
175884761
175884764
175884765
175884766
175884769
175884770
175884771
175884772
175884773
175884774
175884775
175884776
175884777
175884778
175884779
175884780
175884781
176214622
176214625
176214626
176833530
176852575
176852576
176852577
177187581
177187582
177187848
177432610
177432611
177433047
177535717
177666113
177666548
177666549
177666550
177666551
177666552
177666553
177678514
177678516
177678519
177678520
177678521
177679370
177679371
177679372
177679373
177679374
177698900
177698901
177698902
177698903
177698904
177698905
177789972
177943310
177943311
177943312
177943315
178206221
178206223
179146597
181315651
181315652
181893437
181893438
181893440
181893443
181893447
181893448
181893449
181893451
182019245
182019246
182019249
182019250
182019555
182019556
182019557
182021065
182021067
182021068
182023034
182023035
182023036
182023037
182023038
182023039
182023042
182023403
182023404
182023405
182023406
182023407
182032853
182032854
182032855
182032856
182032857
182032858
182032859
182032860
182032861
182032864
182032866
182033578
182033579
182033580
182035842
182036777
182038682
182038684
182038685
182038686
182038688
182038689
182038690
182038691
182040308
182040309
182040310
182040311
182040312
182040313
182040716
182042770
182042771
182401802
182401807
182401810
182401812
182401823
182935459
182935460
182935461
182935462
182935463
182935464
182935465
182935466
182935468
182935469
182935470
182935471
182935473
182935475
182935476
182935478
182935479
182935480
182935481
182935482
182935483
182935484
182935485
182937671
182937672
182937673
182937680
182937683
183456364
183456365
183456366
184508832
184508834
184508835
184508837
184508839
184574770
184574771
184574773
184574774
184574775
184574776
184574777
184574778
184574779
184574780
184574781
184574782
184574783
184574785
184574786
184574787
184574788
184574789
184574790
184574791
184574792
184574794
184593125
184593126
184596014
184596015
184596017
184597732
184597735
184597737
184597739
184597740
184770552
186473542
186473543
186473544
186473545
186473546
186473550
186473551
186473552
186473555
186473556
186473557
186473559
186473560
186473564
186473567
186473568
186473569
186473570
186473571
186473572
186475940
186477837
186477838
186477840
186477842
186484079
186484081
186484082
186484083
186484085
186484087
186484089
186484091
186484092
186484093
186484095
186484096
186484097
186484099
186484101
186484103
186484105
186484106
186484107
186484109
186484110
186484113
186522955
186522956
186522957
186522958
186522959
186522960
186522961
186522962
186522963
186522964
186522965
186522966
186522967
186522968
186522969
186522970
186524930
186524931
186524932
186524933
186524934
186524935
186524936
186524937
186524938
186524939
186544938
186544939
186554924
186554928
186554931
186572644
186572647
186572649
186572651
186650639
186650641
186650643
186650645
186650646
186650647
186650650
186650651
186650653
186650654
186650655
186650656
186650658
186650659
186650661
186650662
186650665
186650666
186650667
186650668
186650669
186650670
186650672
186650674
186650675
186668389
186669858
186961663
186961664
187104007
187104008
187162633
187162635
187374237
187374239
187374240
187374241
187374242
187374442
187374443
187374444
187378161
187378162
187378163
187378165
187378167
187378168
187378169
187378170
187378171
187378174
187378175
187378176
187378177
187378178
187378180
187668239
187668243
187687310
187690124
187690127
187690130
187690134
187698331
187698332
187698333
187698336
187698337
187698338
187698339
187709248
187709249
187709250
187709251
187709252
187709253
187709254
187709255
187709256
187709257
187709258
187709259
187709260
187709261
187709262
187709263
187709264
187709265
187709266
187709269
187709270
187714560
187714561
187714562
187714563
187714564
187714565
187714566
187714567
187714568
187714569
187714570
187714571
187714572
187714573
187726996
187726997
187726998
187726999
187727000
187727001
187727002
187727003
187727004
187727005
187727006
187727007
187727008
187727009
187727010
187727011
187727012
187727013
187727014
187727015
187727016
187727017
187727018
187727020
187727021
187727023
187727024
187727569
187739929
187739930
187739931
187739932
187739933
187739934
187739935
187739936
187739937
187739938
187739939
187739940
187739941
187739942
187739943
187739944
187739945
187739946
187739947
187739948
187739949
187816419
187816420
187816421
187816422
187816423
187816424
187816425
187816426
187816427
187817362
187817363
187817365
187817366
187817368
187817369
187817370
188079084
188079085
188079086
188079087
188079088
188079090
188079091
188079092
188079101
188083494
188083495
188083496
188083497
188083498
188083499
188083500
188083501
188083502
188083503
188083504
188083505
188083506
188083507
188083508
188083509
188083510
188083511
188083512
188083514
188083515
188083516
188083517
188083519
188280069
188280070
188328445
188328446
188328450
188328452
188328454
188328456
188328458
188328462
188328463
188339282
188339284
188339285
188339286
188339287
188339288
188339289
188339291
188339292
188339300
188339301
188339302
188339303
188339306
188339307
188339334
188352842
188352843
188352844
188352845
188352846
188352847
188352848
188352849
188352850
188352852
188352853
188352855
188352856
188353405
188353406
188365332
188365333
188365334
188365337
188365338
188366576
188366578
188366579
188469240
188469241
188469244
188469247
188469248
188473704
188473706
188477393
188477395
188477396
188477397
188477398
188477399
188477400
188477401
188477402
188477403
188477404
188477406
188481353
188481354
188481355
188481356
188481357
188481358
188481359
188481360
188481361
188481362
188481363
188481364
188481365
188481367
188481368
188481369
188481371
188482110
188482112
188482116
188483428
188488546
188488547
188488548
188488549
188488550
188488551
188488552
188488553
188488554
188488555
188491366
188491367
188491368
188491371
188491372
188491373
188491375
188492822
188492823
188492824
188492825
188492826
188492827
188492828
188492829
188492830
188492831
188494539
188494540
188495923
188510152
188510154
188510155
188510156
188645341
188645342
188645343
188645345
188645346
188645347
188645348
188645349
188645350
188645351
188645352
188645353
188645354
188645356
188645357
188645358
188645359
188645360
188645361
188645362
188645363
188645364
188645365
188645366
188645367
188645368
188645369
188645370
188645371
188645372
188645373
188645374
188645375
188645376
188645377
188645379
188645380
188645381
188645382
188645383
188645384
188645385
188647844
188647845
188647846
188647847
188647848
188647849
188647850
188659821
188660489
188660490
188660491
188660492
188660493
188661156
188661157
188692341
188692343
188692346
188692347
188692349
188744510
188744511
188744515
188744528
188745579
188794103
188797349
188797350
188797352
188797353
188797354
188797355
188797356
188797357
188797358
188797359
188797360
188797361
188797362
188797789
188797790
188797791
188814981
188936744
188936745
188936746
188936748
188936749
188936750
188936751
188936752
188936753
188936754
188936755
188936756
188936757
188936758
188936759
188936760
188936761
188936762
188936763
188936764
188936765
188936766
188936767
188936768
188936769
188936770
188936771
188936772
188936773
188936774
188936775
188936776
188936777
188936778
188936781
188936782
188936783
188936784
188936785
188936786
188944362
188944364
188944365
188944367
188944369
188944370
188944371
188944372
188944373
188944374
188944376
188944378
188944380
188944381
188944382
188944383
188944384
188944386
188944388
188944390
188944391
188944392
188944397
188944399
188944405
188944409
188944412
188949919
188949920
188949921
188949922
188949923
188949924
188952431
188952441
189030428
189030431
189030438
189030450
189033568
189042334
189042335
189042336
189042516
189042517
189042518
189042519
189042520
189042521
189042522
189042523
189042524
189042525
189042526
189042527
189042528
189042529
189042530
189042531
189042532
189042533
189042534
189042535
189042536
189044729
189044730
189044731
189044732
189049171
189049177
189049188
189049904
189049905
189049906
189049907
189049908
189049909
189049910
189049911
189049912
189049913
189049914
189049915
189071511
189071514
189071517
189071520
189071522
189071524
189071525
189091527
189091528
189091529
189091531
189091532
189091534
189091535
189091536
189091538
189091540
189091541
189125356
189125357
189125358
189240779
189247527
189247528
189247529
189250483
189250485
189250487
189250488
189250489
189250490
189250492
189253080
189253081
189253082
189253083
189253084
189253852
189253853
189253854
189506215
189506217
189506218
189521317
189521318
189521320
189560283
189560284
189560285
189569329
189569331
189569333
189569335
189573782
189573783
189573784
189573785
189574964
189574965
189574966
189574967
189575408
189577909
189577910
189577911
189577912
189577913
189645486
189855429
189855430
189860043
189921352
189921353
189921354
189921355
189921356
189921357
189921359
189921360
189921361
189921362
189921363
189921365
189921366
189921367
189921368
189921369
189921370
189921371
189921373
189921375
190043944
190075778
190075779
190075780
190075781
190075782
190077116
190077117
190083358
190083359
190083360
190083361
190083362
190083363
190083365
190083367
190083373
190273244
190273245
190279111
190279114
190279745
190293219
190293220
190293222
190293224
190293232
190293234
190293235
190293237
190293238
190293241
190293244
190293245
190293246
190293848
190293849
190293851
190293852
190293854
190293855
190293856
190293857
190293859
190293861
190293862
190296341
190296342
190296343
190296344
190296345
190297702
190297703
190299690
190299691
190299692
190299693
190299694
190299695
190302143
190302144
190302145
190302146
190302147
190302148
190302149
190302150
190302151
190304344
190403917
190403918
190404369
190404370
190404371
190404372
190404373
191030106
191030150
191030151
191030193
191030203
191101361
191124159
191124160
191124161
191137421
191161012
191205461
191205462
191211712
191211713
191211715
191211716
191260689
191261617
191261619
191261620
191261621
191261622
191412822
191412824
191412825
191450603
191450605
191450607
191450610
191450615
191450616
191450617
191450619
191450621
191450623
191450628
191450630
191450632
191450635
191450637
191450640
191450642
191450644
191450645
191450646
191450647
191450648
191450649
191450650
191450651
191450652
191450653
191608849
191608850
191608851
191608852
191608853
191609096
191617069
191617070
191617072
191694535
191965322
191965323
191965324
191965325
191965326
191965327
192147038
192147044
192147045
192147047
192147048
192299073
192299074
192299075
192299076
192299077
192299078
192299079
192299080
192299081
192299082
192306772
192306774
192306775
192306776
192306777
192306779
192306781
192306783
192306785
192306789
192306790
192306792
192306795
192306797
192307434
192307435
192465358
192465359
192465360
192506974
192608169
192608170
192614962
192614963
192614964
192614966
192614968
192614970
192614971
192614972
192615674
192615679
192710776
192710777
192710779
192710780
192710784
192710786
192710790
192710791
192710793
192710795
192710798
192710800
192710802
192710804
192710805
192710808
192710810
192710814
192710816
192710818
192710821
192710824
192710826
192710828
192710830
192710832
192710833
192710836
192710838
192710840
192710844
192710846
192710847
192718760
192718761
192718762
192718763
192718764
192718765
192718766
192718767
192718768
192718769
192718770
192718771
192755106
192755107
192756866
192913717
192913718
192916511
192994864
192995048
192995049
192995051
193334223
193334224
193334225
193334226
193334227
193334228
193334229
193457121
193943008
193943009
193943011
193943017
194035807
194035815
194035817
194035824
194035828
194035830
194035836
194035845
194037870
194037872
194037883
194037906
194037932
194194997
194194999
194196095
194196096
194196097
194196098
194617353
194617364
194617366
194617368
194920714
194920715
194920717
194920720
194920722
194920724
194920726
194920728
194920730
194920732
194920734
194920736
194920740
194920742
194981205
195078372
195078374
195078375
195078377
195231103
195231104
195231105
195231106
195231107
195231108
195231109
195231110
195231111
195231112
195231113
195978332
195978333
195978334
195978336
195978337
195978339
195978341
195981536
195981537
196000552
196000553
196000554
196000555
196000556
196089942
196089944
196089947
196324219
196324220
196324221
196364227
196364228
196364229
196683606
196769402
196984369
196984372
196984376
196984379
196984382
196984385
197015206
197015242
197016931
197016932
197210610
197698317
197770685
197904087
197906877
197906878
198186429
198203505
198203506
198203507
198203508
198203509
198203510
198203511
198329631
198329632
200417281
200417282
200417283
200417284
200417285
200417286
200417287
200417288
200417289
200417290
200417291
200417292
200417293
200417294
200417295
200417296
200417297
200417298
200417299
200417300
200417301
200418502
200419396
200419475
200419476
200822655
200822656
200822657
200822658
200822659
200822660
201329682
201492051
202348477
203097296
203098505
203098508
203098510
203100141
203100142
203100143
203100144
203100145
203100146
203100147
203100149
203100151
203100153
203100154
203100155
203100157
203100159
203100162
203100165
203100169
203123072
203134288
203135619
203135620
203135621
203135622
203135651
203252799
203252800
203252801
203252803
203252804
203252805
203256823
203256824
203266896
203266903
203266904
203266906
203529487
203529502
203529508
203529529
203529532
203529536
203529541
203529549
203871071
203871072
203871074
203892109
203906344
203906346
203906347
203906348
203906349
203906350
203906351
203906352
203906353
203906354
203906355
203906356
203906357
203906359
203906360
203906361
203906362
203906363
203906364
203906365
203906366
203906367
203906368
203906369
203906370
203906371
203906372
203906375
203906377
203906380
203906382
203906386
203906388
203906390
203919746
203995317
203995319
203995320
204012484
204101755
204101757
204101758
204101760
204101764
204217502
204218990
204218993
204252687
204252688
204252689
204252690
204252691
204323590
204323591
204323592
204656440
204656451
204656456
204656457
204656482
204656483
204658069
204658070
204658071
204658072
204658073
204658074
204658075
204658076
204658077
204658078
204658079
204658080
204658081
204658082
204658083
204658084
204658085
204658086
204658087
204658088
204658089
204658090
204658091
204658092
204658093
204658094
204658095
204658096
204658097
204658098
204658099
204658100
204658101
204667170
204667171
204667172
204667175
204667187
204668292
204862249
204862250
204862251
204874237
204874238
204874239
204874240
204899360
204922094
204922095
204924591
204987164
204987165
204987166
204987167
204987168
204987169
204987170
205122310
205143911
205143913
205143917
205249073
205249075
205249076
205249077
205249078
205249080
205249081
205249082
205249083
205249084
205249085
205249087
205249088
205249090
205249091
205249092
205259179
205259180
205259181
205259182
205259183
205280151
205280153
205280155
205280161
205280162
205280164
205280166
205280168
205280171
205280173
205280178
205280182
205280183
205280184
205280185
205280186
205280187
205280189
205280191
205280192
205280194
205280195
205280196
205280197
205280198
205280199
205282078
205282079
205282080
205282081
205282082
205282083
205385637
205385638
205385639
205385640
205385641
205390634
205390636
205638088
205749545
205749546
205853965
205902268
205902269
205902271
205943198
205943199
205943200
205943203
205943204
205943205
205943206
205943207
205943208
205943209
205955950
205955952
205955953
205955954
205955956
205955958
205955960
205955961
205955962
205955963
205955979
205978831
205978832
206441103
206441104
206501398
206501399
206501401
206501402
206501403
206502025
206502026
206988985
206988986
206988987
206988988
206988989
206988990
206988991
206988992
206988993
207001030
207001032
207001034
207001035
207001037
207031415
207038544
207483773
207485170
207485171
207728417
207746657
207746661
207746662
207746664
207747798
207759404
207763933
207765157
207765158
207778510
207778511
207778512
207778513
207778514
207793172
207802024
207806414
207809034
207809035
207809848
207902893
207902894
207902895
207902896
207902897
207902898
207902899
207902900
208052605
208052606
208620479
208758457
208770443
208770451
208850838
208853998
208855991
209210804
209210805
209210806
209212728
209268514
209268515
209272083
209272084
209272085
209272086
209353766
209354588
209355096
209355572
209359405
209360437
209681497
209698975
209844371
210500557
210500558
211033548
211033611
211033613
211033623
211033625
211033645
211193389
211210460
211210461
211210462
211210468
211210471
211378945
211479044
211479045
211482599
211482602
211482607
211482610
211482612
211482615
211482617
211482619
211482621
211482623
211482625
211482627
211482628
211482629
211482630
211482631
211482633
211482635
211482637
211482639
211482641
211482643
211482649
211482651
211482653
211482655
211482657
211482660
211482662
211482664
211482667
211484523
211484524
211485422
211485423
211485424
211485425
211490266
211490267
211490268
211490269
211490270
211490274
211490275
211490276
211490278
211490279
211490280
211503268
211503270
211714781
211805113
211805114
211805116
211805119
211805123
211805126
211805142
211805143
212028676
212028677
212028678
212028679
212028680
212028682
212028684
212028685
212028687
212028688
214614117
214614118
214614471
214616246
214616248
214621382
214622055
216196516
216196518
216213918
216213919
216213920
216213921
216213922
216213923
216213924
216213925
216213926
216213927
216213928
216213929
216213930
216213931
216213932
216213933
216213934
216213935
216213936
216213937
216213938
216213939
216213940
216213941
216213942
216213943
216239612
216239613
217363701
217363702
217363703
217363704
217363705
217363706
217363707
217363708
217363709
217363710
217363711
217363712
217363713
217363714
217363715
217363716
217363717
217363718
217363719
217363720
217363721
217363722
217378899
217378900
217378903
217406319
217406320
217406321
217406322
217407497
217407498
217407499
217407500
217407501
217407502
217407503
217407504
217407505
217408951
217408952
217408953
217408954
217408955
217408956
217408957
217408958
217408959
217408960
217408961
217408962
217408963
217408964
217408965
217408966
217408967
217408968
217408969
217408970
217408971
217408972
217408973
217414923
217414924
217414925
217414926
217414927
217414929
217414932
217414933
217414935
217414936
217414939
217417045
217417046
217417047
217417563
217435179
217435180
217435181
217435182
217435183
217435184
217435795
217435796
217435797
218285677
218285678
218285679
218285680
218285684
218285695
218285697
218285702
218285704
218285705
218285708
218285709
218285711
218285712
219053083
219053084
219053085
219097131
219097133
219097135
219097137
219097138
219097139
219097140
219097141
219097142
219097143
219097144
219097145
219097146
219097147
219097148
219097149
219097150
219097151
219097152
219097153
219097154
219097155
219097157
219097158
219097159
219097160
219097161
219097162
219097164
219097165
219097166
219097167
219097168
219097169
219097170
219097171
219097172
219097173
219097174
219097175
219097176
219097177
219101578
219101579
219101580
219101581
219101582
219101583
219101584
219101585
219101586
219101587
219101588
219101589
219101590
219101591
219101594
219101596
219101598
219101600
219101602
219101604
219101605
219101606
219101608
219101610
219101612
219101615
219101617
219101619
219101621
219101624
219101626
219156827
219156828
219156829
219156830
219156831
219156832
219156833
219165377
219165378
219166386
219166669
219166670
219166671
219166995
219166996
219203387
219203390
219203391
219448942
219448955
219448961
219448965
219448994
219448997
219449003
219449025
219449042
219455740
219455741
219455742
219455743
219455744
219504465
219504466
219504467
219568041
219568045
219568046
219568047
219568049
219568050
219568052
219568054
219568055
219568056
219568057
219568058
219568060
219568062
219568063
219568064
219568065
219568066
219568067
219568068
219568069
219568070
219568071
219568072
219568073
219568074
219568075
219568076
219568077
219568078
219568079
219568080
219568081
219568082
219568083
219568084
219568085
219568086
219568087
219568088
219568089
219568090
219568091
219568092
219568093
219568094
219569572
219569574
219569576
219569578
219569580
219569582
219569584
219569586
219569588
219569590
219569591
219569593
219569595
219569597
219569599
219569600
219569603
219569605
219569607
219569609
219569611
219569615
219569618
219569621
219569625
219569627
219569630
219569633
219569636
219572470
219572471
219572472
219572473
219572474
219572475
219572476
219572477
219572478
219572479
219572480
219572481
219572482
219572483
219572484
219572485
219572486
219956339
219956340
219956341
219956342
219956343
219956344
219956345
219956346
219956347
219958733
219963020
219963021
219963023
219963024
219963025
219963026
219963027
219963028
219963029
219963031
220006641
220006642
220006644
220006646
220006648
220006649
220006651
220006653
220006656
220006658
220006660
220006662
220006663
220006664
220006665
220006666
220006667
220006668
220006669
220006670
220006671
220006672
220006674
220006675
220006676
220006677
220006678
220006679
220006680
220006681
220006682
220006683
220006684
220006685
220006686
220006687
220006688
220006689
220006690
220006691
220006692
220006693
220006694
220006695
220006696
220006697
220006698
220006699
220006700
220006701
220006702
220006703
220027132
220027135
220027136
220027137
220027138
220027139
220027140
220027141
220027142
220027143
220027144
220027145
220027146
220027147
220027148
220027149
220027150
220027151
220027152
220027153
220027154
220027155
220027156
220027157
220027158
220027159
220027162
220027163
220027165
220027167
220027168
220027170
220027171
220027172
220027173
220027174
220027175
220027176
220328129
220455620
220799762
220799763
220799764
221070338
221070339
221070340
221103448
221103449
221663850
222667673
222667674
222667676
222667677
222667678
222667679
222667680
222667681
222667682
222667683
222667684
222667686
222667687
222667688
222667690
222667691
222667693
222667696
222667697
222667699
222667700
222667701
222667703
222667704
222667705
222667706
222667707
222667996
222748951
222748952
222748955
222748956
222748957
222748958
222748959
222748961
222748962
222748963
222757744
222757748
222757750
222757756
222757759
222757766
222757769
222757771
222757783
222757785
222758999
222759000
222759001
222759002
222759003
222759004
222759005
222759327
222759328
222797409
222797410
223181195
223181196
223181197
223451030
223451031
223725974
223726608
223726609
223726829
223729994
223730314
223730770
223732717
223732718
223732720
223732721
223732724
223732725
223732727
223732729
223732730
223745420
223750541
223757602
223757603
223757604
223757605
223861781
223863226
223863324
223863454
223863761
223994354
223994355
223994356
223994357
223994358
223994359
223994360
223994361
223994362
223994363
223994364
223994365
224010564
224010565
224011038
224102735
224102736
224102737
224102738
224102740
224102741
224102742
224102743
224102744
224102745
224118933
224118934
224118936
224118937
224118938
224129729
224129730
224129731
224129732
224129733
224129734
224129735
224129736
224129737
224129740
224129741
224246765
224246766
224247388
224247389
224247390
224247391
224247392
224678087
224678088
224678089
224678090
224678091
224678092
224678093
224678094
224678095
224678096
224678097
224756517
224756522
224756527
224768420
224773431
226406636
227556595
227556596
227556597
227556598
227556599
227556600
227556601
227556602
227556603
227556604
227556605
227556606
227556607
227557240
227557241
227557242
227579968
227582723
227933113
227933114
227933115
227933116
227933117
227933118
227933119
227933120
227933121
227933122
227933123
227933124
227933125
227933126
227933127
227933128
227933129
227933130
227933131
227933132
227933133
227933134
227933135
227933136
227933137
227933138
227933139
227933140
227933141
227933142
227933143
227933144
227933145
227933146
227933147
227933148
227933149
227939792
227939793
227939794
227939795
227939796
227939797
227939798
227939799
228000520
228000525
228000575
228063205
228063207
228063209
228063211
228063213
228063215
228449839
228449841
230683403
230683404
230683405
231910518
231910519
231910520
231910521
231910522
232018982
232018983
232018984
232018985
232127336
232127338
232127340
232127342
232127343
232127344
232127346
232127347
232127348
232127350
232127351
232127352
232127354
232746872
233478693
233478694
233501056
233501059
233501060
233501063
233501064
233501065
233501066
233501067
233501068
233501069
233964483
233964488
233964489
233964490
234787288
234787290
234787291
234787292
234787294
234787295
234787296
234787297
234787299
234787300
234787302
234787303
234787305
234787306
234787307
234787308
234787309
234787311
234787312
234787313
234787314
234787315
234787316
234787317
234787318
234787319
234787320
234787321
234992275
234993934
234993937
234993938
234993939
234993940
235113162
235113163
235113164
235113165
235113166
235113167
235113168
235113169
235113170
235113171
235113172
235113173
235113174
235113175
235113176
235113177
235113178
235113179
235113180
235113181
235113182
235113183
235113184
235113185
235113186
235113187
235113189
235113191
235113193
235113195
235113197
235113199
235113200
235113202
235113203
235113204
235113205
235113206
235113207
235113208
235113209
235113210
235113211
235113212
235113213
235113214
235113215
235113216
235113217
235113218
235113219
235113220
235113221
235113222
235113223
235113224
235113225
235113226
235113227
235113228
235113229
235113230
235113231
235113232
235113233
235113234
235113235
235113236
235113237
235113238
235113239
235113241
235113243
235113244
235113247
235113249
235113251
235113253
235113254
235113255
235113257
235113258
235113259
235113261
235113263
235113264
235113265
235113267
235113268
235113269
235113270
235113271
235113272
235113273
235113274
235113275
235120861
235120862
235120863
235120865
235120866
235120867
235120868
235120869
235120870
235120871
235120872
235120873
235120874
235120875
235120877
235120879
235120882
235120884
235120886
235120888
235120890
235120891
235120892
235120893
235120894
235120895
235120896
235120897
235120898
235120899
235120900
235120901
235120902
235120903
235120904
235120905
235120906
235120907
235120908
235120909
235120910
235120911
235120912
235120913
235120914
235120915
235120916
235120917
235120918
235120919
235120920
235120921
235120922
235120923
235120924
235120925
235120926
235120927
235120928
235120929
235120930
235120931
235120932
235120933
235162555
235162556
235162558
235164561
235164562
235164563
235164564
235164565
235164566
235164567
235164568
235164569
235164570
235164571
235164572
235164573
235164574
235164575
235164576
235164577
235164578
235164579
235164580
235164581
235164582
235164583
235164584
235164585
235164586
235164587
235164588
235164589
235164590
235164591
235164592
235164593
235164594
235164595
235164596
235164597
235164598
235164599
235164600
235164601
235164602
235164603
235164604
235164605
235164606
235164607
235164608
235164609
235164610
235164611
235164612
235165806
235165807
235165808
235165809
235165810
235165811
235165812
235165813
235165814
235165815
235165816
235165817
235165818
235165819
235165820
235165821
235165822
235165823
235165824
235165825
235165826
235165827
235165828
235165829
235165830
235165831
235165832
235165833
235165834
235165835
235165836
235231993
235231994
235231995
235231996
235231997
235231998
235231999
235232000
235232001
235232002
235232003
235232004
235232005
235232006
235232007
235232008
235232009
235232010
235232011
235232012
235232013
235232014
235232015
235232016
235232017
235232018
235232019
235232020
235232021
235232022
235232023
235232024
235232025
235232026
235232027
235232028
235232029
235232030
235232031
235232032
235232033
235232034
235232035
235232036
235232037
235232038
235232039
235232040
235232041
235232042
235232043
235232044
235232045
235232046
235232047
235232048
235232049
235232050
235232051
235232052
235232053
235232054
235232055
235232056
235322303
235322304
235322305
235322306
235322307
235322308
235322309
235322310
235322311
235322312
235322313
235322314
235322315
235322316
235322317
235322318
235322319
235322320
235322321
235322322
235322323
235322324
235322325
235322326
235322327
235322328
235322329
235322330
235322331
235322332
235322333
235322334
235322335
235322336
235322337
235322338
235322339
235322340
235322341
235322342
235322343
235322344
235322345
235322346
235322347
235322348
235322349
235322350
235322351
235322352
235322353
235322354
235322355
235322356
235322358
235322359
235322361
235322362
235322364
235322367
235322369
235322370
235322371
235322372
235322373
235322374
235322375
235322376
235322377
235322378
235322380
235322381
235322383
235322384
235322386
235322387
235323271
235323272
235323273
235323274
235323275
235323276
235323277
235323278
235323279
235323280
235323281
235323282
235323283
235323284
235323285
235323286
235323287
235323289
235323290
235323291
235323292
235323293
235323294
235323295
235323296
235323297
235323298
235326295
235326298
235326299
235326300
235326302
235326304
235326306
235326309
235326310
235326311
235326312
235326313
235326314
235326315
235326316
235326317
235326318
235326319
235326320
235326321
235326322
235326323
235326324
235326325
235326326
235326327
235326328
235326329
235326330
235326331
235326332
235326333
235326334
235326335
235326336
235326337
235326338
235326339
235326340
235326341
235326342
235326343
235326344
235326345
235326346
235326347
235326348
235326349
235326350
235326351
235326352
235326353
235326354
235326355
235326356
235326357
235326358
235326359
235326360
235326361
235328563
235328564
235328565
235328566
235328567
235328568
235328569
235328570
235328571
235328572
235328573
235328574
235328575
235328576
235328577
235328578
235328579
235328580
235328581
235328582
235328583
235328584
235328585
235328586
235328587
235328588
235328589
235328590
235328591
235328592
235328593
235328594
235328595
235328597
235328598
235328599
235328600
235328601
235328602
235438615
235438618
236322154
236322155
236322156
236322157
236531873
236531874
236531875
236531876
236531877
236531878
236531879
236531880
236531881
236531882
236531883
236531884
236531885
236531886
236532490
236532492
236532494
236532496
236532497
236532499
236532501
236532503
236532504
236532505
236532506
236532508
236532510
236532512
236532514
236532515
236532517
236532519
236532520
236532522
236532524
236532525
236532527
236533109
236533111
236533112
236533113
236533114
236533115
236533116
236533117
236533118
236533119
236533120
236533121
236533122
236534453
236534454
236534455
236534456
236534457
236534458
236534459
236534460
236534461
236534462
236534463
236534464
236534465
236534466
236534467
236534468
236534469
236534990
236534991
236534992
236534993
236534994
236534995
236534996
236534997
236534998
236534999
236535000
236535001
236535002
236535003
236535004
236535005
236535006
236535007
236535008
236535158
236535159
236535160
236535161
236535162
236535163
236535164
236535165
236535166
236535167
236535168
236535169
236535170
236535640
236535641
236535643
236535645
236783284
236783285
236783286
236783287
236783288
236783289
236783290
236783291
236783292
236783293
236783294
236783295
236783296
236783297
236783298
236783299
236783300
236783301
236783302
236783303
236783304
236783305
236783306
236783307
236783308
236783309
236783310
236783311
236783312
236783313
236783314
236783315
236783316
236783317
236783318
236783319
236783320
236783321
236783322
236783323
236783324
236783325
236783326
236783327
236783328
236786632
236786633
236786634
236786635
236786636
236786637
236786638
236786639
236786640
236786641
236786642
236786643
236786644
236786646
236786648
236786649
236786650
236786651
236786652
236786653
236786654
236786655
236786656
236786657
236786658
236786659
236786660
236786661
236786662
236786663
236786664
236786665
236786666
236786667
236786668
236786669
236786670
236786671
236786672
236786673
236786674
236786675
236786676
236786677
236786678
236786679
236786680
236786681
236786682
236786683
236786684
236786685
236786686
236786687
236786688
236786689
236786690
236786691
236789118
236789119
236789120
236789121
236789122
236789123
236789124
236789125
236789126
236789127
236789128
236789129
236789130
236789131
236789132
236789133
236789134
236789135
236789136
236789137
236789138
236789139
236789998
236789999
236790000
236790001
236790002
236790003
236790004
236790005
236790006
236790007
236790008
236790009
236790010
236790011
236790012
236790013
236790014
236790015
236790016
236790017
236790018
236790019
236790020
236790021
236790022
236790023
236790024
236790025
236790026
236790027
236790028
236790029
236790030
236790031
236790032
236790033
236790034
236790035
236790036
236790037
236790038
236790039
236791239
236791240
236791241
236791242
236791243
236791244
236791245
236791246
236791247
236791248
236791249
236791250
236791251
236791252
236791253
236791254
236791255
236791256
236791257
236791258
236791259
236791260
236791261
236791262
236791263
236791264
236791265
236791266
236791267
236791268
236791269
236791270
236791271
236791272
236791273
236791274
236791275
236791276
236791277
236791278
236791279
236791280
236874076
236874077
236874078
236874079
236874080
236874081
236874082
236874083
236874084
236874085
236874086
236874087
236874088
236874090
236874092
236874093
236874094
236874095
236874096
236874097
236874098
236874099
236874100
236874101
236874102
236874103
236874104
236874105
236874106
236874107
236874108
236874109
236874110
236874111
236874112
236874113
236874114
236874115
236874116
236874117
236874118
236874119
236874120
236874121
236874122
236874123
236874124
236874125
236874126
236874127
236876592
236876593
236876595
236876596
236876597
236876598
236876599
236876600
236876601
236876602
236876603
236876604
236876605
236876606
236876607
236876608
236876609
236876610
236876611
236876612
236876613
236876614
236876615
236876616
236876617
236876618
236876619
236876620
236876621
236878266
236878267
236878269
236882127
236882128
236882129
236882130
236882131
236882132
236882133
236882134
236882135
236882136
236882137
236882138
236882139
236882140
236882141
236882142
237104535
237104536
237104537
237159389
237159390
237159391
237159392
237159393
237159394
237159395
237159396
237367862
237367863
237367864
237367865
237367866
237367867
237368472
237368473
237368474
237368475
237368476
237369651
237369652
237369653
237369654
237369655
237369958
237369961
237371223
237371226
237371229
237372176
237372177
237372178
237372179
237372180
237372181
237372182
237372836
237372837
237372838
237372839
237372840
237372841
237372865
237881175
237881176
237881177
237881178
237881179
237881180
237947339
237947341
237947342
237947344
237947346
237947347
237947350
237947351
237947353
237947354
237947355
237947358
237947359
237947360
237947361
237947363
237947364
237947365
237947367
237947369
237947372
237947375
237947376
237947378
237947380
237947382
237947383
237965263
237966238
237966239
237968962
237968964
237968966
237968967
237973102
237973103
237973104
237973105
237973106
237973107
237973547
237973549
237973550
237973551
238382410
238382411
238382412
238382413
239134240
239134287
241102652
241102660
241102662
241494630
242361009
242361010
242361011
242361012
242361013
242361014
242361015
242361016
242366120
242366121
242636238
242636239
242636240
243153627
243153629
243331527
243331530
243331532
243331538
243331540
243331542
243331544
243331545
243446190
243446192
243446193
243446194
243446195
243446196
243446197
243465686
243465690
243465694
243465695
243465696
243465697
243465698
243465699
243465700
243465701
243465703
243465704
243465706
243465707
243465708
243465709
243465710
243465711
243465712
243465713
243465714
243465715
243465716
243465717
243465718
243465719
243570007
243570008
243570009
243570010
243570011
243570012
243570013
243570014
243570015
243570016
243570017
243570018
243570019
243570020
243570021
243570022
243570023
243570024
243570025
243570026
243570027
243576639
243576641
243576642
243576643
243576644
243576647
243576648
243576649
243576651
243576652
243576655
243576659
243576661
243576662
243576665
243576672
243576677
243576678
243576679
243576680
243576682
243576684
243576685
243576686
243576687
243576688
243621984
243666330
243666331
243666332
243666333
243666680
243666681
243667306
243667647
243667648
243667649
243667650
243667651
243667652
243667653
243667654
243668119
243668120
243668121
243669009
243669010
243669011
243669012
243670766
243670767
243670768
243671393
243671394
243671395
243671396
243671397
243671398
243671399
243671400
243671401
243671402
243671403
243671404
243672767
243672768
243672769
243672770
243860007
243860008
243860009
243860010
243860011
243968681
243968682
243968683
243968684
243968685
243968686
243968687
243968688
244050681
244050683
244050684
244050685
244050686
244050687
244050688
244053115
244053116
244053117
244053118
244053119
244053120
244053121
244054278
244054279
244054280
244054281
244059339
244059341
244059342
244059343
244059344
244059345
244059346
244059347
244059348
244059349
244059350
244059351
244059352
244059353
244059354
244059355
244059356
244059357
244059358
244059359
244059360
244059361
244059362
244059363
244059364
244059365
244059366
244059367
244059368
244059369
244059370
244059371
244059372
244059373
244059374
244059375
244059376
244059378
244059380
244059381
244059382
244059383
244059384
244059385
244059386
244059387
244059388
244059389
244059390
244059391
244059392
244059393
244109280
244109281
244109282
244109283
244109284
244109285
244109286
244109287
244109288
244109289
244109290
244109291
244109292
244109293
244109294
244109295
244109296
244109297
244109298
244109299
244109300
244109301
244109302
244109303
244109304
244109305
244109306
244109307
244109308
244109309
244109310
244109311
244109312
244109313
244109314
244109315
244109316
244109317
244109318
244109319
244109320
244109321
244109322
244109323
244109324
244109325
244109326
244109327
244128370
244155589
244155590
244155597
244155598
244155599
244155601
244155603
244155604
244155605
244155606
244155607
244155609
244159369
244159375
244159380
244159384
244159392
244159394
244159399
244159401
244159403
244524546
244524547
244524548
244524549
244524550
244524551
244524552
244524553
244526373
244526374
244526375
244526376
244526377
244529470
244597887
244597888
244597894
244597904
244614086
247023978
247023979
247023983
247023994
247024284
247024285
247024286
247024287
247024288
247024289
247024290
247024291
247024292
247024293
247963485
247963488
249007184
249007185
249007186
249007187
249010045
249177425
249177968
249178256
250375134
251658005
251658317
251658569
255461986
255461987
255461988
255461989
261937997
261940532
261941512
261941567
261941655
261941713
261942794
264869019
265512335
266185582
266185587
267832046
267836300
268334010
268334011
268334012
268334013
268334014
268334016
268336166
269087986
270467607
270764248
270764381
270764382
270764383
270764384
270764385
270764386
271436999
272381652
272381653
272381654
272381655
272381656
272381657
272381658
272381659
272381661
272381663
272381665
272382888
275267016
275267018
275267019
275267020
275526984
275526988
275535071
275544429
275544432
275545489
275550038
275553942
275553944
275553945
275553946
275553947
275553948
275553949
275553951
275566009
275566010
275566011
275566012
275566421
275577774
275577776
275577778
275577780
275577783
275577785
275577786
275580834
275580837
275580839
275580844
275580846
275580849
275580851
275580853
275580854
275580855
275580856
275580857
275585100
275585101
275585390
275585391
275585392
275605999
275606647
275606653
275654586
275656485
275656487
275659547
275659548
275659549
275659550
275659551
275659787
275659788
275660284
275660285
275660286
275660287
275666298
275666299
275666300
275666301
275666302
275666303
275666305
275666617
275996272
275996286
275996287
276296806
276327378
276332703
276332732
276336370
276843602
277014174
277014175
277014176
277014178
277014179
278719288
278719299
278719313
279591807
279591808
279591809
279591810
279591811
279591812
279592628
280160282
280170784
280337412
280337414
280337415
280337419
280337421
280337423
280337425
280337428
280337430
280337432
280337434
280337436
280337438
280337439
280374921
280374922
280434602
280434878
280434879
280543442
280543443
280543444
280543445
280543446
280543447
280543448
280543449
280543450
280543451
280543452
280543453
280543454
280543455
280543456
280543457
280543458
280543459
280543460
280543461
280543462
280543463
280543464
280543465
280543466
280543468
280543469
280565180
280565183
280565184
280565187
280565189
280565190
280565193
280565199
280795520
280795521
280795522
280795523
280795524
282930066
282936768
282937773
288278196
288770015
289393329
289393330
289393331
289393332
289393333
289393334
289401903
289401904
289401905
292353414
292353415
292360549
292360550
292360551
292360552
292360553
292360554
292360555
292360556
292373998
292373999
292425748
292425749
292425750
292425751
292425752
292425753
292591738
292591739
292591740
292591741
292591746
292591749
292591752
292591756
292591758
292591760
292591763
292591765
292591767
292591769
292591771
292591773
292591774
292591775
292591776
292591777
293125578
293125580
293125581
293125582
293125583
293125584
293125585
293125586
293125587
293125588
293125589
293125590
293125591
293125592
293125593
293125594
293284602
293284603
293284604
293284605
293284606
293961622
294839543
298627506
298627628
298627668
298627722
298647960
298647961
298647964
298647965
298647967
298647968
298647969
298647970
298670145
298670151
298670153
298670154
298670156
298670157
298670159
298670160
298670162
298670163
298670164
298670165
298670166
298670167
298670168
298670169
298670170
298670171
298670173
298670174
298670175
298670180
298670182
298670785
299828649
299828650
299828651
299828652
299828653
299828654
299828655
299828656
299828657
299828658
299828659
299828660
299828661
299828662
299828663
299828664
299828665
299828666
299828667
299828668
299828669
299828670
299828671
299828672
299828674
299828675
299828676
299828677
299828678
299828679
299828680
299828681
299828682
299828683
299828684
299828685
299828686
299828687
299828688
299828689
299828690
299828691
299828692
299828694
299828695
299828696
300353129
300353131
300353133
300353134
300353135
300353136
300353137
300353138
300353139
300353140
300353141
300377901
300377902
300377903
300377904
300377905
300377906
300377907
300377908
300383235
300383237
300722410
300722411
300722412
300722413
300722414
300722415
300722416
300722417
300722418
300722419
300722420
300722421
300722422
300722423
300722424
300722425
300722426
300722427
300722428
300722429
300722430
300722431
300722432
300722433
300722435
300722436
300722437
300827721
300827722
300827723
300827724
300827725
300827726
300827727
300827728
300827729
300827730
300827731
300827732
300827733
300827734
300827735
300827736
300827737
300827738
300827739
300827740
300827741
300827742
300827743
300827744
300827745
300827746
300827747
300827748
300827749
300827750
300827751
300827752
300827753
300827754
300827755
300827758
300944204
300947052
300947288
300947810
300947891
300947981
300948440
300949181
300949231
300949556
300950334
300950608
300951869
300951870
300951871
300951872
300952290
300965311
300965312
300965313
300965314
300965315
300965316
300965317
300965318
300965319
300965320
300965321
300965322
300965323
300965324
300965325
300965326
300965327
300965328
300965329
300965331
300965332
300965333
301782652
301784028
301785367
301785513
301785598
301786071
301786628
301787494
301787539
303079604
303079605
303079606
303079607
303111027
303111028
303111029
303111030
303111031
303856551
303856553
304080334
305066988
305066989
305066990
305066991
305066992
305066993
305066995
305066996
305066997
306165629
306165630
307050414
307131940
307367856
307367857
307367858
308116270
308664374
309569377
309569378
309569379
309569380
309569381
309569382
309569383
309569384
309569385
309569386
309569387
309569388
309569389
309569390
309569391
309569392
309569393
309569394
309569395
309569396
309569397
309569398
309569400
309569401
309569402
309569403
309569404
309569405
309569406
309569407
309569408
309569409
309569411
309569412
309569414
309569416
309569417
309569418
309569419
309569420
309569421
309569422
309569423
309569424
309569425
309983783
309983784
309983785
309983786
309983787
309983788
309983789
309983790
309983791
309983792
309983793
309983794
311081528
311081529
311081530
311081531
311323246
312918126
312918127
312918128
312918129
312921699
314101569
314101570
314101571
314101572
314101573
314101574
314101575
314101576
314101578
314101580
314101581
314101582
314101583
314101584
314101585
314101586
316317226
317439473
320396865
320396867
320396870
320396872
320396875
320396877
320396880
320396882
320396884
320396887
320396889
320396890
320396891
320396894
320396900
320396903
320396905
320396908
320396910
320396913
320396916
320396918
320396919
320396920
320396923
320396925
320396927
320396932
320396934
320396936
320396939
320396942
320396944
320396946
320396948
320396950
320396954
320396957
320396959
320396962
320396964
320396970
320396972
320396974
320396975
320396977
320396980
320396982
320396985
320396987
320396990
320396992
320396995
320396998
320397000
320397003
320397006
320397008
320397011
320397013
320397017
320397019
320397022
320397024
320397027
320397029
320397030
320397035
320397037
320397039
320397042
320397044
320397047
320397050
320397052
320397054
320397056
320397057
320397058
320397061
320397066
320397069
320397071
320397073
320397076
320857348
320857349
320857350
320857351
320857352
320857353
320857354
320857355
320857356
320857357
320857358
320857359
320857360
320857361
320857362
320857363
320857364
320857365
320857366
320857367
320857369
320857370
320858432
320858433
320858434
320858435
320858436
320858437
320858438
320858439
320858440
320858441
320858442
320858443
320858444
320858445
321513487
321513488
321513489
321513490
321513491
321513492
321513493
321513494
321513495
321513496
321513497
321513498
321513499
321513500
321513501
321513502
321513503
321513504
321513505
321513506
321513507
321513508
321513509
321513510
321513511
321513512
321513513
321513514
321513515
321513516
321515689
321515690
321515691
321515692
321515693
321515694
321515695
321515696
321515697
321515698
321515699
321515700
321515701
321515702
321515703
321515704
321515705
321515706
321515707
321515708
321515709
321515710
321515711
321515712
321515713
321515714
321515715
321515716
321515717
321515718
321521366
321521367
321521368
321521369
321521370
321521371
321521372
321521373
321521374
321521375
321521376
321521377
321521378
321521379
321521380
321521381
321521382
321521383
321521384
321521385
321521386
321521387
321523440
321523441
321523442
321523443
321523444
321523445
321523446
321523447
321523448
321523449
321523450
321523452
321523454
321523455
321523456
321523457
321523458
321523459
321523460
321523461
321523462
321523463
321533080
321533081
321533082
321533083
321533084
321533085
321533086
321533087
321533088
321533089
321533090
321533091
321533092
321533093
321533094
321533095
321533096
321533097
321533098
321533099
321533100
321533101
321533103
321533104
321533105
321533106
321533108
321533109
321533110
321533111
321533112
321533113
321533114
321533115
321533116
321533117
321534055
321534056
321534057
321534058
321534059
321534060
321534061
321534062
321534063
321534064
321534065
321534066
321534067
321534068
321534069
321534070
321534071
321534072
321534073
321534074
321534075
321534076
321537246
321537248
321537250
321537252
321537253
321537255
321537256
321537258
321537261
321537263
321537265
321537266
321537267
321537269
321537271
321537272
321537274
321537275
321537276
321537278
321537279
321537280
321537281
321537282
321537283
321537284
321537285
321537286
321537287
321537289
321537290
321537291
321537292
321537293
321537294
321537295
321537296
321537297
321537298
321537299
321537300
321537301
321537302
321537303
321537304
321537305
321537306
321537307
321537308
321537310
321537312
321537313
321537315
321537316
321537317
321537319
321540208
321540209
321540210
321540211
321540212
321540213
321540214
321540215
321540216
321540217
321540218
321540219
321540220
321540221
321540222
321540223
321540224
321540225
321540226
321540227
321540228
321540229
321540230
321540231
321540232
321540233
321540234
321540235
321540236
321540237
321540238
321540239
321540240
321540241
321540242
321540243
321540244
321540245
321546491
321546492
321546493
321546494
321546495
321546497
321546498
321546499
321546500
321546501
321546502
321546503
321546504
321546505
321546506
321546508
321546509
321546510
321546511
321546512
321546513
321546514
321546515
321546516
321546517
321546519
321546520
321546521
321546522
321546523
321546524
321546525
321546526
321546527
321546528
321546529
321546530
321546531
321546532
321546533
321546534
321546535
321546536
321546537
321546538
321546539
321546540
321546541
321546542
322746175
327779912
327779913
327779914
327779915
327779916
327779917
327787010
327787011
327811584
329481799
329494153
329494155
330205677
330401797
330401798
330402070
330770160
330770161
330770162
330820283
330820285
331111916
331405282
331405283
331405284
331405287
331405288
331737880
332538825
332538826
332538827
332538828
332542202
335310265
335310299
335361710
335362019
335362458
335362544
335363227
335364325
335530886
335531071
335531157
335531158
335531213
335531335
335531359
335531435
335531449
335531459
335531553
335531586
335531587
335531666
335531667
335531668
335531669
335531670
336730434
336730435
338044939
338044940
338455669
341054446
341054447
343720995
345596368
345797249
345797254
345797263
345797267
345797269
345797271
345797273
345799918
345799919
345799920
345799921
345799923
345799924
345905785
347646705
347652907
347652916
349653218
349653221
349653223
349653226
349653229
349653230
349653232
349653234
349653235
349653239
349656637
349656639
349893387
350191058
350444801
350444802
350444804
350983615
351214098
352093419
352093421
352105835
352105836
352105837
352105839
352105840
354837081
354837088
354837092
354959473
355110286
355482035
355482036
355482037
355568089
356836357
356950536
356950537
356950538
356951689
356951690
356951692
358304353
360055456
360055457
360055458
360055459
360055460
360055461
360055462
360055463
360055464
360055465
360055466
360055467
360055468
360055469
360055470
360055471
360055472
362414677
362414678
362414680
362414683
362414684
362414685
362414686
362414687
362414688
362414689
362414690
362414691
362414692
362414693
362414694
362414695
363048955
363327655
363327656
363327657
363327658
363333223
363333224
363333225
363333226
363333227
363333229
363336106
363336107
363336108
363598687
366034206
366034207
366034208
366034209
366034210
366034211
366034212
366034213
366034214
366034215
366034216
366034217
366034218
366034219
369714629
369714631
369715046
371483386
371483387
371483388
371483389
371581578
371581579
371742817
371742818
371742820
371742821
371742822
371742823
371742824
371878384
371878387
373875938
373893633
373893635
373893636
373893637
373893638
373893639
373893646
373893659
373893664
373893666
373901406
373901407
373901408
373907100
373907122
373907124
373907126
373907132
373907134
373913028
373913029
373913030
373913031
373913032
373913033
373913034
373913035
373913036
373913037
373913038
373913039
373913040
373913041
373913042
373913043
373913046
373913047
373913049
373913052
374010494
375364064
375364065
375364066
375364067
375364071
375364072
375364074
375364084
375795280
375795284
375795287
375795292
375795294
375795295
375795297
375795298
375795299
375795300
375797269
375797271
375797274
375797276
375797278
375797280
375805349
377218070
377218071
377218072
377218073
377218074
377218075
377218076
377218077
377218078
377218079
377218080
377218082
377218083
377218084
378959718
378959719
378959720
378959721
378959723
378960810
378960811
378960813
380092726
380092727
380097010
380097011
380097012
380103312
380103314
380103323
380103324
380103325
380103326
380103327
380103328
380103329
380103330
380103331
380558047
380591331
380592131
380599620
380599623
381238994
381274616
381274617
384570897
384570898
384570899
384570900
384570901
384570902
384570903
384574852
385718922
385730496
386163291
386163297
386163298
386163299
386163304
386163308
386163310
386163311
386163576
386163577
386163578
386163579
386163580
386163581
386163582
386163583
386163584
386163585
386163586
386163587
386163588
386165463
387054200
387054203
387054204
387054205
387054206
387054207
387054208
387054209
387054210
387054211
387054212
387054213
387054214
387054215
387054216
387054217
387054218
387054219
387054220
387054221
387054222
387054223
387054224
387054225
387054226
387054227
387054228
387054229
387054230
387054231
387054232
387054233
387054234
387054235
387054236
387054237
387054238
387054239
387054240
387054241
387054242
387414943
389069881
389069882
389069883
389069884
389069885
389069886
389069888
389069889
389069890
389117672
389121606
389121607
389121608
389121609
389121610
389121611
389121612
389199075
389199078
389199080
389199082
389199084
389199086
389199088
389199090
389199092
389199094
389199096
389199098
389199099
389199101
389199103
389294607
389307110
389307111
392458785
393260057
396262266
397493250
397493251
397493252
397493253
397493254
397493255
397493256
397832874
397834292
398414407
399628924
400033552
400324414
400324415
400324417
400324418
400582275
400582276
400582277
400582278
400582279
400582280
400582281
400582282
400582283
400582284
400582285
400582286
400582287
400582288
400582289
400582290
400582291
400582292
400582293
400582294
400582295
400582296
400582297
400582298
400582299
400582300
400582301
400582302
400582303
400582304
400582305
400582308
400582310
400582313
400582314
400582315
400582316
400582317
400813255
400813256
400813257
402980730
402980731
402980732
403540475
403540476
403540477
403540478
403540479
403540480
403540481
403540482
403540483
403540484
403540485
403540486
403540487
403540488
403540490
403540491
403540492
403540493
403540494
403540495
403540496
403540497
403540498
403540499
403540500
403540501
403540502
403540503
403540504
403540505
403540506
403540507
403540508
403540509
403540510
403540511
403749810
403749811
403749812
403749813
403749814
403749815
403749816
404731336
404731337
404731338
404731339
404731340
404731341
404731342
404731343
404731344
404731345
404731346
404731347
404731348
404731349
404731350
404731351
404731352
404731353
404731354
404731355
404731356
407518873
407997543
408003160
411131868
411838154
411838156
411845461
411845462
411845464
411845466
411845467
411845469
411845470
411845472
411845473
411845475
411845476
411845477
411845478
411845479
411848275
411848276
412169389
412169393
412169397
412169401
412169405
412169410
412169415
412169419
412169424
412169429
412169434
412169440
412169444
412169449
412169455
412176408
412176409
412176410
412176411
412176412
412176413
412176414
412176417
412176420
412176423
412176424
412176427
412176429
412176432
412176435
412176438
412176441
412176444
412176447
412176448
412176449
412176450
412176451
412176452
412176453
412176454
414482800
414482805
414482817
414482826
414482827
414482828
414482837
414482842
414482849
414482852
420070143
421870990
421870992
421870998
421871000
421874551
421874553
421874555
421874557
421874560
421874561
421874563
421874565
421874567
421874568
421874570
421874572
421874574
421874576
421874577
421878944
421878945
421878946
421878947
421880845
421882308
421887849
421887850
421887852
421887853
421887854
421887855
421887856
421887857
421887858
421887860
421887861
421887862
421887864
421887865
421887866
421889388
421889389
421889390
422722849
422722850
422722851
422722852
422722853
422722854
422722856
422722857
422722858
424761292
426104081
426104381
426104382
426104383
426105338
426105339
426105340
426105341
426105342
426112849
426112850
426112851
426112852
426112853
426112854
426112855
426112856
426112857
426112858
426112859
426112860
426112861
426112862
426112863
426112864
426112865
426112866
426112867
426112868
426112869
426112870
426112871
426112872
426112873
426112874
426112875
426112876
426112877
426112878
426112879
426112880
426114922
426114923
426114924
426114925
426114926
426114927
426114928
426114929
426116587
426116589
426116591
426116593
426116595
426116598
426118321
426118322
426118324
432592871
432592872
432592873
432592874
432592875
432592876
432592877
432592878
435713266
435713796
436009973
436009975
436009976
436009978
436009979
436009980
436009981
438544043
438544576
438750337
438750338
438750339
438750484
438755110
438755111
438862899
439007986
439007988
439007989
439473048
439473049
439473050
439473051
442187931
442495985
442495988
442495990
442495993
442495996
442495997
442495998
442495999
442496000
442496001
442496002
442496003
442496004
442496005
442496006
442496007
442496008
442496009
442496010
442496011
442496012
442496013
442496014
442496015
442496016
442496017
442496018
442496019
442496020
442496021
442496022
442496023
442496024
442496025
442496026
442496027
442496028
442496029
442496030
442496031
442496032
442496033
442496034
442496035
442496036
442496037
442496038
442496039
442496040
442496041
442496042
442496043
442496044
442496045
442496046
442496047
442496048
442496049
442496050
442496051
442496052
442496053
442496054
442496055
442496056
442496057
442496058
442496059
442496060
442496061
442496062
442497245
442497246
442497247
442497248
442497249
442497250
442497251
442497252
442497253
442497254
442497255
442497256
442497257
442497258
442497259
442497260
442497261
442497262
442497263
442497264
442497265
442497266
442497267
442497717
442497718
442497719
442497720
442500164
442500165
442500166
442500167
442500168
442500169
442500170
442500171
442500172
442500173
442500174
442500175
442500176
442500177
442500178
442500179
442500180
442501016
442501017
442501019
442501020
442501021
442501023
442501024
442501025
442501027
442501029
442501030
442501032
442501033
442501034
442501035
442501037
442501038
442501039
442501041
442501042
442501043
442501045
442501604
442501605
442501606
442501607
442501608
442502676
442502677
442502678
442502679
442502680
442502681
442502682
442502683
442502684
442502685
442502686
442502687
442502688
442502689
442502690
442502691
442502692
442502693
442502694
442502695
442502696
442502697
442502698
442502699
442502700
442502701
442502702
442502703
442502704
442502705
442502706
442502707
442502708
442502709
442502710
442502711
442502712
442502713
442502714
442502715
442502716
442502717
442502718
442502719
442502720
442502721
442502722
442502723
442502724
442558341
442558342
442558343
442558344
442558345
442558346
442558347
442558348
442558349
442558350
442558351
442558352
442558353
442558354
442558355
442558356
442558357
442558358
442558359
442558360
442558361
442558362
442558363
442558364
442558365
442558366
442558367
442558368
442558369
442558370
442558371
442558372
442558373
442558374
442558375
442558376
442558377
442558378
442558379
442558380
442558381
442558382
442558383
442558384
442558385
442558386
442558387
442558388
442558389
442558390
442558391
442558392
442558393
442558394
442558395
442558396
442558397
442558398
442558399
442558400
442558401
442558402
442558403
442558404
442558405
442558406
442558407
442558408
442558409
442558410
442558411
442558412
442558413
442558414
442558415
442558416
442558417
442558418
442558419
442558420
442558421
442558422
442558423
442558424
442558425
442558426
442558427
442558428
442558429
442558430
442558431
442558432
442558434
442558435
442558436
442561811
442561812
442561813
442572862
442574729
442574730
442574731
442574732
442574733
442574734
442574735
442745957
442745958
442745959
442745960
442745961
442745962
442745963
442745964
442745965
442745966
442745967
442745968
442745969
442745970
442745971
442745972
442745973
442745974
442745975
442745976
442745977
442745978
442745979
442745980
442745981
442745982
442745983
442745984
442745985
442745986
442745987
442745988
442745989
442745990
442745991
442745992
442745993
442745995
442745997
442745999
442746001
442746142
442746143
442746144
442746145
442746146
442746147
442746148
442746149
443363961
443363962
443363963
443363964
443363965
443363966
443363967
443363968
443363969
443363970
443363971
443363972
443363973
443363974
443363975
443363976
443363977
443363978
443363979
443363980
443363981
443363982
443363983
443363984
443363985
443363986
443363987
443363988
443363989
443363990
443363991
443363992
443363993
443363994
443363995
443364790
443364791
443364792
443364793
443364794
443364795
443364796
443364797
443364798
443364799
443364800
443364801
443364802
443364803
443364804
443364805
443364806
443364807
443364808
443364809
443364810
443364811
443365543
443365544
443365545
443365546
443365547
443365548
443365549
443365550
443365551
443365552
443365554
443365556
443365558
443365560
443365562
443365564
443365566
443365568
443365569
443365571
443365573
443365574
443365577
443365579
443365581
443365584
443365586
443365588
443365591
443365593
443365595
443365598
443365600
443365601
443365602
443365603
443366074
443366075
443366076
443366077
443366078
443366079
443366080
443366081
443366082
443366084
443366085
443366343
443366344
443366345
443366346
443366347
443366348
443366349
443366350
443366351
443366352
443366353
443366354
443367309
443367310
443367311
443367312
443367313
443367314
443367315
443367316
443367317
443367318
443367319
443367320
443367321
443367322
443367323
443367324
443367325
443367326
443367327
443367328
443367329
443367330
443367331
443367332
443367333
443367334
443367335
443367336
443367337
443367338
443367339
443367340
443367341
443367342
443368393
443368394
443368395
443368396
443368397
443368398
443368399
443368400
443368401
443368402
443368403
443368404
443368405
443368406
443368407
443368408
443368409
443368410
443368411
443368412
443368413
443368414
443368415
443368416
443369461
443369462
443369463
443369464
443369465
443369466
443369467
443369468
443369469
443369470
443369471
443369472
443369473
443369474
443369475
443369476
443369477
443369478
443369479
443369480
443369481
443369482
443369483
443369484
443369485
443369486
443369487
443369488
443369489
443369490
443369491
443369492
443369493
443396767
443396768
443396769
443396770
443396771
443396772
443396773
443396774
443396775
443396776
443396777
443396778
443396779
443396780
443397072
443397073
443397074
443397075
443397076
443397077
443397078
443397079
443397080
443397081
443398003
443398004
443398006
443398007
443398008
443398010
443398011
443398012
443398014
443398015
443398016
443398018
443398019
443398020
443398022
443398023
443398025
443398026
443398027
443398029
443398833
443398834
443398836
443398837
443398838
443398839
443398840
443398842
443399461
443399462
443399463
443399464
443399465
443399466
443399467
443399468
443399469
443399470
443429074
443429075
443429076
443429077
443429079
443429081
443429083
443429085
443429086
443429088
443429089
443429090
443429091
443429092
443429093
443429094
443429095
443429096
443429097
443429098
443429099
443431272
443431273
443431275
443431276
443431277
443431278
443431279
443431281
443431282
443431283
443431284
443431285
443431286
443431287
443431289
443431290
443431291
443561776
443561777
443561778
443561779
443561781
443561782
443561783
443561784
443561785
443561786
443561787
443561788
443561789
443561790
443561791
443561792
443561793
443561794
443561795
443561796
443561797
443565693
443565695
443565696
443565697
443565698
443565699
443565700
443565701
443565702
443565703
443565704
443565705
443565706
443565707
443565708
443565709
443565710
443565711
443565712
443565713
443565714
443565715
443565716
443565717
443565718
443565719
443565720
443565721
443565722
443565723
443565724
443565725
443565726
443565727
443565728
443565729
443565730
443565731
443565732
443565733
443565734
443565735
443565736
443565737
443565738
443565739
443565740
443565741
443565742
443565743
443565744
443565745
443565747
443565748
443565750
443565751
443565753
443565755
443565756
443565757
443565758
443565760
443565761
443565762
443565764
443565766
443565768
443566715
443566716
443566717
443566718
443566719
443566720
443566721
443566722
443566723
443566724
443566725
443566726
443566727
443566728
443566947
443566948
443566949
443566950
443566951
443678575
443678576
443678577
443678578
443678579
443678580
443678581
443678582
443678583
443678584
443678585
443678586
443678587
443678588
443678589
443678590
443678591
443678592
443678593
443678594
443678595
443678596
443678597
443678598
443678599
443678600
443678601
443678837
443679448
443679449
443679451
443679452
443679453
443679455
443735989
443735991
443735992
443735994
443735996
443735998
443736000
443736002
443736003
443736005
443736006
443736008
443736010
443736013
443736014
443736016
443736017
443736019
443742161
443742162
443742163
443742164
443742166
443742167
443742168
443742169
443742170
443742171
443742172
443742173
443742174
443742175
443742176
443754068
443754069
443754070
443754071
443754072
443754073
443754074
443754075
443754076
443754077
443754078
443754079
443758799
443758800
443758801
443758802
443758803
443758804
443758805
443758807
443758808
443758809
443758810
443758811
443758812
443758813
443758814
443758815
443758816
443758817
443759981
443759982
443759983
443759984
443759985
443759986
443759987
443759988
443759989
443759990
443759991
443759992
443759993
443759994
443759995
443759996
443759997
443759998
443759999
443760000
443760001
443760002
443760003
443760004
443760005
443760006
443760007
443760008
443760009
443760010
443760011
443760012
443760013
443760014
443760015
443760016
443760017
443761795
443761796
443761797
443761798
443761799
443761800
443761801
443761802
443761803
443761804
443761805
443761806
443761807
443761808
443761809
443761810
443761811
443761812
443761813
443761814
443761815
443761816
443761817
443761818
443761819
443761820
443761821
443761822
443761823
443761824
443761825
443761826
443761827
443761828
443761829
443761830
443761831
443761832
443761833
443761834
443761835
443761836
443761837
443761838
443761839
443761840
443761841
443761842
443761843
443821829
443821832
443821835
443821836
443821839
443821842
443821844
443821848
443821851
443821854
443821856
443821859
443821862
443821863
443821866
443821869
443821871
443821875
443821878
443821880
443821883
443821887
443821889
443821892
443821895
443821896
443821898
443821901
443821903
443821906
443821909
443821913
443821916
443825331
443825332
443825333
443825334
443825335
443825336
443825337
443825338
443825339
443825340
443825341
443825342
443825343
443825344
443825345
443825346
443825347
443825348
443825349
443825350
443825351
443825352
443825353
443825354
443825355
443825356
443825357
443825358
443825359
443825360
443825509
443825510
443825511
443825512
443825513
443825514
443825515
443825516
443825517
443825518
443825519
443825993
443825994
443825995
443825996
443825997
443825998
443825999
443826000
443826001
443826002
443826003
443826004
443826005
443826006
443826007
443826008
443826009
443826010
443826011
443826012
443826013
443826014
443826015
443826016
443826017
443826186
443826187
443826188
443826189
443826190
443826191
443840568
443840576
443848451
443848457
443848464
443848472
443850091
443850092
443850093
443937086
443937087
443937088
443937089
443937090
443937091
443937092
443937093
443937094
443937095
443937096
443937097
443938147
443938148
443938149
443938150
443938151
443938152
443938153
443938154
443938155
443938156
443938157
443938158
443938159
443938160
443938161
443938162
443938163
443938164
443940931
443940932
443940933
443940934
443940935
443940936
443940937
443940938
443940941
443940943
443940945
443940948
443940949
443940950
443940951
443940952
443940953
443940954
443940955
443940956
443940957
443940958
443940959
443940960
443940961
443940962
443940963
443940964
443963219
443963220
443963221
443963222
443963223
443963224
443963225
443963226
443963227
443963228
443963229
443963230
443963231
443963232
443963233
443963234
443963235
443963236
443963237
443963238
443963239
443963240
443963241
443963242
443963243
443963244
443963245
443963246
443963247
443963248
443963249
443963250
443963251
443963252
443963253
443963254
444273777
444273779
444273782
444273808
444273820
444273825
444273827
444273830
444274694
444274695
444274696
444274697
444274698
444274699
444274700
444274701
444274702
444274703
444274704
444274705
444274706
444274707
444274708
444274709
444274710
444274711
444274712
444274713
444274714
444274715
444274716
444274717
444274718
444274719
444274720
444274721
444274722
444275107
444275108
444275109
444275110
444275111
444275112
444275113
444275114
444275115
444275116
444275117
444276479
444276480
444276481
444276482
444276483
444276484
444276485
444276486
444276487
444276488
444276489
444276490
444276491
444276492
444276493
444276494
444276495
444276496
444276497
444276498
444276499
444276500
444276501
444276502
444276503
444276504
444276505
444276506
444276507
444276508
444276509
444276510
444276511
444276512
444276513
444276514
444276515
444276516
444276517
444276518
444276519
444276520
444276521
444276522
444276523
444276524
444296168
444296169
444296170
444296171
444296172
444296173
444296174
444296175
444296176
444296177
444296178
444296179
444296180
444296181
444296182
444296183
444296184
444296185
444296186
444296187
444296188
444296189
444296190
444296191
444297037
444297038
444297039
444297040
444297041
444297042
444297043
444297044
444297045
444297046
444297047
444297048
444297049
444297050
444297051
444297052
444297053
444297054
444297055
444297056
444297057
444297058
444297059
444297060
444297061
444297062
444297063
444297553
444297554
444297555
444297556
444297557
444297558
444297559
444297560
444297561
444297562
444297563
444297564
444297565
444297566
444297567
444297568
444297569
444298911
444298912
444298913
444298914
444298915
444298916
444298917
444298918
444298919
444298920
444298921
444298922
444298923
444298924
444298925
444298926
444298927
444298928
444298929
444298930
444298931
444298932
444298933
444298934
444298935
444298936
444298937
444406190
444406191
444406192
444406193
444406194
444406195
444406196
444406197
444406198
444406199
444406200
444406201
444406202
444406203
444406204
444406205
444406206
444406207
444406208
444406209
444406210
444406211
444406212
444406213
444406214
444406215
444406216
444406217
444406218
444406219
444406220
444406311
444406312
444406313
444406314
444406315
444406316
444406317
444406647
444406648
444406649
444406650
444406651
444406652
444406653
444406654
444406655
444406656
444406657
444406658
444407158
444407159
444407160
444407161
444407162
444407163
444407164
444407165
444698854
444698855
444698856
444698857
444698858
444698859
444699781
444699782
444699783
444699784
444699785
444699786
444699787
444699788
444699789
444699790
444699791
444699792
444699793
444699794
444699795
444699796
444699797
444699798
444699799
444699800
444699801
444699802
444699803
444699804
444699805
444699806
444700752
444700753
444700754
444700755
444700756
444700757
444700758
444700759
444700760
444700761
444700762
444700763
444700764
444700765
444700766
444700767
444700768
444700769
444700770
444700771
444700772
444700773
444700774
444700775
444700776
444700777
444700778
444700779
444700780
444700781
444700782
444700783
444700784
444700785
444700786
444700787
444700788
444700789
444700790
444700922
444700923
444700924
444700925
444700926
444700927
444700928
444700929
444700930
444700931
444700932
444700933
444745828
444745829
444745830
444745831
444745832
444745833
444745834
444745835
444745836
444745837
444745838
444745839
444745840
444745841
444749867
444749868
444749869
444749870
444749871
444749872
444749873
444749874
444749875
444749876
444749877
444749878
444749879
444749880
444749881
444749882
444749883
444749884
444749885
444749886
444749887
444749888
444749889
444749890
444749891
444749892
444749893
444749894
444749895
444749896
444749897
444749898
444749899
444749900
444749901
444749902
444749903
444749904
444750654
444750655
444750656
444750657
444750658
444750659
444750660
444750661
444750662
444750663
444750664
444750665
444750666
444750667
444750668
444750669
444752204
444752205
444752206
444752207
444752208
444752209
444752210
444752211
444752212
444752213
444752214
444752215
444752216
444752218
444752219
444752220
444752221
444752222
444752223
444752224
444752225
444752226
444752227
444752228
444752229
444752230
444752231
444752232
444752233
444752234
444752235
444752236
444752237
444752238
444900102
444900103
444900104
444900105
444900106
444900107
444900108
444900109
444900110
444900111
444900112
444900113
444900114
444900115
444900116
444900117
444900118
444900119
444900120
444900121
444900122
444900123
444900124
444900125
444900126
444900127
444900128
444900129
444900130
444900131
444900132
444900133
444900605
444900606
444900608
444900609
444900610
444900611
444900613
444900614
444900615
444900616
444900617
444900618
444900619
444900620
444900621
444901619
444901620
444901621
444901622
444901623
444901624
444901625
444901626
444901627
444901628
444901629
444901630
444901631
444901632
444901633
444901634
444901635
444901636
444901637
444901638
444901639
444901640
444901641
444901642
444901643
444901644
444901645
444901646
444901647
444901648
444902208
444902209
444902210
444903164
444903165
444903166
444903167
444903168
444903169
444903170
444903171
444903172
444903173
444903174
444903175
444903176
444903177
444903178
444903179
444903180
444903181
444903182
444903183
444903184
444903185
444903186
445025943
445025945
445025947
445025950
445025952
445025953
445025956
445025958
445025961
445025964
445025967
445025968
445025971
445025975
445026067
445026068
445026069
445026070
445026071
445026072
445026073
445026074
445026075
445026076
445026077
445026078
445026145
445026146
445026147
445026148
445026149
445026150
445026151
445026152
445026153
445026154
445026155
445026679
445026680
445026681
445026682
445026683
445026684
445026685
445026686
445026687
445026688
445026689
445026690
445026691
445026692
445026693
445026694
445026695
445027090
445027091
445027092
445027093
445027094
445027095
445027096
445027097
445027098
445027099
445027100
445028056
445028057
445028058
445028059
445028060
445028061
445028062
445028063
445028064
445028065
445028066
445028067
445028068
445028069
445028070
445028071
445028072
445028073
445028074
445028075
445028076
445028077
445028078
445028079
445028080
445028081
445073690
445073691
445073692
445073693
445073694
445073695
445073696
445073697
445073698
445073699
445073700
445073701
445075220
445075221
445075222
445075223
445075224
445075225
445075226
445075227
445075228
445075229
445075230
445075231
445075232
445075233
445075234
445075235
445075236
445075237
445075238
445075239
445075240
445075241
445075242
445075243
445075244
445075245
445075246
445075247
445075248
445075249
445075250
445075251
445075252
445075253
445075254
445075255
445075397
445075398
445075399
445075400
445075401
445075402
445075403
445075404
445292897
445292899
445292901
445292902
445292907
445292909
445292910
445292912
445292913
445292915
445294524
445294525
445294526
445294527
445294528
445294529
445294530
445294531
445294532
445294534
445294535
445294537
445294539
445294540
445294541
445294544
445294545
445294547
445294548
445294549
445294550
445294551
445294552
445294553
445294554
445294555
445294556
445294557
445294558
445294559
445295342
445295343
445295344
445295345
445295346
445295347
445295348
445295349
445295350
445295351
445295352
445295353
445295354
445295355
445295356
445295357
445295358
445295359
445295360
445295361
445295362
445295363
445295364
445295365
445295366
445295367
445295368
445295369
445295504
445295505
445295507
445295509
445295511
445295513
445295515
445295517
445295518
445295519
445295520
445295521
445295689
445295691
445295692
445295694
445295697
445295698
445295701
445295703
445349206
445349221
445349225
445349319
445349320
445349321
445349322
445360369
445360380
445360385
445360390
445360391
445361212
445361213
445361214
445361215
445361216
445361217
445361218
445361219
445361220
445361221
445361222
445361223
445466473
445466474
445466475
445466476
445466477
445466478
445466479
445466480
445466481
445466482
445466483
445466484
445466485
445466486
445466487
445466488
445466489
445466490
445466491
445466493
445466494
445466495
445466496
445466497
445466498
445466499
445466500
445466501
445466502
445466503
445466505
445466507
445466622
445466623
445466624
445466625
445466626
445466627
445466628
445466629
445466630
445467278
445467279
445467280
445467281
445467282
445467283
445467284
445467285
445467286
445467287
445467288
445467289
445467290
445467291
445467292
445467293
445467294
445467295
445467296
445467297
445467944
445467945
445467946
445467947
445467948
445467949
445467950
445467951
445467952
445467953
445467954
445467955
445467956
445467957
445467958
445467959
445467960
445467961
445467962
445467963
445467964
445467965
445467966
445467967
445467968
445467969
445467970
445467971
445467972
445467973
445469640
445469641
445469642
445469643
445469644
445469645
445469646
445469647
445469648
445469649
445469650
445469651
445469652
445469653
445469654
445469655
445469656
445469657
445469658
445469659
445469660
445469661
445469662
445469663
445469664
445469665
445469666
445469667
445469668
445469669
445469670
445469671
445469672
445469673
445469674
445469675
445469676
445469677
445469678
445469679
445469680
445469681
445469682
445469683
445469684
445469685
445469686
445469687
445469688
445469689
445469690
445469691
445469692
445469693
445470333
445470341
445470344
445470352
445470353
445470354
445470647
445470648
445470649
445470650
445470651
445470652
445470653
445470654
445470655
445470656
445470657
445470658
445470659
445470660
445470661
445470662
445470663
445470664
445470665
445470666
445470667
445470668
445470669
445470670
445470671
445470672
445470673
445470674
445470675
445470676
445470677
445470678
445470679
445470680
445470832
445470833
445875286
445875287
445875288
445875289
445875290
445875291
445875292
445875294
445875295
445875297
445875298
445875299
445875300
445875301
445875302
445875303
445875304
445875305
445875306
445875307
445875308
445875309
445875310
445875311
445875312
445875313
445875314
445875315
445875316
445875317
445875318
445875319
445875320
445875322
445875324
445875327
445875329
445877247
445877248
445877249
445877250
445877251
445877252
445877253
445877254
445877255
445877256
445877257
445877258
445877259
445877260
445877261
445877262
445877263
445877264
445877265
445877266
445877267
445877268
445878292
445878293
445878294
445878295
445878296
445878297
445878298
445878299
445878300
445878301
445878302
445878303
445878304
445878305
445878306
445878307
445878308
445878309
445878310
445878311
445878312
445878313
445878314
445879079
445879080
445879082
445879083
445879085
445879086
445879087
445879088
445879090
445879091
445879092
445879093
445879094
445879095
445879096
445880187
445880188
445880189
445880190
445880191
445880192
445880193
445880194
445880195
445880196
445880197
445880198
445880199
445880200
445880201
445880202
445880203
445880204
445880205
445880206
445880207
445880208
445880209
445880210
445880211
445880212
445880213
445880214
445880215
445880216
445880217
445880219
445880220
445880221
445880222
445880223
445880224
445880225
445880226
445880227
445880228
445880229
445880230
445880231
445880232
445880233
445880234
445880235
445881161
445881162
445881163
445881164
445881165
445881166
445881167
445881168
445881169
445881170
445881171
445881172
445881173
445881174
445881175
445881176
445881177
445881178
445881468
445881469
445881470
445881471
445881472
445881473
445881474
445881475
445881476
445881477
445881478
445881479
445881480
445881481
445881482
445881483
445881484
445881485
445881486
445882567
445882568
445882569
445882570
445882571
445882572
445882573
445882574
445882575
445882576
445882577
445883355
445883356
445883357
445883358
445883359
445883360
445883361
445883362
445883363
445883364
445883365
445883366
445883367
445883368
445883369
445883370
445883371
445883372
445883373
445883374
445883375
445885517
445885518
445885519
445885520
445885521
445885522
445885523
445885524
445885525
445885526
445885527
445885528
445885529
445885530
445885531
445885533
445891828
445891831
445891832
445891833
445891834
445891835
445891836
445891837
445891838
445891839
445891840
445891841
445891842
445891843
445891844
445891845
445891846
445891847
445891848
445891849
445891850
445891851
445891852
445891853
445891854
445891855
445891856
445891857
445891858
445891859
445891860
445891861
445891862
445891863
445891864
445891866
445899182
445899188
445899190
445899192
445899196
445899199
445899205
445899210
445899219
445899222
445899223
445899226
445899227
445899228
445899229
445899230
445899233
445899251
445899252
445899253
445899255
445899257
445899259
445899265
445899271
445933547
445933548
445933551
445933554
445933555
445933556
445933561
445933562
445933563
445933566
445933569
445933571
445933572
445933576
445933580
445933584
445933586
445933592
445933593
445933595
445933598
445933604
445936410
445936411
445936412
445936413
445936414
445936415
445936416
445936417
445936418
445936419
445936421
445936423
445936425
445936427
445936429
445936431
445936432
445936433
445936434
445936435
445936436
445936437
445936438
445936439
445936440
445936441
445936442
445936443
445936444
445936445
445936446
445936449
445936451
445936453
445936455
445936457
445936460
445936462
445936464
445936467
445936469
445936471
445936473
445936476
445936478
445936480
445936483
445936485
445936487
445936490
445936492
445936495
445936497
445936499
445936502
445936504
445936507
445936509
445936511
445936514
445937492
445937493
445937494
445937495
445937496
445937497
445937498
445937499
445937500
445937501
445937502
445937503
445937504
445937505
445937506
445937507
445937508
445937509
445937510
445938113
445938114
445938115
445938116
445938117
445938118
445938119
445938120
445938121
445938122
445938123
445938124
445938125
445938126
445938127
445938128
445938129
445938130
445938131
445938132
445938133
445938134
446112240
446112241
446112242
446112243
446112244
446112245
446112246
446112247
446112248
446112249
446112250
446112251
446112252
446112253
446112254
446112255
446112256
446112257
446112258
446112259
446112260
446112261
446112262
446112263
446112264
446112265
446112266
446112267
446112959
446157150
446157151
446157152
446157153
446157154
446157155
446157156
446157157
446157158
446157159
446157160
446157161
446157162
446157163
446157164
446157165
446157166
446157167
446157168
446157169
446157170
446157171
446157172
446157173
446157174
446157175
446157176
446157177
446157178
446157179
446157180
446157181
446157182
446157183
446157185
446157187
446157190
446157192
446157194
446157196
446157199
446157201
446157202
446157203
446157204
446157205
446157206
446157207
446157208
446157209
446157210
446157211
446157212
446157213
446157214
446157215
446157216
446157217
446157218
446157219
446157220
446157221
446159386
446159387
446159389
446159391
446159393
446159395
446159396
446159398
446159400
446159402
446159403
446160944
446160945
446160946
446160947
446160948
446160949
446160950
446160951
446160952
446160953
446160954
446160955
446160956
446160957
446160958
446160959
446160960
446160961
446160962
446160963
446160965
446160966
446160967
446160968
446160969
446160970
446160971
446160972
446160973
446160974
446160975
446160976
446160977
446160978
446160979
446160980
446160981
446160982
446160983
446160984
446160985
446160986
446160987
446160988
446160989
446160990
446160991
446672943
446672944
446672945
446672946
446672947
446672948
446672949
446672950
446672951
446672952
446672953
446672954
446672955
446672956
446672957
446672958
446672959
446672960
446672961
446672962
446672963
446672964
446672965
446672966
446672967
446672968
446672969
446672970
446672971
446672972
446672973
446672975
446672977
446672979
446672981
446672983
446672986
446672987
446672988
446672989
446672992
446672994
446672996
446672997
446672998
446672999
446673000
446673002
446673004
446673005
446673007
446673009
446673011
446673013
446673014
446673015
446673016
446673017
446673018
446673019
446673020
446673023
446674260
446674261
446674262
446674263
446674264
446674265
446674266
446674267
446674268
446674269
446674270
446674271
446674272
446674273
446674274
446674275
446674276
446674277
446674278
446674279
446674280
446674281
446674282
446674283
446674284
446674285
446674286
446674287
446674288
446674289
446674290
446674291
446674292
446674293
446674294
446674295
446674296
446674297
446674298
446674358
446674359
446677370
446677371
446677372
446677373
446677374
446677375
446677376
446677377
446677378
446677379
446677380
446677381
446677382
446677383
446677384
446677385
446677386
446677387
446677388
446677389
446677390
446677391
446677392
446677393
446677394
446677395
446677396
446677397
446677398
446677399
446677400
446677401
446677402
446677403
446677404
446677405
446677406
446677407
446677408
446677409
446677410
446677411
446677412
446677413
446677414
446677415
446677416
446677417
446677418
446677419
446677420
446677421
446677422
446677423
446677424
446677425
446677426
446677427
446677428
446677429
446677430
446677431
446677432
446677433
446677434
446677435
446677436
446677437
446677438
446677439
446677440
446677441
446677442
446677443
446677444
446681172
446681187
446681190
446681191
446681192
446681193
446681194
446681195
446681196
446681197
446681198
446681199
446681200
446681201
446681202
446681204
446681205
446681207
446681208
446681209
446681210
446681211
446681212
446681213
446681214
446681215
446681216
446681217
446822462
446822463
446822464
446822465
446822466
446822467
446822468
446822469
446822470
446822471
446822472
446822473
446822474
446822475
446822476
446822477
446822478
446822479
446822480
446822481
446822482
446822483
446822484
446822485
446822486
446822487
446822488
446822489
446822490
446822491
446822492
446822493
446822494
446822495
446822496
446822497
446822498
446822499
446822500
446822501
446822502
446822503
446822504
446822505
446822506
446822507
446822508
446822509
446822510
446822511
446822512
446822513
446822514
446822515
446822516
446822517
446822518
446822519
446822520
446822521
446822522
446822523
446822524
446822525
446822526
446822527
446822528
446822529
446822530
446822531
446822532
446822533
446822534
446822535
446822536
446822537
446824838
446824839
446824840
446824841
446824842
446824843
446824844
446824845
446824846
446824847
446824848
446824849
446824850
446824851
446824852
446824853
446824855
446824856
446824857
446824858
446824859
446824860
446824861
446824862
446824863
446824864
446824865
446824866
446824867
446824869
446824870
446824871
446824872
446824873
446824874
446824875
446824876
446824877
446824878
446824879
446824880
446824881
446824882
446824883
446824884
446824885
446824886
446824887
446824888
446824889
446824891
446824892
446824894
446824895
446824897
446824899
446824901
446824903
446824905
446824906
446824907
446824908
446824909
446824910
446824911
446824912
446825837
446825838
446825839
446825840
446825841
446825842
446825843
446825845
446825846
446825847
446825848
446825849
446825850
446825851
446825852
446825853
446825854
446825855
446825856
446825857
446825858
446825859
446825860
446825861
446825862
446825863
446825864
446825865
446825866
446825867
446825868
446825869
446826435
446826436
446826437
446826438
446826439
446826440
446826441
446826442
446826443
446826444
446826445
446826446
446826447
446826448
446826449
446826450
446827201
446827202
446827203
446827204
446827205
446827206
446827207
446827208
446827209
446827210
446827211
446827212
446827213
446827214
446827215
446827216
446827217
446827218
446827220
446827222
446827223
446827225
446846543
446846544
446846545
446846546
446846548
446846549
446846550
446846551
446846552
446846553
446846554
446846555
446846556
446846557
446846558
446846559
446846560
446846561
446846562
446846563
446846564
446846565
446846566
446846567
446846568
446846569
446846570
446846571
446846572
446846573
446846574
446846575
446846576
446855734
446855735
446855736
446855737
446855738
446855739
446855740
446855741
446855742
446855743
446855744
446855745
446855746
446855747
446855748
446855749
446855750
446855751
446855752
446855753
446855754
446855755
446855756
446855757
446855758
446855759
446855760
446855761
446855762
446855763
446855764
446855765
446855766
446855767
446855768
446855769
446855770
446855771
446855772
446855773
446855774
446855775
446855776
446855777
446855778
446855779
446855780
446855781
446855782
446855783
446855784
446855785
446855786
446855787
446855788
446855789
446855790
446855791
446855792
446855793
446855794
446855795
446855796
446855797
446855798
446855799
446855800
446855801
446855802
446855803
446855804
446855805
446855806
446855807
446855808
446855809
446855810
446855811
446855812
446855813
446855814
446855815
446855816
446855817
446855818
446855819
447951866
447951867
447951868
447951869
447951870
447951871
447951872
447951873
447951874
447951875
447951876
447951877
447951878
447951879
447951880
447951881
447951882
447951883
447951884
447951885
447951886
447951887
447951888
447951889
447951890
447951891
447951892
447951893
447951894
447951895
447951896
447951897
447951898
447951899
447951900
447951901
447951902
447951903
447951904
447951905
447951906
447951907
447951908
447951909
447951910
447951911
447951912
447951913
447951914
447951915
447951916
447951917
447951918
447951919
447951920
447951921
447951922
447951923
447951924
447951925
447951926
447951927
447951928
447951929
447951930
447951931
447951932
447951933
447951934
447951935
447951936
447951937
447951938
447951939
447951940
447954698
447954699
447954701
447954702
447954703
447954704
447954705
447954706
447954707
447954708
447954709
447954710
447954711
447954712
447954713
447954714
447954715
447954716
447954717
447954718
447954719
447954720
447954721
447954722
447954723
447954724
447954725
447954726
447954727
447954728
447954729
447954730
447954731
447954732
447954733
447954734
447954735
447954736
447954737
447954738
447954739
447954740
447954741
447954742
447954743
447954744
447954745
447954746
447954747
447954748
447954749
447954750
447954751
447954752
447955074
447955075
447955076
447955077
447955078
447955079
447955080
447955081
447955082
447955083
447955084
447955085
447955086
447955087
447955088
447955089
447955090
447955091
447955092
447955368
447955369
447955370
447955371
447955372
447955373
447955374
447955375
447955376
447955377
447955378
447955379
447955380
447955381
447955382
447955383
447955384
447955385
447955386
447955387
447955388
447955389
447955390
447956639
447956640
447956641
447956642
447956643
447956644
447956645
447956646
447956647
447956648
447956649
447956650
447956651
447956652
447956653
447956654
447956655
447956656
447956657
447956658
447956659
447956660
447956661
447956662
447956663
447956664
447956665
447956666
447956667
447956668
447956669
447956670
447956671
447956672
447956673
447956674
447958519
447958520
447958521
447958522
447958523
447958524
447958525
447958526
447958527
447958528
447958529
447958530
447958531
447958532
447958533
447958534
447958535
447958536
447958537
447958538
447958539
447958540
447958541
447958542
447958543
447958544
447958545
447958547
447958549
447958551
447958553
447958554
447958555
447958556
447958557
447958558
447958559
447958560
447958561
447958562
447958563
447958564
447958565
447958566
447958567
447958568
447958569
447958570
447958571
447958572
447958573
447958574
447958575
447958576
447958577
447958578
447958579
447958580
447958581
447958582
447958583
447958584
447958585
447958586
447958587
447958588
447958589
447958590
447958591
447958592
447958594
447958595
447980899
447980900
447980901
447980902
447980903
447980904
447980905
447980906
447980907
447980908
447980909
447980910
447980911
447980912
447980913
447980914
447980915
447980916
447980917
447980918
447980919
447980920
447980921
447980922
447980923
447980924
447980925
447980926
447980927
447980928
447980929
447980930
447980931
447980932
447980933
447980934
447980935
447980936
447980937
447980938
447980939
447980940
447980941
447980942
447980943
447980944
447980945
447980946
447980947
447980948
447980949
447980950
447980951
447980952
447980953
447980954
447980955
447980956
447980957
447980958
447980959
447980960
447980961
447980962
447980963
447981930
447981931
447981932
447981933
447981934
447981935
447981936
447981937
447981938
447981939
447981940
447981941
447981942
447981943
447981944
447981945
447981946
447981947
447981948
447981949
447981950
447981951
447981952
447981953
447981954
447981955
447981956
447981957
447981958
447981959
447981960
447981961
447981962
447981963
447981964
447981965
447981966
447981967
447981968
447981969
447981970
447981971
447981972
447981973
447981974
447981975
447981976
447984982
447984983
447984984
447984985
447984986
447984987
447984989
447984990
447984991
447984992
447984993
447984994
447984995
447984996
447984998
447985000
447985002
447985003
447985004
447985005
447985006
447985007
447985008
447985009
447985010
447985011
447985012
447985013
447985014
447985015
447985016
447985017
447985018
447985019
447985020
447985021
447985022
447985023
447985024
447985025
447985026
447985027
447985028
447985030
447985031
447985032
447985033
447985035
447985036
447985037
447985038
447985039
447985041
447985042
447985043
447985044
447985045
447985046
447985047
447985048
447985049
447985050
447985051
447985052
447985053
447985054
447985055
447985056
447985057
447985058
447985059
447985060
447985061
447985062
447985063
447985064
447985065
447985066
447985067
447985068
447985069
447985070
447985071
447985072
447985073
447985074
447985075
447985076
447985077
447985078
447985079
447985080
447985082
447985083
447985084
447985085
447985086
447985087
447985089
447985090
447985091
447985092
447985093
447985094
447985095
447985096
447985097
447985098
447985099
447985100
447985101
447985102
447985103
447985104
447985105
447985106
447985107
447985108
447985109
447985110
447985111
447987348
447987349
447987350
447987351
447987352
447987353
447987354
447987355
447987356
447987357
447987358
447987359
447987360
447987361
447987362
447987363
447987364
447987365
447987366
447987367
447987368
447987369
447987370
447987371
447987372
447987373
447987374
447987375
447987376
447987377
447987378
447987379
447987380
447987381
447987382
447987383
447987384
447987385
447987386
447987387
447987388
447987389
447987390
447987391
447987392
447987393
447987394
447987395
447987396
447987397
447987398
447987399
447987400
447987401
447987402
447987403
447987404
447987405
447987406
447987407
447987408
447987409
447987410
447987411
447987412
447987413
447987414
447987415
447987416
447987417
447987418
447987419
447987420
447987421
447987422
447987423
447987424
447987425
447987426
447987427
447987428
447987429
447987430
447987431
447987432
447987433
447987434
447989250
447989251
447989252
447989253
447989254
447989255
447989256
447989257
447989258
447989259
447989260
447989261
447989262
447989264
447989265
447989266
447989267
447989268
447989269
447989270
447989271
447989272
447989273
447989274
447989275
447989276
447989277
447989278
447989279
447989280
447989281
447989282
447989283
447989284
447989285
447989286
447989287
447989288
447989289
447989290
447989291
447989292
447989293
447989294
447989295
447989296
447989297
447989298
447989299
447989300
447989301
447989302
447989303
447989304
447989305
447989306
448006405
448006406
448006407
448006408
448006410
448006411
448006412
448006413
448006414
448006415
448006416
448006417
448006418
448006419
448006420
448006421
448006422
448006423
448006424
448006425
448006426
448006427
448006428
448006429
448006430
448006431
448006432
448006433
448006434
448006435
448006437
448006438
448006439
448006440
448006441
448006442
448006443
448006444
448006445
448006446
448006447
448006448
448006449
448006450
448006451
448006452
448006453
448006454
448006455
448006456
448006457
448006458
448006459
448006460
448006461
448006462
448006463
448006464
448006465
448006466
448006467
448006468
448006469
448006470
448006471
448006472
448006473
448006474
448006475
448006476
448006477
448006478
448006479
448006480
448006481
448006482
448006483
448006484
448006485
448006486
448006487
448006488
448006489
448006490
448006491
448006492
448006493
448006494
448006495
448006496
448006497
448006498
448006499
448006500
448006501
448006502
448006503
448006504
448006505
448006506
448006507
448006508
448006509
448006510
448006511
448006512
448006513
448006514
448006515
448006516
448006517
448006518
448006519
448006520
448006521
448006522
448006523
448006524
448006525
448006526
448006527
448006528
448006529
448006530
448006531
448006532
448006533
448006534
448006535
448006536
448006537
448006538
448006539
448006540
448006541
448006542
448006543
448006544
448006545
448006546
448006547
448006548
448006549
448006550
448006551
448006552
448006553
448006554
448006555
448006556
448006557
448006558
448006559
448006560
448006561
448006562
448006565
448006567
448006568
448006569
448006570
448006571
448006572
448006573
448006574
448006575
448006576
448006577
448006578
448006579
448006580
448006581
448006582
448006583
448006584
448006585
448006586
448006587
448006588
448006589
448006590
448006591
448006592
448006593
448006594
448006595
448006596
448006597
448006598
448006599
448006600
448006601
448006602
448006867
448006868
448006869
448043436
448043437
448114832
448114833
448114834
448114835
448114836
448114837
448114838
448114839
448114840
448162148
448162149
448162150
448162151
448162152
448162153
448162154
448162155
448162156
448162157
448162158
448162159
448162160
448162161
448162162
448162163
448162164
448162165
448162166
448162167
448162168
448162169
448162170
448162171
448162172
448162173
448162174
448162175
448162176
448162177
448162178
448162179
448162180
448162181
448162182
448162183
448162184
448162185
448162186
448162187
448162188
448162189
448162190
448162191
448162192
448162193
448162194
448162195
448162196
448162197
448162198
448162199
448162200
448162201
448162202
448162204
448162206
448162207
448162209
448162210
448162211
448162212
448162213
448168256
448168257
448168258
448168259
448168260
448168261
448168262
448168263
448168264
448168265
448168266
448168267
448168268
448168269
448168270
448168271
448168272
448168273
448168274
448168275
448168276
448168278
448168279
448168280
448168281
448168282
448168283
448168284
448168285
448168286
448168287
448168288
448168289
448168290
448168291
448168292
448168293
448168294
448168295
448168296
448168297
448168298
448168299
448168300
448168301
448168302
448168303
448168304
448168305
448168306
448168307
448168308
448170613
448170614
448170615
448170617
448170618
448170619
448170621
448170622
448170623
448170624
448170625
448170626
448170627
448170629
448170630
448170631
448170632
448170633
448170634
448170635
448170636
448170637
448170638
448170640
448170641
448170642
448173262
448173263
448173264
448173265
448173266
448173267
448174527
448174528
448174529
448174530
448174531
448174532
448174533
448174534
448174535
448174536
448174537
448174538
448174539
448174540
448174541
449177326
449177327
449177328
449177329
449177330
449177331
449177332
449177333
449177334
449177335
449177336
449177337
449177338
449177339
449177340
449177341
449177342
449177343
449177344
449177345
449177346
449177347
449177348
449177349
449177350
449177351
449177352
449177353
449177354
449178324
449178325
449178326
449178327
449178328
449178329
449178330
449178331
449178332
449178333
449178334
449178335
449178336
449178337
449178338
449178339
449178340
449178341
449178342
449181389
449181391
449181393
449181395
449181396
449181398
449181400
449181403
449181405
449181406
449181408
449181410
449181413
449181415
449181417
449181419
449181421
449181423
449181424
449181426
449181428
449181430
449181432
449181433
449181435
449181437
449181439
449181441
449181443
449181445
449181446
449181448
449181450
449181452
449181453
449181455
449181457
449181459
449181461
449181462
449181464
449181466
449181468
449181469
449181471
449181473
449181475
449181477
449181478
449181480
449181482
449181484
449181486
449181488
449181490
449181492
449181494
449181496
449181498
449181500
449181502
449181504
449182133
449182134
449182135
449182136
449182137
449182138
449182139
449182140
449182141
449182142
449182143
449182144
449182145
449182146
449182147
449182148
449182149
449182150
449182151
449182152
449182153
449182154
449182155
449182156
449182157
449182158
449182159
449182160
449182161
449182192
449182193
449182194
449182195
449182196
449182197
449182198
449182199
449182200
449182201
449182202
449182798
449182799
449182800
449182801
449182802
449182803
449182804
449182805
449182806
449182807
449182808
449182809
449182810
449182811
449182812
449183076
449183077
449183078
449183079
449183080
449183081
449183082
449183083
449183084
449183085
449183086
449183087
449183088
449183089
449183090
449183091
449183092
449183093
449183094
449183095
449183096
449183097
449183098
449185626
449185627
449185628
449185629
449185630
449185631
449185632
449185633
449185634
449185635
449185636
449185637
449185638
449185639
449185640
449185641
449185642
449185643
449185644
449185645
449185646
449185647
449185648
449185649
449185650
449185651
449185652
449185653
449185654
449185655
449185656
449185657
449185658
449185659
449185660
449185661
449185662
449185663
449185664
449185665
449185666
449185667
449185668
449185669
449185670
449185671
449185672
449185673
449185674
449185675
449185676
449185677
449187174
449187175
449187176
449187177
449187178
449187179
449187180
449187181
449187182
449187183
449187184
449187185
449187186
449187187
449187188
449187189
449187190
449187191
449187192
449187193
449187194
449187195
449187196
449187197
449187198
449187199
449187200
449187201
449187202
449187203
449187204
449187205
449187206
449203680
449203681
449203682
449203684
449203685
449203687
449203689
449203690
449203692
449203693
449203695
449203696
449204712
449204713
449204715
449204716
449204717
449204718
449204719
449204720
449204721
449204722
449204723
449204724
449204725
449204726
449204727
449204728
449204729
449204730
449204731
449205605
449205606
449205607
449205608
449205609
449205610
449205611
449205613
449205615
449205617
449205618
449205620
449205622
449205624
449205626
449205628
449205629
449206619
449206620
449206621
449206622
449206623
449206624
449206625
449206626
449206627
449206628
449206629
449206630
449206631
449206632
449206633
449206634
449206635
449206636
449206637
449206638
449206639
449206640
449206641
449206642
449206643
449206644
449206645
449206646
449206647
449206648
449206649
449206650
449206651
449206652
449206653
449207933
449207936
449207938
449207939
449207941
449207942
449207944
449207945
449207946
449207948
449207949
449207951
449207952
449207953
449207955
449207956
449207957
449207959
449207960
449207961
449208701
449208703
449208704
449208705
449208706
449208707
449208708
449208709
449208710
449208711
449208713
449208714
449208715
449208717
449208719
449209093
449209096
449209097
449209099
449209100
449209102
449209103
449209106
449209107
449209108
449209465
449209468
449209470
449209480
449211526
449211529
449211530
449211535
449211539
449211549
449211553
449211554
449211555
449211562
449465654
449534323
449542956
449542957
449542958
449542959
449542960
449542961
449542962
449542963
449542964
449542965
449542966
449542967
449542968
449542969
449542970
449542971
449542972
449542973
449542974
449542975
449542976
449542977
449542978
449542979
449542980
449542981
449542982
449542983
449542984
449542985
449542986
449542987
449542988
449542989
449542990
449542991
449542992
449542993
449542994
449542995
449542996
449542997
449542998
449542999
449543000
449543001
449543002
449543003
449543004
449543005
449543006
449543007
449543008
449543009
449543010
449543011
449543012
449543013
449543014
449543015
449543016
449543017
449543018
449543019
449543020
449543021
449543022
449543023
449543024
449543025
449543026
449543027
449595738
449595739
449595740
449595742
449595743
452313570
452313571
452313572
452896683
452897320
452897321
456945082
461019941
462940134
467541389
467541390
467541391
467541392
467541393
467541394
467541395
467541396
467541397
467541398
467541399
467541400
467541401
467541402
467541403
467541404
468038097
468038098
468038099
468141071
468141072
468141073
468418114
468418115
468418116
468418117
468418118
468418119
468418120
468418121
468418122
468418123
468418124
468418125
468418126
468418127
468418128
468418130
468418131
468418133
468418134
468418136
468418137
468688645
468688646
468688647
468688648
468688649
468688651
468688654
468688657
468688659
468688661
468688662
468688663
468688664
468688665
468688666
468688667
468688668
468688669
468688670
468688671
468688672
468688673
468688674
468688675
468688676
468688677
468688678
468688679
468688680
468688681
468688682
468688683
468688684
468688685
468688686
468688687
468688688
468688689
468688690
468688691
468688692
468688693
468688694
468688695
468688697
468688698
468688699
468688700
468688701
468688702
468688703
468688704
468712831
468712832
468712833
468712834
468712835
468712836
468712837
468712838
468712839
468712840
468712841
468712842
468712843
468712844
468712845
468712846
468712847
468712848
468712849
468712850
468712851
468712852
468712853
468712854
468712855
468712856
468712857
468712858
468712859
468844627
468844629
468844630
468844631
468844632
468844633
469416776
469417615
469417616
469417617
469417618
469417619
469417620
469417621
469419952
469419953
469419954
469419955
469419956
469419957
469419958
469419959
469419960
469419961
469419962
469419963
469419964
469419965
469419966
469419967
469419968
469419969
469419970
469419971
469419972
469419973
469419974
469419975
469419978
469419981
469419984
469419985
469419987
469419989
469424452
470129267
470129268
470129269
470129270
470129271
470129272
470129273
470129274
470129275
470129276
470129277
470129278
470129279
470129280
470129281
470129282
470129283
470129284
470129285
470129286
470129287
470129288
470129289
470129290
470129291
470129292
470129293
470129294
470129295
470129296
470129297
470129298
470129299
470129300
470129301
470129302
470129303
470129304
470129305
470129306
470129307
470129308
470129309
470129310
470129311
470129312
470129313
470129314
470129315
470129316
470129317
470129318
470129319
470129320
470129321
470129323
470129324
470129325
470129326
470129327
470129328
470130548
470130549
470130550
470130551
470130552
470130553
470130554
470130555
470130556
470130557
470130558
470130559
470130561
470130562
470130563
470130564
470130565
470130566
470130567
470130568
470130569
470130570
470130571
470130572
470130573
470130574
470130575
470130576
470130577
470130579
470130581
470130583
470130585
470130587
470130589
470130591
470130592
470130593
470130594
470130595
470130596
470130597
470130598
470131159
470131160
470131161
470131162
470131163
470131164
470131165
470131166
470131167
470131168
470131169
470131170
470131171
470131172
470131173
470131174
470131175
470131176
470131177
470131178
470131179
470131180
470131181
470131182
470131183
470131184
470131185
470131186
470133413
470133414
470133415
470133416
470133417
470133418
470133419
470133420
470133421
470133422
470133423
470133424
470133425
470133426
470133428
470133429
470133430
470133431
470133432
470133433
470133434
470133435
470133436
470133437
470133438
470133439
470133440
470133442
470133444
470133446
470133448
470133450
470133452
470133454
471777824
471777825
474861549
474861550
474861551
474861552
474861553
475050808
475050809
475050810
475050811
475050812
475050813
475050814
475050815
475050817
475050819
475050821
475050822
475050824
475050825
475050826
475050828
475050829
475050832
475050834
475050836
475050838
475050840
475050842
475050844
475050846
475050848
475050850
475050852
475050855
475050856
475050859
475050861
475050863
475050865
475050868
475050869
475050870
475050871
475050872
475050873
475050874
475050875
475050876
475050877
475050878
475050879
475050880
475050881
475050882
475050883
475050884
475050885
475050886
475050887
475050888
475050889
475050890
475050891
475050892
475050893
475050894
475050895
475050896
475050897
475050898
475050899
475050900
475050901
475050902
475050903
475050904
475050905
475076497
475076498
475076499
475076500
475076501
475076502
475076503
475076504
475076505
475076506
475076507
475076508
475076509
475076510
475076511
475076512
475076513
475076514
475076515
475076516
475076517
475076518
475076519
475076520
475076521
475076522
475076523
475076524
475076525
475076526
475076527
475076528
475076529
475076530
475076531
475076532
475076533
475076534
475076535
475076536
475076537
475076538
475076539
475076540
475076541
475076542
475076543
475076544
475076545
475076546
475076547
475076548
475076549
475076550
475076551
475076552
475076553
475076554
475076555
475076556
475076557
475076558
475076559
475076560
475076561
475076562
475076563
475076564
475076565
475076566
475076567
475076568
475076569
475076570
475076571
475076572
475076573
475076574
475076575
475076576
475076577
475076578
475076579
475076580
475076581
475076582
475076583
475076584
475076585
475076586
475076587
475076588
475076590
475076592
475076594
475076596
475076598
475076601
475076602
475076605
475076607
475076610
475076612
475076614
475076616
475076618
475076620
475076623
475076625
475076630
475076634
475076637
475076640
475076641
475076644
475076646
475076648
475076650
475076651
475076652
475076653
475078122
475078123
475078124
475078125
475078126
475078127
475078128
475078129
475078130
475078131
475078132
475078133
475078134
475078135
475078136
475078137
475078138
475078139
475078140
475078141
475078142
475078143
475078144
475078145
475078146
475079694
475079696
475079698
475079700
475079703
475079705
475079706
475079707
475079708
475079710
475079711
475079712
475079713
475079714
475079715
475079716
475079717
475079718
475079719
475079720
475079721
475079722
475079723
475079724
475079725
475079726
475079727
475079728
475079729
475079730
475079731
475083069
475083071
475083072
475083073
475083074
475083075
475083076
475083077
475083078
475083079
475083080
475083081
475083082
475083083
475083084
475083085
475083902
475121232
475121233
475121234
475121235
475121236
475121237
475122335
475122336
475122337
475122338
475122339
475122340
475122341
475122342
475122343
475122344
475122345
475122346
475122347
475122348
475122349
475122350
475122351
475122352
475122353
475122354
475122355
475122356
475122357
475122358
475122359
475122360
475122361
475122362
475122363
475122364
475122365
475122366
476170419
477206775
477289416
477289417
477290532
479181066
479181067
479481379
479481380
479481381
480210244
480210891
480211797
480211798
484084708
484084710
484084711
485672834
485672835
485672836
488322443
489499050
490507548
494245712
494245713
494245714
494245715
494245716
494245717
494245718
494245719
494245720
494245721
494245722
494245723
494245724
494245725
494245726
494245727
494245728
494245729
494245730
494245731
494245732
494245733
494245734
494245735
494245736
494245737
494245738
494245739
494245740
494245741
494245742
494245743
494245744
494245745
494245746
494245747
494245748
494245749
494245750
494245751
494245752
494245753
494245754
494245755
494245756
494245757
494245760
494245762
494245765
494245766
494245767
494245768
494245769
494245770
494245771
494245772
494245773
494245774
494245775
494245776
494245777
494251275
494251277
494251278
494251281
494251283
494251285
494251286
494251288
494251290
494251292
494251293
494251295
494251297
494251298
494251300
494251302
494251303
494251305
494251306
494251309
494251311
494251312
494251314
494251316
494251319
494251320
494251324
494251327
494251330
494251332
494251334
494251337
494251339
494251341
494251342
494251344
494251346
494251348
494251349
494251351
494251352
494251353
494251354
494251355
494251356
494251357
494251359
494251362
494251364
494251366
494251369
494251371
494251374
494251376
494251378
494251381
494251384
494251386
494251388
494251390
494251392
494251394
494251396
494251398
494251401
494251403
494251405
494251407
494251409
494251411
494251413
494251416
494251418
494251420
494251423
494251427
494251429
494251431
494251433
494251435
494251438
494251440
494251442
494251444
494251447
494251449
494251453
494251455
494251457
494251460
494251463
494251465
494251467
494251470
494251473
494251478
494251489
494251491
494251493
494251496
494251499
494251501
494251505
494251507
494251509
494251512
494251515
494251518
494251522
494251525
494251528
494251532
494254452
494254453
494254454
494254455
494254456
494254457
494254458
494254459
494254460
494254461
494254462
494254463
494254464
494254465
494254466
494254467
494254468
494254469
494254470
494254471
494254472
494254473
494254474
494254476
494254477
494254478
494254479
494254480
494254481
494254482
494254483
494254484
494254485
494254486
494254487
494254488
494254489
494254490
494254491
494254492
494254493
494254494
494254495
494254496
494254497
494254498
494254499
494254500
494254501
494254502
494256356
494256357
494256358
494256359
494256360
494256361
494256362
494256363
494256364
494256365
494256366
494256367
494256368
494256369
494256370
494256371
494256372
494256373
494256374
494257015
494257016
494257017
494257018
494257019
494257020
494257021
494257022
494257023
494257024
494257025
494257026
494257027
494257028
494257029
494257030
494257031
494257032
494260252
494260256
494260258
494260261
494260262
494260263
494260265
494260267
494260269
494260270
494260272
494260273
494260275
494260277
494260278
494260280
494260282
494260283
494260285
494260286
494260288
494260289
494260291
494260293
494260295
494260297
494260299
494260300
494260302
494260303
494260305
494260306
494263187
494263188
494263189
494265639
494265640
494265641
494265642
494265643
494265644
494265645
494265646
494265647
494265648
494265649
494265650
494265651
494265652
494265653
494265654
494265655
494265656
494265657
494265658
494265659
494265660
494265661
494265662
494265663
494265664
494265665
494265666
494265667
494265668
494265669
494265670
494265671
494265672
494265673
494265674
494265675
494265676
494265677
494268259
494268260
494268261
494268262
494268263
494268264
494268265
494268266
494268267
494268268
494268269
494268270
494268271
494268272
494268273
494268274
494268275
494268276
494268277
494268278
494268279
494268280
494268281
494268282
494268283
494268284
494268285
494268286
494268287
494268288
494268289
494268290
494268291
494268292
494268293
494268294
494268295
494268296
494268297
494268298
494268299
494268300
494268301
494268302
494268303
494268304
494268305
494268306
494268307
494268308
494450345
494450346
494450347
494450348
494450349
494450350
494450351
494450352
494450353
494450354
494450355
494450356
494450357
494450358
494450359
494450360
494450361
494450362
494450363
494450364
494450365
494450366
494450367
494450368
494450369
494450370
494450371
494450372
494450373
494450374
494450376
494450377
494450378
494450379
494450380
494450381
494450382
494450383
494450384
494450385
494474375
494474376
494474377
494474378
494474379
494474380
494474381
494474382
494474383
494474384
494474388
494474390
494474392
494474395
494474397
494474399
494474402
494474404
494474406
494474410
494474412
494474413
494474414
494474415
494474416
494474417
494474418
494474419
494474420
494474421
494474422
494474423
494474424
494474425
494474426
494474427
494474428
494474429
494474430
494474431
494474432
494474433
494474434
494474435
494474436
494474437
494474438
494474439
494474442
494474444
494474446
494474449
494474451
494474453
494474456
494474458
494474460
494474463
494474465
494474466
494474467
494474468
494474469
494474470
494474471
494474472
494474473
494474476
494474478
494474480
494474482
494474484
494474487
494474489
494474491
494474494
494474496
494474498
494474500
494474503
494474505
494474507
494474510
494474512
494474515
494474516
494474517
494474518
494474519
494474520
494474521
494474522
494474523
494474524
494474525
494474526
494474527
494474528
494474529
494474530
494474531
494474532
494474533
494474534
494474535
494474536
494474537
494474538
494474539
494474540
494474541
494474542
494474543
494474544
494474545
494474546
494474547
494474548
494474549
494474550
494474551
494474552
494474553
494474554
494474555
494474556
494474557
494474558
494474559
494474560
494474561
494474562
494474563
494474564
494474565
494474566
494474567
494474568
494474570
494474572
494474574
494474576
494474577
494474578
494477172
494477173
494477174
494477178
494477180
494477181
494477182
494477183
494477184
494477185
494477186
494477188
494477189
494477191
494477194
494477196
494477198
494477199
494477201
494477203
494477205
494477206
494477208
494477210
494477211
494477212
494477213
494477214
494477215
494477216
494477217
494477218
494477219
494477220
494477221
494477222
494477223
494477224
494477225
494477226
494477227
494477228
494477229
494477230
494477231
494477232
494477233
494477234
494477235
494477236
494477237
494479868
494479869
494479870
494479871
494479872
494479873
494479874
494479875
494479876
494479877
494479878
494479880
494479881
494479882
494479883
494479884
494479885
494479886
494479887
494479888
494479889
494479890
494479891
494479892
494479893
494479894
494479895
494479896
494479897
494479898
494479900
494479901
494479902
494479903
494479904
494479905
494479906
494479907
494479908
494480163
494480164
494480165
494480166
494480167
494480168
494480169
494480171
494480172
494482426
494482428
494482444
494482445
494482446
494482447
494482448
494482449
494482450
494482451
494482452
494482453
494482454
494482455
494482456
494482457
494482458
494482459
494482460
494482461
494482462
494482463
494482464
494482465
494482466
494482467
494482468
494482469
494482470
494482471
494482472
494483754
494483755
494483756
494483757
494483758
494483759
494483760
494483761
494483762
494483763
494483764
494483765
494483766
494483767
494483768
494483769
494483770
494483771
495711029
495711030
495711031
495711032
495711033
495711034
495711035
495711036
495711037
495711038
495711039
495711040
495711041
495711042
495711043
495711044
495711045
495711046
495711047
495711048
495711049
495711050
495711051
495711052
495711053
495711054
495711056
495711058
495711060
495711061
495711062
495711063
495711064
495711065
495711066
495711067
495711068
495711069
495711070
495711071
495711072
495711073
495711074
495711075
495711076
495711077
495711078
495711079
495711080
495711081
495711082
495711083
495711084
495711085
495711086
495711087
495711088
495711089
495711090
495711091
495711092
495711093
495711094
495711095
495711096
495711097
495711099
495711101
495711103
495711105
495711107
495711109
495711111
495711112
495711115
495711117
495711119
495711120
495711122
495711124
495711127
495711129
495711131
495711133
495711135
495711136
495711138
495711141
495711143
495711145
495711147
495711148
495711150
495850438
495850439
495850440
495850441
495850442
495850443
495850444
495850445
495850446
495850447
495850448
495850449
495850450
495850451
495850452
495850454
495850457
495850461
495850464
495850467
495850469
495850471
495850472
495850475
495850477
495850480
495850483
495850486
495850489
495850490
495850492
495850495
495850499
495850502
495850505
495850508
495850509
495850510
495850511
495850513
495850516
495850519
495850521
495850524
495850527
495850530
495850532
495850535
495850538
495850540
495850542
495850544
495850547
495850550
495850552
495850555
495850561
495850564
495850567
495850570
495850572
495850573
495850574
495850575
495850576
495850577
495850578
495850579
495850580
495850581
495850582
495850583
495850584
495850585
495850586
495852527
495852528
495852530
495852531
495852532
495852533
495852534
495852535
495852536
495852537
495852538
495852539
495852540
495852541
495852542
495852543
495852544
495852545
495852546
495852547
495852548
495852549
495852550
495852551
495852552
495852553
495852554
495852555
495852556
495852557
495852558
495852559
495852560
495854985
495911444
495911445
495911446
495911447
495911448
495911449
495911450
495911451
495911452
495911453
495911454
495911455
495911456
495911457
495911458
495911459
495911460
495911461
495911462
495911463
495911464
495911465
495911466
495911467
495911468
495911469
495911470
495911471
495911472
495911473
495911474
495911475
495911476
495911477
495911478
495911480
495911481
495911482
495911483
495911484
495911485
495911486
495911487
495911488
495911489
495911490
495911491
495911492
495911493
495911494
495911495
495911496
495911497
495911498
495911499
495911500
495911501
495911502
495911503
495911504
495911505
495911506
495911507
495911508
495911509
495911510
495911511
495911512
495911513
495911514
495911515
496001846
496001847
496001848
496001849
496001850
496001851
496001852
496001853
496001854
496001855
496001856
496001857
496001858
496001859
496001860
496001861
496001862
496001863
496001864
496001865
496001866
496001867
496001868
496001869
496001870
496001871
496001872
496001873
496001874
496001875
496001876
496001877
496001878
496001879
496001880
496001881
496001882
496001883
496001884
496001885
496001886
496001887
496001888
496001889
496001890
496001891
496001892
496001893
496001894
496001895
496001896
496001897
496001898
496001899
496001900
496001901
496001902
496001903
496001904
496001905
496001906
496001907
496001908
496001909
496001910
496001911
496001912
496001913
496001914
496001915
496001916
496001917
496001918
496001919
496001920
496001921
496001922
496001923
496001924
496001925
496001926
496001927
496001928
496001929
496001930
496001931
496001932
496001933
496001934
496001935
496001936
496001937
496001938
496001939
496001940
496001941
496001942
496001943
496001944
496001945
496001946
496001947
496001948
496001949
496001950
496001951
496001952
496001953
496001954
496001955
496001956
496001957
496001958
496001959
496001960
496001961
496001962
496001963
496001964
496001965
496001966
496001967
496001968
496001969
496001970
496003037
496003038
496003039
496003040
496003041
496003042
496003043
496003044
496003045
496003046
496003337
496003339
496003819
496003820
496003821
496003822
496003823
496003825
496003826
496003827
496003828
496003829
496003830
496003831
496003832
496003833
496003834
496003835
496003836
496003837
496003838
496003839
496003840
496003841
496072357
496072358
496072359
496072360
496072361
496072362
496072363
496072364
496072365
496072366
496072367
496072369
496072371
496072378
496072380
496072382
496072384
496072387
496072389
496072391
496072393
496072395
496072397
496072399
496072401
496072403
496072405
496072408
496072409
496072411
496072413
496072416
496072417
496072419
496072421
496072423
496072425
496072427
496072429
496072432
496072434
496072436
496072438
496072440
496072442
496072444
496072446
496072448
496072450
496072451
496072452
496072453
496072454
496072455
496072456
496072457
496072458
496072459
496072460
496072461
496072462
496072463
496072464
496072465
496072466
496072467
496072468
496072469
496072470
496072471
496072472
496072473
496072474
496072475
496072476
496072477
496072478
496072479
496072480
496072481
496072482
496072484
496072486
496072488
496072490
496072493
496072494
496072496
496072498
496072499
496072501
496072503
496072504
496072505
496072506
496072507
496072508
496072509
496072510
496072511
496072512
496072513
496072514
496072515
496072516
496072517
496072518
496072519
496072520
496072521
496072522
496072523
496072524
496072525
496072526
496072527
496072528
496072529
496072530
496072531
496072532
496072533
496072534
496072535
496072536
496072537
496072538
496072539
496072540
496072541
496072542
496072543
496072544
496072545
496072546
496072547
496072548
496072549
496072550
496072551
496072552
496072553
496072554
496072555
496072556
496072557
496072558
496072559
496584186
496584187
496584188
496584189
496584190
496584191
496584192
496584193
496584194
496584195
496584196
496584197
496584198
496584199
496584200
496584201
496584202
496584203
496584204
496584205
496584206
496584207
496584208
496584209
496584210
496584211
496584212
496584213
496584214
496584215
496584216
496584217
496584218
496584219
496584220
496584221
496584222
496584223
496584224
496584225
496584226
496584227
496584228
496584229
496584230
496584231
496584232
496584233
496584234
496584235
496584236
496584237
496584238
496584239
496584240
496584241
496584242
496584243
496584244
496584245
496584246
496584247
496584248
496584249
496584250
496584251
496584252
496584253
496584254
496584255
496584256
496584257
496584258
496584259
496584260
496584261
496584262
496584263
496584264
496584265
496584266
496584267
496584268
496584269
496584270
496584271
496584272
496584273
496584274
496584275
496584276
496584277
496584278
496584279
496584280
496584281
496584282
496584283
496584284
496584285
496584286
496584287
496584288
496584289
496584290
496584292
496584295
496584297
496584299
496584301
496584303
496584305
496587893
496587894
496587895
496587896
496587897
496587898
496587899
496587900
496587901
496587902
496587903
496587904
496587905
496587906
496587907
496587908
496587909
496587910
496587911
496587912
496587913
496587914
496587915
496587916
496587917
496587918
496587919
496587920
496587921
496587922
496587923
496587924
496587925
496587926
496587927
496587928
496587929
496587930
496587931
496587932
496587933
496587934
496587935
496587936
496590130
496590131
496590132
496590133
496590134
496590135
496590136
496590137
496590138
496590139
496590140
496590141
496590142
496590143
496590144
496590145
496590146
496590147
496590148
496590149
496590150
496590151
496590152
496590153
496590154
496590155
496590156
496590157
496590158
496590159
496590160
496590161
496591821
496615983
496623389
496623391
496623393
496623395
496623397
496623399
496623401
496623404
496623406
496623408
496623410
496623412
496623414
496623416
496623418
496623421
496623423
496623426
496623428
496623430
496623432
496623434
496623436
496623438
496623440
496623443
496623446
496623448
496623451
496623453
496623455
496623457
496623459
496623461
496623463
496623465
496623468
496623469
496623472
496623474
496623476
496623482
496623484
496623486
496716420
496716421
496716422
496716423
496716424
496716425
496716426
496716427
496716428
496716429
496716430
496716431
496716432
496716433
496716434
496716435
496716436
496716437
496716438
496716439
496716440
496716441
496716442
497090330
497091797
497093882
497093883
497093884
497093885
497093886
497093887
497093888
497093889
497093890
497093891
497093892
497093893
497093894
497093895
497093896
497093897
497093899
497093900
497093901
497093902
497093903
497093904
497093905
497093906
497093907
497093908
497093909
497093910
497093911
497093912
497093913
497093914
497093915
497093916
497164597
497164598
497164599
497164602
497164604
497164605
497164606
497164608
497164610
497164613
497164615
497164617
497164620
497164622
497164623
497164624
497164625
497164626
497164627
497164628
497164629
497164630
497164631
497164632
497164633
497164634
497164635
497164636
497164637
497164638
497164639
497164640
497164641
497164642
497164643
497164644
497164645
497164646
497164647
497164648
497164649
497164650
497164651
497164652
497165201
497176599
497176602
497176604
497176609
497176612
497176614
497176616
497176618
497176620
497176622
497176624
497176626
497176628
497176630
497176633
497176635
497176636
497176638
497176641
497176643
497176644
497176645
497176646
497176647
497176648
497176649
497176650
497176651
497176652
497176653
497176654
497176655
497176656
497176657
497176658
497176659
497176660
497176661
497176662
497176663
497176664
497176665
497176666
497176667
497176668
497176669
497176670
497176671
497176672
497176673
497176674
497176676
497176678
497176680
497176682
497176684
497176687
497176689
497176691
497176693
497176696
497176698
497176700
497176702
497176705
497176707
497176709
497176711
497176713
497176715
497176717
497176720
497176722
497176725
497179292
497179293
497179294
497179295
497179296
497179297
497179299
497179301
497179303
497179304
497179305
497179306
497179307
497179308
497179309
497179310
497179311
497179313
497179315
497179317
497179319
497179321
497179322
497179324
497179325
497179327
497179328
497179329
497179331
497179332
497179334
497179335
497179339
497179341
497179344
497179346
497179348
497179350
497179352
497179354
497179357
497179359
497179360
497179361
497179362
497179363
497179364
497179365
497179366
497179368
497179370
497179371
497179373
497179375
497179377
497179379
497179381
497179383
497179385
497179387
497179389
497179390
497179392
497179393
497179394
497179395
497179396
497179397
497179398
497179399
497179400
497179401
497179402
497179407
497179408
497179409
497179410
497179411
497179412
497179413
497179414
497179415
497179416
497179417
497179418
497179419
497179420
497184007
497184008
497184009
497184010
497184011
497184012
497184013
497184014
497184015
497184016
497184017
497184018
497184019
497184020
497184021
497184022
497184023
497184024
497184025
497184027
497184028
497184029
497184031
497184032
497184034
497184035
497184036
497184037
497184038
497184039
497184040
497184041
497184042
497184043
497184044
497184767
497184768
497184769
497184770
497184771
497184772
497184773
497184774
497184775
497184776
497184777
497184779
497184780
497184781
497184782
497184783
497184784
497184785
497184786
497184787
497184788
497184789
497184790
497184791
497184792
497184793
497184794
497184795
497184796
497184797
497703292
497703295
497703296
497703309
497703310
497703311
497703313
497704320
497704321
497704322
497704323
497704324
497704325
497704326
497704327
497704328
497704329
497704330
497704331
497704332
497704334
497704336
497704337
497704340
497704341
497704343
497704344
497704345
497704346
497704347
497704644
497704645
497704646
497704647
497704648
497705607
497705608
497705609
497705610
497705611
497705612
497705613
497705614
497705615
497705616
497705617
497705618
497705619
497705620
497705631
497705632
497705633
497705634
497705635
497705636
497705637
497705638
497705639
497705640
497705641
497705642
497705643
497705644
497705645
497705646
497705647
497706043
497706044
497706045
497706046
497706047
497706048
497706049
497706050
497706051
497706052
497706053
497706054
497706055
497706056
497706057
497706058
497706568
497706569
497706570
497706571
497706572
497706573
497706574
497706575
497706576
497706577
497706578
497706579
497706580
497707133
497707134
497707135
497707136
497707137
497707138
497707139
497707140
497707141
497707142
497707143
497707145
497707148
497707150
497707152
497707155
497707157
497707159
497707161
497707164
497707555
497707556
497707557
497707558
497707559
497707560
497707561
497707562
497707563
497707565
497707567
497707569
497707571
498183197
498183198
498183199
498183200
498183201
498183202
498183203
498183204
498183205
498183208
498183209
498183210
498183211
498183212
498183213
498183214
498183215
498183216
498183217
498183218
498183219
498183220
498183221
498183222
498183223
498183224
498183229
498183230
498183232
498183233
498183235
498183236
498183238
498183239
498183240
498183242
498183243
498183244
498183245
498183246
498183247
498183265
498183266
498183267
498183268
498183269
498183270
498183273
498183274
498183281
498183282
498183283
498183284
498183285
498183286
498183287
498183288
498183289
498183290
498183291
498183292
498183293
498183294
498183295
498183296
498183297
498183298
498468156
498468157
498468158
498468159
498468160
498468161
498468162
498468163
498468164
498468165
498468166
498468167
498468168
498468169
498468170
498468171
498468172
498468173
498468174
498468175
498468176
498468177
498468178
498468179
498468180
498468181
498468182
498468183
498468184
498468185
498468186
498468187
498468188
498468189
498468190
498468191
498468192
498468193
498468194
498468196
498468203
498468205
498468207
498468208
498468210
498468212
498468215
498468217
498468220
498468222
498468224
498468226
498468229
498468231
498468233
498468235
498468238
498468240
498468242
498468245
498468246
498468248
498468251
498468253
498468255
498468257
498468259
498468262
498468264
498468266
498468268
498468270
498471161
498471163
498471166
498471168
498471171
498471173
498471175
498471178
498471183
498471185
498471188
498471190
498471191
498471192
498471193
498471194
498471195
498471196
498471197
498471198
498471199
498471200
498471201
498471202
498471203
498471204
498471205
498471206
498471207
498471208
498597910
498597911
498597912
498597913
498597914
498597915
498597916
498597917
498597918
498597919
498597920
498597921
498597922
498597923
498597924
498597925
498597926
498597927
498597928
498597929
498597930
498597931
498597932
498597933
498597934
498597935
498597936
498597937
498597938
498597939
498597940
498597941
498597942
498597943
498597944
498597945
498597946
498597947
498597948
498597949
498597950
498597951
498597952
498597953
498597954
498597955
498597957
498597958
498597959
498597960
498597961
498597962
498597963
498597964
498597965
498597966
498597967
498597968
498597970
498597972
498597975
498597977
498597978
498597980
498597983
498597985
498597988
498597991
498597994
498597996
498597999
498598001
498598007
498598009
498598011
498598014
498598016
498598018
498598021
498598023
498598026
498598028
498598031
498598032
498598033
498598034
498598035
498598036
498598037
498598038
498598039
498598040
498598041
498598042
498598043
498598044
498598045
498598046
498598047
498598048
498598049
498598050
498598051
498598052
498598053
498598054
498598055
498598056
498598057
498598058
498598059
498598060
498598061
498598062
498598063
498598064
498598065
498598066
498598067
498598068
498598069
498598070
498598072
498598074
498598075
498598076
498598077
498603165
498603166
498603167
498603168
498603169
498603170
498603171
498603172
498603173
498603174
498603175
498603176
498603177
498603178
498603179
498603190
498603191
498603194
498603195
498603196
498603197
498603198
498603199
498603200
498603201
498603202
498603203
498603204
498603205
498603206
498603207
498603208
498603209
498603210
498603211
498603212
498603213
498603214
498603215
498603216
498603217
498603218
498603219
498603220
498603221
498603222
498603223
498603224
498603225
498603226
498603227
498603228
498603229
498603230
498603231
498603232
498603233
498603234
498603235
498603236
498603237
498603238
498603239
498603240
498603241
498603242
498603243
498603244
498603245
498603246
498603247
498603248
498603249
498603250
498603251
498603252
498603253
498603254
498603255
498603256
498603257
498603263
498603264
498603265
498603266
498603267
498603268
498603269
498603270
498603271
498603272
498603273
498603274
498603275
498603276
498603277
498603278
498603279
498603280
498603281
498603282
498603283
498914064
498914065
498914066
498914067
498914068
498914069
498914070
498914071
498914072
498914073
498914074
498914075
498914076
498914077
498914078
498914079
498914080
498914081
498914082
498914083
498914084
498914085
498914086
498914087
498914088
498914089
498914090
498914091
498914093
498914094
498914095
498914096
498914097
498914098
498914099
498914100
498914101
498914102
498914104
498914106
498914108
498914111
498914113
498914114
498914115
498914116
498914117
498914118
498914119
498914120
498914121
498914122
498914123
498914124
498914125
498914126
498914127
498914128
498914129
498914130
498914131
498914132
498914133
498914134
498914135
498914136
498914137
498914138
498914139
498914140
498914141
498914142
498914143
498914144
498914145
498914146
498914147
498914148
498914149
498914150
498914151
498914152
498914153
498914154
498914155
498914156
498914157
498914158
498914159
498914160
498914161
498914162
498914163
498914164
498914165
498914167
498914168
498914169
498914170
498914171
498914172
498914173
498914174
498914175
498914176
498914177
498914178
498914179
499133766
499133767
499133768
499133769
499133770
499133771
499133772
499133773
499133774
499133775
499133776
499133777
499133778
499133779
499133780
499133781
499133782
499133783
499133785
499133787
499133790
499133792
499133793
499133795
499133796
499133797
499133798
499133799
499133800
499133801
499133802
499133803
499133804
499133805
499133806
499133807
499133808
499133809
499133810
499133811
499133814
499133816
499133817
499133818
499133819
499133820
499133821
499133822
499133823
499133824
499133825
499133826
499133827
499133828
499133829
499133830
499133831
499133832
499133833
499133834
499133835
499133836
499133837
499133838
499133839
499133840
499133841
499135799
499135800
499135801
499135802
499135803
499135804
499135805
499135806
499135807
499135808
499135809
499135810
499135811
499135812
499135813
499135814
499135815
499135816
499135817
499135818
499135819
499135820
499135821
499135822
499135823
499135824
499135825
499135826
499135827
499135828
499135829
499135830
499135831
499135832
499135834
499135837
499135838
499135839
499135840
499135841
499135842
499135843
499135844
499135845
499135846
499135847
499135848
499135849
499135850
499135851
499135852
499135853
499138481
499138482
499138483
499138484
499138485
499138486
499138487
499138488
499138489
499138490
499138492
499138493
499138494
499138495
499138496
499138497
499138498
499138499
499138500
499138501
499138502
499138503
499138504
499138505
499138506
499138507
499138508
499138509
499138510
499138511
499138512
499138513
499138514
499138515
499138516
499138517
499138518
499138519
499138520
499138521
499138522
499138523
499138524
499138525
499138526
499138527
499138528
499138529
499138530
499138531
499138532
499138533
499138534
499138535
499138536
499138537
499138538
499138539
499138540
499138541
499138542
499138543
499138544
499138545
499138546
499138547
499138548
499138549
499138550
499801397
499801398
499801399
499801400
499801401
499801402
499801403
499801404
499801405
499801406
499801407
499801408
499801409
499801410
499801411
499801412
499801413
499801414
499801415
499801416
499801417
499801418
499801419
499801420
499801421
499801422
499801423
499801424
499801425
499801426
499801427
499801428
499801429
499801430
499801431
499801432
499801433
499801434
499801435
499801437
499801439
499801441
499801443
499801445
499801447
499801449
499801451
499801452
499801454
499801456
499801458
499801460
499801462
499801464
499801466
499801468
499801469
499801471
499801473
499801474
499801475
499801477
499801478
499801479
499801482
499801485
499801488
499802409
499802410
499802413
499802414
499802416
499802418
499802419
499802421
499802424
499802427
499802429
499802431
499802433
499802435
499802437
499802439
499802441
499802442
499802444
499802446
499802448
500353902
500353903
500353904
500353905
500353906
500353907
500353908
500353909
500353910
500353911
500353912
500353913
500353914
500353915
500353916
500353917
500353918
500353919
500353921
500353922
500353923
500353924
500353925
500353926
500353927
500353928
500353929
500353930
500353931
500353932
500353933
500355284
500355285
500355286
500355287
500355288
500355289
500355290
500355291
500355292
500355293
500355294
500620585
500620587
500620589
500620592
500620594
500620597
500620599
500620602
500620604
500620606
500620609
500620611
500620613
500620615
500620617
500620620
500620622
500620625
500620627
500620629
500620631
500620633
500620637
500620641
500620645
500620649
500620653
500620656
500620658
500620660
500620662
500620664
500620666
500620668
500620671
500620673
500620675
500620677
500620679
500620681
500620684
500620686
500620688
500620691
500620693
500620695
500620698
500623793
500623794
500623797
500623799
500623801
500623804
500623807
500623809
501035354
501035355
501035356
501039353
501737058
501737059
501737060
501737061
501737062
501737063
501737064
501737065
501737066
501737067
501737068
501737069
501737070
501737071
501737072
501737073
501737074
501737075
501737076
501737077
501737078
501737079
501737080
501737081
501737082
501737083
501737084
501737085
501737086
501737087
501737088
501737089
501737090
501737091
501737092
501737093
501737094
501737095
501737096
501737097
501737098
501737099
501737100
501737101
501737102
501737103
501737104
501737105
501737106
501737107
501737108
501737109
501737110
501737111
501737112
501737113
501737114
501737115
501737116
501737117
501737118
501737119
501737120
501737121
501737122
501737123
501779600
501779601
501779602
501779603
501779604
501779605
501779606
501779607
501779608
501779609
501779610
501779611
501779612
501779615
501779617
501779619
501779621
501779623
501779626
501779628
501779630
501779632
501779634
501779637
501779641
501779643
501779645
501779648
501779650
501779653
501779655
501779657
501779660
501779662
501779666
501779669
501779674
501779677
501779680
501779682
501779684
501779687
501779689
501779692
501779694
501779696
501779699
501779701
501779703
501779705
501779708
501779711
501779715
501779724
501779726
501779728
501779731
501779734
501779736
501779738
501779739
501779740
501779741
501779742
501779743
501779744
501779745
501779746
501779747
501779748
501779749
501779750
501779751
501779752
501779753
501779754
501779755
501779756
501779757
501779758
501779759
501779760
501779761
501779762
501779763
501779764
501779765
501779766
501779767
501779768
501779769
501779770
501779771
501779772
501779773
501779774
501779775
501779776
501779777
501779778
501779779
501779780
501779781
501779782
501779783
501779784
501779785
501779786
501779787
501779788
501779789
501779790
501779791
501779792
501779793
501779794
501779795
501779796
501779797
501779798
501779799
501779800
501779801
501779802
501779803
501779804
501779805
501779806
501779807
501779808
501779809
501779810
501779811
501779812
501779813
501779814
501779815
501779816
501780821
501780822
502337311
502337314
502337315
502337318
502337320
502337322
502337325
502337327
502337329
502337332
502337334
502337336
502337338
502337340
502337342
502337345
502337346
502337347
502337348
502337349
502337350
502337351
502337352
502337353
502337354
502337355
502337356
502337357
502337358
502337359
502337360
502337361
502337362
502337363
502337364
502337365
502337366
502337367
502337368
502337369
502337370
502337371
502337372
502337373
502337374
502337375
502337376
502337377
502337378
502337379
502337380
502337381
502337382
502337383
502337384
502337385
502337386
502337387
502337388
502337389
502337390
502337391
502337392
502337393
502424287
502424288
502424289
502424290
502424291
502424292
502424293
502424294
502424295
502424296
502424297
502424298
502424299
502424300
502424301
502424302
502424303
502424304
502424305
502424306
502424307
502424308
502424309
502424310
502424311
502424312
502424313
502424314
502424315
502424316
502424317
502424318
502424319
502424320
502424321
502424322
502424323
502424324
502424325
502424326
502424327
502424328
502424329
502424330
502424331
502424332
502424333
502424334
502425199
502425200
502425201
502425202
502425203
502425204
502425205
502425206
502425207
502425208
502425209
502425210
502425211
502425212
502425213
502425214
502425215
502425216
502425217
502425218
502425219
502425220
502425221
502426377
502426378
502426379
502426380
502426381
502426382
502426383
502426384
502426385
502426386
502426387
502426388
502426389
502426390
502426391
502426392
502426393
502426394
502426395
502426396
502426397
502426398
502426399
502426400
502426401
502426402
502426403
502426404
502426405
502535719
502535721
502535723
502535725
502752470
502752471
502752472
502752473
502752474
502752475
502752476
502752477
502752478
502752479
502752480
502752481
502752482
502752483
502752484
502752485
502752486
502752487
502752488
502752489
502752490
502752491
502752492
502752493
502752494
502752495
502752496
502752497
502752498
502752499
502752500
502752501
502752502
502753626
502753627
502753630
502753632
502753634
502753637
502753640
502753641
502753644
502753645
502753646
502753647
502753649
502753650
502753651
502753652
502753654
502753656
502753657
502753659
502753660
502753661
502753663
502753664
502753666
502753667
502753669
502753670
502753672
502756742
502756743
502756744
502756745
502756746
502756747
502756748
502756749
502756750
502756751
502756752
502756753
502756754
502756755
502756757
502756760
502756764
502756767
502756770
502756775
502756778
502756783
502756787
502756790
502756792
502756796
502756797
502756799
502756803
502756805
502756808
502756809
502756810
502756811
502756812
502756813
502756814
502756815
502756816
502756817
502756818
502756819
502758674
502765070
502765071
502765072
502765073
502765074
502765075
502765076
502765077
502765078
502765079
502765080
502765081
502765082
502765083
502765084
502765085
502765086
502765087
502765088
502765089
502765090
502765091
502765092
502765093
502765094
502765095
502765096
502765097
502765098
502765099
502765100
502765101
502765102
502765103
502765104
502765105
502765106
502765107
502765108
502765109
502765110
502765111
502765112
502765113
502765114
502765115
502765116
502765118
502765119
502765120
502765121
502765122
502765123
502765124
502765125
502765126
502765127
502765128
502765129
502765130
502765131
502765132
502765133
502765134
502765135
502765136
502765137
502765138
502765139
502765140
502765141
502765143
502765144
502765146
502765148
502765150
502765152
502765153
502765155
502765156
502765157
502765158
502765159
502765160
502765161
502765162
502765163
502765164
502765165
502765166
502765167
502765168
502765169
502765171
502765172
502765174
502765175
502765176
502765177
502765178
502765179
502765180
502765181
502765182
502765183
502765184
502765185
502765186
503812432
507625143
507625144
507625145
507625146
507625147
507625148
507625149
507625150
507625151
507625152
507625153
507625154
507625155
507625156
507625157
507625158
507625159
507625160
507625161
507625162
507625163
507625164
507625165
507625166
507625167
507625168
507625169
507625170
507625171
507625172
507625173
507625174
507625175
507625176
507625177
507625178
507625179
507625180
507625181
507625182
507625183
507625184
507625185
507625186
507625187
507625188
507625189
507625190
507625191
507625192
507625193
507625194
507625195
507625196
507625197
507625198
507625199
507625200
507625201
507625202
507625203
507625204
507625205
507625206
507625207
507625208
507625209
507625210
507625211
507625212
507625213
507625214
507625215
507625216
507625217
507625218
507625219
507625220
507625221
507625222
507625223
507625224
507625225
507625226
507625227
507625228
507625229
507625230
507625231
507625232
507625233
507625234
507625235
507625236
507625237
507625238
507625244
507625245
507625246
507625247
507625248
507625249
507625250
507625251
507625252
507625253
507625254
507625255
507625256
507625257
507625258
507625259
507625260
507625261
507625262
507625263
507625264
507625265
507625266
507625267
507625268
507625269
507625270
507625271
507625272
507625274
507625276
507625277
507625279
507625281
507625283
507625285
507625287
507625289
507625291
507625293
507625295
507972870
507972873
507972876
507972879
507972882
507972885
507972887
507972890
507972893
507972896
507972899
507972902
507972906
507972909
507972913
507972916
507972918
507972919
507972920
507972922
508245587
508245588
508245589
508245591
508245592
508245594
508245595
508245597
508245598
508245599
508245601
508245602
508245604
508245605
508245606
508245608
508245609
508245610
508245612
508245613
508245615
508245617
508245618
508245620
508245621
508245622
508245624
508245652
508245662
508245663
508245665
508246393
508246395
508246398
508246400
508246418
508246890
508246892
508587559
508587560
508587561
508587562
508587563
508587564
508587565
508587566
508587567
508587568
508587569
508587570
508587571
508587572
508587573
508587574
508587575
508587576
508587577
508587578
508587579
508587580
508587581
508587582
508587583
508587584
508587585
508587586
508587587
508587588
508587589
508587590
508587591
508587592
508587593
508587594
508587595
508587596
508587597
508587598
508587599
508587600
508587601
508587602
508587603
508587604
508587605
508587606
508587607
508587608
508587609
508587611
508587613
508587615
508587617
508587618
508587619
508587620
508587621
508587622
508587623
508587624
508587625
508587626
508587627
508587628
508587629
508587630
508587631
508587632
508587633
508587634
508587635
508587636
508587637
508587638
508587639
508587640
508587641
508587642
508587643
508587644
508587645
508587646
508587647
508587648
508587649
508587650
508587651
508587652
508587653
508587654
508587655
508587656
508587657
508587658
508587659
508587660
508587661
508587662
508587663
508587664
508587665
508587666
508587667
508587668
508587669
508587670
508587671
508587672
508587673
508587674
508587675
508587676
508587678
508587679
508587681
508587682
508587683
508587685
508587687
508587689
508587690
508587691
508587692
508587693
508587694
508587695
508587696
508587697
508587698
508587699
508587700
508587701
508587703
508587704
508587705
508587706
508587707
508587708
508587709
508587710
508587711
508587712
508587713
508587714
508587715
508587716
508587717
508587718
508589264
508589270
508589271
508589272
508589273
508589274
508589275
508589276
508589277
508589278
508589279
508589280
508589281
508589282
508589283
508589284
508589285
508589286
508589287
508722496
508722497
508722498
508722499
508722500
508722501
508722502
508722504
508722506
508722508
508722510
508722511
508722512
508722513
508722514
508722515
508722516
508722517
508722518
508722519
508722520
508722521
508722522
508722523
508722526
508722528
508722530
508722531
508722532
508722533
508722534
508722535
508722536
508722537
508722538
508722539
508722540
508722541
508722542
508722543
508722544
508722547
508722549
508722551
508722552
508722553
508722554
508722555
508722556
508723093
508723096
508723099
508723101
508723103
508723105
508869121
508869122
508869123
508869124
508869125
508869127
508869128
508869129
508869130
508869131
508869132
508869133
508869134
508869135
508869136
508869137
508869138
508869139
508869141
508869142
508869143
508869144
508869145
508869146
508869147
508869148
508869149
508869150
508869151
508869152
508869153
508869154
508869155
508869157
508869158
508869159
508869160
508869161
508869162
508869163
508869164
508869165
508869166
508869167
508869169
508869170
508869171
508869172
508869173
508869174
508869175
508869176
508869177
508869178
508869179
508869180
508869181
508869183
508869184
508869185
508869186
508869187
508869188
508869189
508869190
508869191
508869192
508869193
508869194
508869297
508869298
508873889
508873890
508873891
508873892
508873893
508873894
508873895
508873896
508873897
508873898
508873899
508873900
508873901
508873902
508873903
508873904
508873905
508873906
508873907
508873908
508873909
508873910
508873911
508873912
508873913
508873914
508873915
508873916
508873917
508873918
508873919
508873920
508873921
508877235
508877236
508877237
508877238
508877239
508877240
508877241
508877242
508877243
508877244
508877245
508877246
508877247
508877248
508877249
508877250
508877251
508877252
508877253
508877254
508877255
508877256
508877257
508877258
508877259
508877260
508877261
508877262
508877263
508877264
508877265
508878407
508878409
508878412
508878414
508878417
508878419
508878421
508878423
508878425
508878429
508878431
508878433
508878435
508878437
508878439
508878442
508878444
508878446
508878448
508878450
508878453
508878454
508878455
508878456
508878457
508878458
508878459
508878460
508878461
508878462
508878463
508878464
509090413
509090414
509090416
509090417
509090419
509090420
509090422
509090424
509090425
509090427
509090429
509090430
509090432
509090434
509090436
509090437
509090439
509090440
509090442
509090444
509090445
509090447
509090448
509090450
509090452
509090453
509090455
509090456
509090458
509090460
509090462
509090463
509090465
509090467
509090468
509090470
509090471
509090473
509090475
509090476
509090478
509090479
509090481
509090483
509090485
509090486
509090488
509090489
509090491
509090492
509090494
509090496
509090497
509090499
509090500
509090502
509090503
509090505
509090507
509090508
509090510
509090511
509090513
509090515
509090517
509090518
509090520
509090521
509090523
509090525
509090526
509090528
509090529
509090531
509093559
509093560
509093561
509093562
509093563
509093564
509093565
509093566
509093567
509093568
509093569
509093570
509093571
509093572
509093573
509093574
509093575
509093576
509093577
509093578
509093579
509093580
509093581
509093582
509093583
509093584
509093585
509093586
509093587
509093588
509093589
509093590
509093591
509093592
509093593
509093594
509093595
509093596
509093597
509093598
509093599
509093600
509093601
509093602
509093603
509093604
509093605
509093606
509093607
509093608
509093609
509093610
509093611
509093612
509093613
509093614
509093615
509093616
509093617
509093618
509093619
509093620
509093621
509093622
509093623
509093624
509093625
509093626
509093627
509093628
509093629
509093630
509093631
509093632
509093633
509093634
509093635
509093636
509093637
509093638
509093639
509093640
509093641
509093642
509093643
509093644
509093645
509093646
509093647
509093648
509096677
509096678
509096679
509096680
509096681
509096682
509096683
509096684
509096685
509096686
509096687
509096688
509096689
509096690
509096691
509096692
509096693
509096694
509096695
509096696
509096697
509096698
509096699
509098352
509098353
509098354
509098355
509098356
509098357
509098358
509098359
509098360
509098361
509098362
509098363
509098364
509098365
509098366
509098367
509098368
509098369
509098370
509098371
509098372
509098373
509098374
509098375
509098376
509098377
509098378
509098379
509098380
509098381
509271636
509271639
509271641
509271643
509271645
509271647
509271649
509271651
509271653
509271656
509271658
509271660
509271662
509271665
509271667
509271669
509271671
509271673
509271675
509271678
509271680
509271682
509271684
509271686
509271689
509271691
509271693
509271696
509271698
509271700
509271703
509271705
509271707
509271709
509271711
509271712
509271713
509271714
509271715
509271716
509271717
509271718
509271719
509271720
509271721
509271722
509271723
509271724
509271725
509271726
509271727
509271728
509271729
509271730
509271731
509271732
509271733
509271734
509271735
509271736
509271737
509271738
509271739
509271740
509271741
509271742
509271743
509271744
509271745
509271746
509271747
509271748
509271749
509271750
509271751
509271752
509271753
509271754
509271755
509271756
509271757
509271758
509271759
509271760
509271761
509271762
509271763
509271764
509271765
509271766
509271767
509271768
509271769
509271770
509271771
509271772
509271773
509271774
509271775
509271776
509271777
509271778
509271779
509271780
509271782
509271784
509275042
509275043
509275044
509275045
509275046
509275047
509275048
509275049
509275050
509275051
509275052
509275053
509275054
509275055
509275056
509275057
509275058
509275059
509275060
509275061
509275062
509275063
509275064
509275065
509275066
509275067
509275068
509275069
509275070
509275071
509275072
509275073
509275074
509275075
509275076
509275077
509275078
509275079
509275080
509275081
509275082
509275083
509275084
509275085
509275086
509275087
509275088
509276423
509276424
509276425
509276426
509276427
509276428
509276429
509276430
509276431
509276432
509276433
509276434
509276435
509276436
509276437
509276438
509276439
509276440
509276441
509276442
509276443
509276444
509276445
509276446
509276447
509276448
509276449
509276450
509276451
509276452
509276453
509276454
509276455
509276978
509276979
509276980
509276981
509276982
509276983
509276984
509276985
509276986
509276989
509278983
509278984
509278985
509278986
509282456
509762631
509762632
509762633
509762634
509762635
509762636
509762637
509762638
509762639
509762641
509762642
509762643
509762644
509762645
509762646
509762647
509762648
509762649
509762650
509762651
509762652
509762653
509762654
509762655
509762656
509762657
509762658
509762659
509762660
509762661
509762662
509762663
509762664
509762665
509762666
509762667
509762669
509762672
509762673
509762674
509762675
509762676
509762677
509762678
509762679
509762680
509762681
509762682
509762683
509762684
509762685
509762686
509762687
509762688
509762689
509762690
509762691
509762692
509762693
510016337
510373659
510373660
510373661
511010250
511010251
511010252
511010253
511010254
511010255
511010256
511010257
511010258
511010259
511010260
511010261
511010262
511010263
511010264
511010265
511010266
511010267
511010268
511010269
511010270
511010271
511017500
511017501
511017502
511017506
511017507
511017509
511017510
511017511
511017513
511017517
511017518
511017519
511017520
511017521
511017522
511017523
511017524
511017525
511017526
511017527
511017528
511017529
511017531
511017535
511017536
511017538
511017539
511017540
511017541
511017542
511017543
511017544
511017545
511017546
511017547
511017548
511017549
511017550
511017551
511017552
511017553
511017554
511017555
511017556
511017558
511017560
511017562
511017565
511017567
511017569
511017571
511017574
511017576
511017578
511017581
511017583
511017585
511017589
511017592
511017595
511017598
511017601
511017605
511017608
511017613
511017617
511017620
511017625
511017630
511017633
511017636
511017640
511017644
511019162
511019163
511019164
511019165
511019166
511019167
511019168
511019169
511019170
511019171
511019172
511019173
511019174
511019175
511019674
511019675
511019676
511019677
511019678
511019679
511019680
511019681
511022974
511022975
511022976
511022977
511022978
511022979
511022980
511022981
511022982
511022983
511022984
511022985
511022986
511022987
511022988
511022989
511022990
511022991
511022992
511022993
511022994
511022995
511022996
511022997
511022998
511022999
511023000
511023001
511023002
511023245
511023246
511023247
511023248
511023249
511023250
511023251
511023253
511023255
511023729
511023730
511023731
511023732
511023733
511023734
511023735
511023736
511024954
511024957
511024959
511024961
511024963
511024965
511024967
511024968
511024969
511024970
511024971
511024972
511024973
511024974
511024975
511024976
511024977
511024978
511024979
511024980
511024981
511024982
511024983
511025415
511025416
511025417
511025418
511025419
511025420
511025421
511025422
511025423
511035219
511035220
511035221
511035222
511035223
511035224
511035225
511035226
511035227
511035228
511035229
511035230
511035231
511035232
511035233
511035234
511035235
511035236
511035237
511035238
511035240
511035242
511035244
511077027
511077028
511077029
511077030
511077031
511077032
511077033
511077034
511077035
511077036
511077037
511077038
511077039
511077040
511077041
511077042
511077043
511077044
511077045
511077046
511077047
511077048
511077049
511077050
511077051
511077052
511077053
511077054
511077055
511077056
511077057
511077058
511077059
511077060
511077061
511077062
511077063
511077064
511077065
511077066
511077067
511077068
511077069
511077070
511077071
511077072
511077073
511077074
511077075
511077076
511077077
511077078
511077079
511077080
511077081
511077082
511077083
511077084
511077085
511077086
511077087
511077088
511077089
511077090
511077091
511077092
511077093
511077094
511077095
511077096
511077097
511077098
511077099
511077100
511077101
511077102
511077103
511077104
511077105
511077106
511077107
511077108
511077109
511077110
511077112
511077114
511077117
511077119
511077122
511077124
511077127
511077128
511077129
511077130
511077131
511077132
511077133
511077134
511077135
511077136
511077137
511077138
511077139
511077140
511077141
511079659
511079660
511079661
511079662
511079663
511079664
511079665
511079666
511079667
511079668
511079669
511079670
511079671
511079672
511079673
511079674
511079675
511079676
511079677
511079678
511079679
511079680
511079681
511079682
511079683
511079684
511079685
511079686
511079687
511079688
511079689
511079690
511079691
511079692
511079693
511079694
511079695
511079696
511079697
511079698
511079699
511079700
511079701
511079702
511079703
511081168
511081169
511081170
511081171
511081172
511081173
511081174
511081175
511081176
511081177
511081178
511081179
511081180
511081181
511636188
511636189
511636190
511636191
511636192
511636193
511636194
511636195
511636196
511636197
511636198
511636199
511636200
511636201
511636202
511636203
511636204
511636205
511636206
511636207
511636208
511636209
511636210
511636211
511636212
511636213
511636215
511636217
511636218
511636220
511636222
511636224
511636225
511636226
511636228
511636230
511636232
511636235
511636237
511636239
511636244
511636248
511636250
511636251
511636252
511636253
511636254
511636255
511636256
511636257
511636258
511636259
511636260
511636261
511636262
511636263
511636264
511636265
511636266
511636267
511636268
511636269
511636270
511636271
511636272
511636273
511636274
511636275
511636276
511636278
511636279
511636280
511636281
511636282
511636283
511636284
511636285
511636286
511636287
511636288
511636289
511636290
511636291
511636292
511636293
511636294
511636295
511636296
511636297
511636298
511636299
511636300
511636301
511636302
511636303
511636304
511636305
511636306
511637911
511637912
511637913
511637914
511637915
511637916
511637917
511637918
511637919
511637920
511637921
511637922
511637923
511637924
511637925
511637926
511637927
511637928
511637929
511637930
511637931
511637933
511637934
511637936
511637937
511637938
511637939
511637940
511637941
511637942
511637943
511637944
511637945
511637946
511637947
511637948
511637949
511637950
511637951
511637952
511637953
511637954
511637955
511637956
511637957
511637958
511637959
511644084
511644085
511644087
511644089
511644092
511644094
511644096
511644099
511644101
511644103
511644105
511644107
511644109
511644110
511644112
511644114
511644117
511644118
511644121
511644123
511644125
511644127
511644129
511644131
511644133
511644136
511644138
511644140
511644142
511644144
511644147
511644149
511644159
511644162
511644165
511644169
511644173
511644176
511644179
511644183
511644187
511644190
511644194
511644198
511644201
511644205
511644209
511644213
511644217
511644222
511644225
511644228
511644230
511644232
511644235
511644237
511644240
511644243
511644245
511644248
511644249
511644250
511644251
511644252
511644253
511644254
511644255
511644256
511644257
511644258
511644259
511644261
511644262
511644263
511644264
511644265
511644266
511644269
511644270
511644271
511644272
511644275
511644277
511644280
511644283
511644285
511644287
511644290
511644292
511644295
511644298
511644300
511644302
511644305
511644307
511644309
511644312
511644314
511644317
511644319
511721737
511721741
511721745
511721749
511721756
511721759
511721761
511721764
511721766
511721768
511721771
511721773
511721776
511721778
511721780
511721782
511721784
511721787
511721789
511721791
511721794
511721796
511721798
511721800
511721803
511721805
511721807
511721810
511721812
511721813
511721815
511721818
511721820
511721822
511721825
511721827
511721829
511721832
511721834
511721836
511721839
511721841
511721844
511721846
511721847
511721848
511721849
511721850
511721851
511721852
511721853
511721854
511721855
511721856
511721857
511721858
511721859
511721860
511721861
511721862
511721863
511721864
511721865
511721866
511721867
511721868
511721869
511721870
511721871
511721872
511721873
511721874
511721875
511721876
511721878
511721880
511721881
511721882
511721883
511721884
511721885
511721886
511721887
511721888
511721889
511721890
511721891
511721892
511721893
511721894
511721895
511721896
511721897
511721898
511721899
511721900
511721901
511721902
511721903
511721904
511721905
511721906
511721908
511721909
511721910
511721911
511721912
511721913
511721914
511721915
511721916
511721917
511721918
511770312
511770313
511770314
511770315
511770316
511770317
511770318
511770319
511770320
511770321
511770322
511770323
511770324
511770325
511770326
511770327
511770328
511770329
511770330
511770331
511770332
511770333
511770334
511770335
511770336
511770337
511770338
511770339
511770340
511770341
511770342
511770343
511770344
511770345
511770346
511770347
511770348
511770349
511770350
511770351
511770352
511770353
511770354
511770355
511770356
511770357
511770358
511770359
511770360
511770361
511770362
511771712
511771713
511771714
511771715
511771716
511771717
511771718
511771719
511771720
511771721
511771722
511771723
511771724
511771725
511771726
511771727
511771728
511771729
511771730
511771731
511771732
511771733
511771734
511771735
511771736
511771737
511771738
511771739
511771740
511771741
511771742
511771743
511771744
511771745
511771746
511771747
511771748
511771749
511771750
511771751
511771752
511771753
511771754
511771755
511771756
511771757
511772441
511772442
511772443
511772444
511772445
511772446
511772447
511772448
511772449
511772450
511772451
511772452
511772453
511772454
511772953
511772954
511772955
511772956
511772957
511772958
511772959
511772960
511772961
511772962
511772963
511772964
511772965
511776518
511776521
511776523
511776525
511776527
511776529
511776531
511776534
511776535
511776537
511776539
511776541
511776543
511776545
511776546
511776549
511776551
511776553
511776555
511776557
511776560
511776562
511776564
511776565
511776567
511776570
511776572
511776574
511776576
511776577
511776580
511776583
511776586
511776589
511776592
511776597
511776601
511776604
511776607
511776611
511776613
511776614
511776615
511776616
511776617
511776618
511776619
511776620
511776621
511776622
511776623
511776624
511776627
511776629
511776630
511776632
511776633
511776634
511776635
511776636
511776637
511776638
511776639
511776640
511776641
511776642
511776643
511776644
511776645
511776646
511776647
511776648
511776649
511776650
511776651
511776652
511776653
511776654
511776655
511776656
511776657
511776658
511802758
511802759
511802760
511802761
511802762
511802763
511802764
511802765
511802766
511802767
511802768
511802769
511802770
511802771
511802772
511802773
511802774
511802775
511802776
511802777
511802778
511802779
511802780
511802781
511802782
511802783
511802784
511802785
511802786
511802787
511802788
511802790
511802791
511802792
511802793
511802794
511802795
511802796
511802797
511802798
511802799
511802800
511802801
511802802
511802803
511802805
511802806
511802807
511802808
511802809
511802810
511802811
511802812
511802813
511802814
511802815
511802816
511802817
511802818
511802819
511802820
511802821
511802822
511802823
511802824
511802825
511802826
511802827
511802828
511802829
511802830
511802831
511802832
511802833
511802834
511802835
511802836
511802837
511802838
511802839
511802840
511802841
511802842
511802843
511802844
511802845
511802846
511802847
511802848
511802849
511802850
511802851
511802852
511802853
511802854
511802855
511802856
511802857
511802858
511802859
511802860
511802861
511802862
511802863
511802864
511802865
511802866
511802867
511802868
511802869
511802870
511805971
511805972
511805973
511805974
511805975
511805976
511805977
511805978
511805979
511805980
511805981
511805982
511805983
511805984
511805985
511805986
511805987
511805988
511805989
511805990
511805991
511805992
511805993
511805994
511805995
511805996
511805997
511805998
511805999
511806000
511806001
511806002
511806003
511806004
511806005
511812417
511812418
511812419
511812420
511812422
511812423
511812424
511812426
511812427
511812428
511812429
511812430
511812432
511812433
511812434
511812435
511812437
511812438
511812439
511812440
511812441
511812442
511812444
511812445
511812446
511812448
511812449
511812451
511812452
511812453
511812454
511812456
511812457
511812458
511812459
511812461
511812462
511812463
511812464
511812465
511812466
511812468
511812469
511812470
511812471
511812473
511812475
511812476
511812478
511812479
511812480
511812481
511812482
511812484
511812485
511812486
511812487
511812488
511812490
511812491
511812492
511812495
511812496
511812497
511812499
511812500
511812503
511812505
511812507
511812509
511812512
511812515
511812517
511812519
511812522
511812523
511812525
511812526
511812527
511812528
511812529
511812530
511812532
511812533
511812534
511812535
511812536
511812537
511812539
511812540
511812541
511812542
511812543
511812545
511812546
511812547
511812548
511812549
511812551
511812552
511812553
511812554
511812555
511812557
511812558
511812559
511812560
511812561
511812563
511812564
511812565
511812567
511812568
511812571
511812573
511812575
511812577
511812579
511812581
511812582
511812584
511812586
511812588
511812591
511812593
511812595
511812596
511812598
511812599
511812601
511812602
511812603
511812604
511812606
511812607
511812608
511812609
511812610
511812613
511812614
511812615
511812616
511812617
511812619
511812620
511812621
511813463
511813464
511813466
511813467
511813469
511813470
511813471
511813472
511813474
511813475
511813476
511813477
511813478
511813480
511813481
511813482
511813483
512198294
512198295
512198296
512198297
512198298
512198299
512198300
512198301
512198302
512198303
512198304
512198305
512198306
512198307
512198308
512198309
512198310
512198311
512198312
512198313
512198314
512198315
512198316
512198317
512198318
512198319
512198320
512198321
512198322
512198323
512198324
512198325
512198326
512198327
512198328
512198329
512198330
512198331
512198332
512198333
512198334
512198335
512198336
512198337
512198338
512198339
512198340
512198341
512198342
512198343
512198344
512198345
512198346
512198347
512198348
512198349
512198350
512198351
512198352
512198353
512198354
512198355
512198356
512198357
512198358
512198359
512198360
512198361
512198362
512198363
512198364
512198365
512198366
512198367
512198368
512198369
512198370
512198371
512198372
512198373
512198374
512198375
512198376
512198377
512198378
512198379
512198380
512198381
512198382
512198383
512198384
512203320
512203321
512203322
512203323
512203324
512203325
512203326
512203327
512203328
512203329
512203330
512203331
512203332
512203333
512203334
512203335
512203336
512203337
512203338
512203339
512203340
512203341
512203342
512203343
512203344
512203345
512203346
512203347
512203348
512203349
512203350
512203351
512203352
512203353
512203354
512203355
512203356
512203357
512203358
512203359
512203360
512203362
512203364
512203366
512203369
512203371
512203373
512203374
512203376
512203379
512203382
512203385
512203387
512203390
512203392
512203394
512203396
512203398
512203400
512203402
512203404
512203406
512203408
512203409
512203411
512203413
512203416
512203418
512203420
512203422
512203424
512203425
512203427
512203429
512203431
512203433
512203435
512203437
512203440
512203442
512203444
512203446
512203447
512203448
512203449
512203450
512203451
512203452
512203453
512203454
512203455
512203456
512203457
512203458
512203459
512203460
512203461
512203462
512203463
512203464
512203465
512203466
512203467
512203468
512203469
512203470
512203471
512203472
512203473
512203474
512203475
512203476
512203477
512203478
512203479
512203480
512203481
512203482
512203483
512203484
512203485
512203486
512203489
512203491
512203493
512203494
512203495
512203496
512203497
512203498
512203499
512203500
512203501
512203502
512348564
512348565
512348566
512348567
512348568
512348569
512348570
512348571
512348572
512348573
512348574
512348575
512348576
512348577
512348578
512348579
512348580
512348581
512348582
512348583
512348584
512348585
512348588
512348590
512348593
512348595
512348597
512348598
512348599
512348600
512348601
512348602
512348603
512348605
512348606
512348607
512348608
512348609
512348610
512348611
512348612
512348613
512348614
512348615
512348616
512348617
512348618
512348619
512348620
512348621
512348622
512348623
512348624
512348625
512348626
512348627
512348628
512348629
512348630
512348631
512348632
512348633
512348634
512348635
512348636
512348637
512348638
512348639
512348640
512348641
512348642
512348643
512348644
512348645
512348646
512348647
512348648
512348649
512348650
512348651
512348652
512348653
512348654
512348655
512348656
512348657
512348658
512348659
512348660
512348661
512348662
512348663
512348664
512348665
512348666
512348667
512348668
512348669
512348670
512348672
512348673
512348674
512348675
512348676
512348677
512348678
512348679
512348680
512348681
512348682
512348683
512348684
512348685
512348686
512348687
512348688
512348689
512348690
512348691
512348692
512348693
512348694
512348695
512348696
512348697
512348698
512348699
512348700
512348701
512348702
512348703
512348704
512348705
512348706
512348707
512348708
512348709
512348710
512348712
512348713
512348714
512348715
512348716
512348717
512348718
512348719
512348720
512348721
512348722
512348723
512348724
512348725
512348726
512348727
512348728
512348729
512348730
512348731
512348732
512348733
512348734
512348735
512348736
512348737
512348738
512348739
512348740
512348741
512348742
512348743
512348744
512348745
512348746
512348748
512348751
512348752
512348753
512348754
512348755
512348756
512348757
512348758
512348759
512348760
512348761
512348762
512348763
512348764
512348765
512348766
512348767
512348768
512348769
512348771
512348772
512348773
512348774
512348775
512348776
512348777
512348778
512348779
512348780
512348781
512348782
512348783
512348784
512348785
512348786
512348787
512348788
512348789
512348790
512348791
512348792
512348793
512348794
512348795
512348796
512348797
512349315
512349316
512349317
512349318
512349319
512349320
512349321
512349322
512349323
512349324
512349325
512475257
512475258
512475259
512475260
512475261
512475262
512475263
512475264
512475265
512475266
512475267
512475268
512475270
512475273
512475281
512475283
512475284
512475286
512475287
512475288
512475289
512475290
512475291
512475292
512475293
512475294
512475295
512475296
512475297
512475298
512475299
512475300
512475301
512475302
512475303
512475304
512475305
512475306
512475307
512475308
512475309
512475310
512475311
512475312
512475313
512475314
512475315
512475316
512475317
512475318
512475319
512475320
512475321
512475322
512475323
512475324
512475325
512475326
512475327
512475328
512475329
512475330
512475331
512475332
512475333
512475334
512475336
512475337
512475338
512475339
512475340
512475341
512475342
512475343
512475344
512475346
512475347
512475348
512475349
512475350
512475351
512475352
512475354
512475357
512475359
512475360
512475361
512475362
512475364
512475367
512475369
512475372
512475374
512475376
512475379
512475381
512475383
512475386
512475388
512475390
512475393
512477990
512477991
512477992
512477994
512477996
512477997
512477998
512477999
512478000
512478001
512478002
512478003
512478004
512478005
512506355
512506356
512506357
512506358
512506359
512506360
512506361
512506362
512506363
512506365
512506366
512506367
512506368
512506369
512506370
512506371
512506372
512518393
512523130
512523131
512523132
512523133
512523134
512523135
512523136
512523137
512523138
512523139
512523140
512523141
512523142
512523143
512523144
512523145
512523146
512523148
512523150
512523151
512523152
512523153
512523154
512523155
512523156
512523157
512523158
512523159
512523160
512523161
512523162
512523163
512523164
512523165
512523166
512523167
512523168
512523169
512523170
512523171
512523172
512523173
512523174
512902840
512902841
512902842
512902843
513562834
513562835
513562836
513562837
513562838
513562839
513562840
513562841
513562842
513574657
513574658
513574659
513574660
513574661
513574662
513574663
513574664
513574665
513574666
513574667
513574668
513574669
513574670
513574671
513574672
513574673
513574674
513574675
513574676
513574677
513574678
513574679
513574680
513574681
513574682
513574683
513574684
513574685
513574686
513574687
513574688
513574689
513574690
513574691
513574692
513574693
513574694
513574695
513574696
513574697
513574698
513574699
513574700
513574701
513574702
513574703
513574704
513574705
513574706
513574707
513574708
513574709
513574710
513574711
513574712
513574713
513574714
513574715
513574716
513575942
513575944
513575946
513575947
513575948
513575951
513575953
513575956
513575957
513575958
513575959
513575960
513575961
513575962
513575963
513575964
513585693
513585694
513585695
513585696
513585697
513585698
513585699
513585700
513585701
513585702
513585703
513585704
513585705
513585706
513585707
513585708
513585709
513585710
513585711
513585713
513585714
513585715
513585716
513585717
513585718
513585719
513585720
513585721
513585722
513585723
513585724
513585725
513585726
513585727
513585728
513585729
513585730
513585731
513585732
513585733
513585734
513585735
513585736
513585737
513585738
513585739
513585740
513585741
513585742
513585743
513585744
513585745
513585746
513585747
513585748
513585749
513585750
513585751
513585752
513585753
513585754
513585755
513585756
513585757
513585758
513585759
513585760
513585761
513585762
513585763
513585764
513585765
513585766
513585767
513585768
513585769
513585770
513585771
513585772
513585773
513585774
513585775
513585776
513585777
513585778
513585779
513585780
513585781
513585782
513585783
513585784
513585785
513585786
513585787
513585788
513585789
513585790
513585791
513585792
513585793
513588902
513588905
513588907
513588910
513588913
513588915
513588917
513588919
513588921
513588922
513588923
513588924
513588925
513598677
513598678
513598679
513598681
513598683
513598686
513598688
513598690
513598693
513598695
513598698
513598700
513598703
513598705
513598708
513598710
513598713
513598715
513598718
513598720
513598722
513598725
513598727
513598730
513598732
513598734
513598737
513598740
513598743
513598745
513598748
513598750
513598752
513598755
513598757
513598759
513598761
513598763
513807368
513807369
513807370
513807371
513807372
513807373
513807374
513807375
513807376
513807377
513807378
513807380
513807383
513807384
513807385
513807386
513807387
513807388
513807389
513807390
513807391
513807392
513807393
513807394
513807395
513807396
513807397
513807398
513807399
513807400
513807401
513807402
513807403
513807404
513807405
513807406
513807407
513807408
513807409
513807410
513807411
513807412
513807413
513807414
513807415
513807416
513807417
513807418
513807419
513807420
513807421
513807422
513807423
513807424
513807425
513807426
513807427
513807428
513807429
513807430
513807431
513807432
513807433
513807434
513807435
513807436
513807437
513807438
513807439
513807440
513807441
513807442
513807443
513807444
513807445
513807446
513807447
513807448
513807449
513807450
513807451
513807452
513807453
513807454
513807455
513807456
513807457
513807458
513807459
513807460
513807461
513807462
513807463
513807464
513807465
513807466
513807467
513807468
513807469
513807470
513807471
513807472
513807473
513807474
513807475
513807476
513807477
513807478
513807479
513807480
513807481
513807482
513807483
513807484
513807485
513807486
513807487
513807488
513807489
513807490
513807491
513807492
513807493
513807494
513807495
513807496
513807497
513807498
513807499
513807500
513807501
513807502
513807503
513807504
513807505
513807506
513807507
513807508
513807509
513807510
513807511
513807512
513807513
513807514
514801721
514801722
514801723
514801724
514801725
514801726
514801727
514801728
514801729
514801730
514801731
514801732
514801733
514801734
514801735
514801736
514801737
514801738
514801739
514801740
516022642
516022643
516022645
516022646
516022647
516022648
516022649
516022650
516022651
516022652
516022653
516022654
516022655
516022656
516022657
516022658
516022659
516022660
516022661
516022662
516022663
516022664
516022665
516022666
516022667
516022668
516022669
516022670
516022671
516022672
516022673
516022674
516022675
516022676
516022677
516022678
516022679
516022680
516022681
516022682
516022683
516022684
516022685
516022686
516022687
516022688
516022689
516022690
516022691
516022692
516022693
516022694
516022695
516022696
516022697
516022698
516022699
516022700
516022701
516022702
516022703
516022704
516022705
516022706
516022707
516022708
516022709
516022710
516022711
516022712
516022713
516022714
516022715
516022716
516022717
516022718
516022719
516022720
516022721
516022722
516022723
516022724
516022725
516022726
516022727
516022728
516022729
516022730
516022731
516022732
516022733
516022734
516022735
516022736
516022737
516022738
516022739
516022740
516022741
516022742
516022743
516022744
516022745
516022747
516022748
516022749
516022750
516022751
516022752
516022753
516022754
516022755
516022756
516022757
516022758
516022759
516022760
516022761
516022762
516022763
516022764
516022765
516022766
516022767
516022768
516022769
516022770
516022771
516022772
516022773
516022774
516022775
516054472
516054473
516054474
516054475
516054476
516054477
516054478
516054479
516054480
516054481
516054482
516054483
516054484
516054485
516054486
516054487
516054488
516054489
516054490
516054491
516054492
516054493
516054494
516054495
516054496
516054497
516054498
516054499
516054500
516054501
516054502
516054503
516054504
516054505
516054506
516132606
516132608
516132611
516132613
516132615
516132617
516132619
516132621
516132623
516132626
516132628
516132630
516132636
516132638
516132640
516132642
516132645
516132647
516132649
516132651
516132653
516132655
516132657
516132659
516132662
516132665
516132668
516132671
516132673
516132676
516132679
516132682
516132685
516132687
516132689
516132692
516132694
516132696
516132699
516132701
516132703
516132706
516132710
516132712
516132714
516132716
516132719
516132721
516132723
516132725
516132727
516132729
516132731
516132733
516132735
516132737
516132740
516132742
516132744
516132746
516132748
516132750
516132752
516132755
516132758
516132761
516410722
516410723
516410724
516410725
516410726
516410727
516410728
516410729
516410730
516410731
516410732
516410733
516410734
516410735
516410736
516410737
516410738
516410739
516410740
516410741
516410742
516410743
516410744
516410745
516410746
516410747
516410748
516410749
516410750
516410751
516410752
516410753
516410754
516410755
516410756
516410757
516410758
516410759
516410760
516410761
516410762
516410763
516410764
516410765
516410766
516410767
516410768
516410769
516410770
516410771
516410772
516410773
516410774
516410775
516410776
516410777
516410778
516410779
516410780
516410781
516410782
516410783
516410784
516410785
516410786
516410787
516410788
516410789
516410790
516410791
516410792
516410793
516410794
516410795
516410796
516410797
516410798
516410799
516410800
516410801
516410802
516410803
516410804
516410805
516410806
516412523
516412524
516412525
516412526
516412527
516412528
516467152
516467153
516467154
516467155
516467156
516467157
516467158
516467159
516467160
516467161
516467162
516467163
516467164
516467165
516467166
516467167
516467168
516467169
516467170
516467171
516467172
516467173
516467174
516467175
516467176
516467177
516467178
516467179
516467180
516467181
516467182
516467183
516467192
516467193
516467194
516467195
516467196
516467197
517392325
517392326
517392327
517392328
517392329
517392330
517392331
517392332
517392333
517392334
517392335
517392336
517392337
517392338
517392339
517392340
517392341
517392342
517392343
517392344
517392345
517392346
517392347
517392348
517392349
517392350
517392351
517392352
517392353
517392354
517392355
517392356
517392357
517392358
517392359
517392360
517392361
517392362
517392363
517392364
517392365
517392366
517392367
517392368
517392369
517392370
517392371
517392372
517392373
517392374
517392376
517392377
517392378
517392379
517392380
517392381
517392382
517392383
517392384
517392385
517392386
517392387
517392388
517392389
517392390
517392391
517392392
517392393
517392394
517392395
517392396
517392397
517392398
517392399
517392400
517392401
517392402
517392403
517392404
517392405
517392406
517392407
517392408
517392409
517392410
517392411
517392412
517392413
517392414
517392415
517392416
517392417
517392418
517392419
517392420
517392421
517392422
517392423
517392424
517392425
517392426
517392427
517392428
517392429
517392430
517392431
517392432
517392433
517392434
517392435
517392436
517392437
517392438
517392439
517392440
517392441
517392442
517392443
517392444
517392445
517392446
517392447
517392448
517392449
517392450
517392451
517392452
517392453
517392454
517392455
517392456
517392457
517392458
517392459
517392460
517392461
517392462
517392463
517392464
517392465
517392466
517392467
517392468
517392469
517392470
517392471
517392472
517392473
517392474
517392475
517397903
517397904
517397905
517397906
517397907
517397908
517397909
517397910
517397911
517397912
517397913
517397914
517397915
517397922
517397923
517397924
517397926
517397929
517397931
517397960
517397961
517397962
517397963
517397964
517397965
517397966
517397967
517397968
517397969
517397970
517397971
517397972
517397973
517397974
517397975
517397976
517397977
517397978
517397979
517397980
517397981
517397982
517397983
517397984
517397985
517397986
517397987
517397988
517397989
517397990
517397991
517397992
517397993
517397994
517397995
517397996
517397997
517397998
517397999
517401316
517401317
517401318
517401319
517401320
517401321
517401322
517401323
517401324
517401325
517401326
517401327
517401328
517401329
517401330
517401331
517401332
517401334
517401336
517401337
517401338
517401339
517401340
517401341
517401342
517401343
517401344
517401345
517401346
517401347
517401348
517401349
517401350
517401351
517401352
517401353
517401354
517401355
517924106
517924107
517924108
517924110
517924111
517924112
517924114
517924115
517924116
517924117
517924118
517924119
517924120
517924121
517924122
517924124
517924131
517924132
517924134
517924136
517924138
517924140
517924142
517924143
517924145
517924154
517924173
517924175
517992126
517992127
517992129
517992130
517992131
517992132
517992133
517992134
517992135
517992136
517992137
517992138
517992139
517992140
517992141
517992142
517992143
517992144
517992145
517992146
517992147
517992148
517992149
517992150
517992151
517992152
518490718
518490719
518490720
518490721
518490722
518490723
518490724
518490725
518490726
518490727
518490728
518490729
518490730
518490731
518490732
518490733
518490734
518490735
518490736
518490737
518490738
518490739
518490740
518490741
518490742
518490743
518490744
518490745
518490746
518490747
518490748
518490749
518490750
518490751
518490752
518490753
518490754
518490755
518490756
518490757
518490758
518490759
518490760
518490761
518490762
518490763
518490764
518490765
518490766
518490767
518490768
518490769
518490770
518490771
518490772
518490773
518490774
518490775
518490776
518490777
518490778
518490779
518490780
518490781
518490782
518490783
518490784
518490785
518490786
518490787
518490788
518490789
518490790
518490791
518490792
518490793
518490794
518490795
518490796
518490797
518490798
518490799
518490800
518490801
518490802
518490803
518490804
518490805
518490806
518490807
518490808
518490809
518490810
518490811
518490812
518490813
518490815
518490816
518490817
518490818
518490819
518490820
518490821
518490822
518490823
518494663
518494664
518494665
518494666
518494667
518494668
518494669
518494670
518494671
518494672
518494673
518494674
518494675
518494676
518494677
518494678
518494679
518494680
518494681
518494682
518494683
518494684
518494685
518494686
518494687
518494688
518494689
518494690
518494691
518494692
518494693
518494694
518494695
518494696
518494697
518494698
518494699
518494700
518494701
518494702
518494703
518494704
518494705
518494706
518494707
518494708
518494709
518494710
518494711
518494712
518494713
518494714
518494715
518494716
518494717
518494718
518494719
518494720
518494721
518494722
518494723
518494724
518494725
518494726
518494727
518494728
518494730
518494731
518494732
518494733
518494734
518494735
518494736
518494737
518494738
518494739
518494740
518494741
518494742
518494743
518494744
518494745
518494746
518494747
518494749
518494751
518494753
518494755
518494757
518494759
518494761
518494763
518494766
518494768
518494770
518494773
518494775
518494778
518494780
518494781
518494785
518494787
518494789
518494790
518494792
518494794
518494796
518494798
518494799
518494801
518494803
518494805
518494806
518494808
518494809
518494811
518494813
518494814
518494816
518494817
518494819
518494821
518494822
518494824
518494825
518494826
518494827
518494828
518494829
518494830
518494831
518494832
518494833
518494834
518494835
518494836
518494837
518494838
518494839
518494840
518494841
518494842
518494843
518494844
518494845
518494846
518494847
518494848
518494849
518494850
518494851
518494852
518494853
518494854
518494855
518494856
518494857
518494858
518494859
518494860
518494861
518494862
518494863
518494864
518494865
518494866
518494867
518494868
518494869
518494870
518494871
518494872
518494873
518494874
518494875
518494876
518494877
518494878
518494879
518494880
518494881
518494882
518494883
518494884
518494885
518494886
518494887
518494888
518494889
518494890
518494891
518494892
518494893
518494894
518494895
518494896
518494897
518494898
518494899
518494900
518494901
518494902
518494903
518494904
518494905
518494906
518494907
518494908
518494909
518494910
518494911
518494912
518494913
518494914
518494915
518494916
518494917
518494918
518494919
518494920
518494921
518494922
518494923
518494924
518494925
518494926
518494927
518494928
518495313
518495314
518495315
519355126
519355127
519355128
519355129
519355130
519355131
519355132
519355133
519355134
519355135
519355136
519355137
519355138
519355139
519355140
519355141
519355143
519355146
519355147
519355148
519355149
519355150
519355151
519355152
519355153
519355154
519355155
519355156
519355157
519355158
519355159
519355161
519355162
519355163
519355164
519355165
519355166
519355167
519355168
519355169
519355170
519355171
519355172
519355173
519355174
519355175
519355176
519355177
519355178
519355179
519355180
519355181
519355182
519355183
519355184
519355185
519355186
519355187
519355188
519355189
519355190
519355191
519355192
519355193
519355194
519355195
519355196
519355197
519355198
519355200
519355202
519355204
519355206
519355208
519355210
519355212
519355214
519355216
519355219
519355220
519355223
519355225
519355227
519355229
519355230
519355231
519355232
519356694
519356696
519356698
519356699
519356701
519356703
519356705
519356707
519356709
519356710
519679102
519679103
519679104
519679105
519679106
519679107
519679108
519679109
519679110
519679111
519679112
519679113
519679114
519679115
519679116
519679117
519679118
519679119
519679120
519679121
519679122
519679123
519679124
519679125
519679126
519679127
519679128
519679129
519679130
519679131
519679132
519679133
519679134
519679135
519679136
519679137
519679138
519679139
519679140
519679141
519679142
519679143
519679144
519679145
519679146
519679147
519679148
519679149
519679150
519679151
519679152
519679153
519679154
519679155
519679156
519679157
519679158
519679159
519679160
519679161
519679162
519679163
519679164
519679165
519679166
519679167
519679168
519679169
519679170
519679171
519679172
519679173
519679174
519679175
519679176
519679177
519679178
519679179
519679180
519679181
519679182
519679183
519679184
519679185
519679186
519679187
519679188
519679189
519679190
519679191
519679192
519679193
519679194
519679195
519679196
519679197
519679198
519679199
519679200
519679201
519679202
519679203
519679204
519679205
519679206
519679207
519679208
519679209
519679210
519679211
519844575
519844576
519844577
519844578
519844579
519844580
519844581
519844582
519844583
519844584
519844585
519844586
519844587
519844588
519844589
519844590
519844591
519844592
519844593
519844594
519844595
519844596
519844597
519844598
519844599
519844600
519844601
519844602
519844603
519844604
519844605
519844606
519844607
519844608
519844609
519844610
519844611
519844612
519844613
519844614
519844615
519844616
519844617
519844618
519844619
519844620
519844621
519844622
519844623
519844624
519844625
519844626
519844627
519844628
519844629
519850045
519850046
519850047
519850048
519850049
519850050
519850051
519850052
519850053
519850054
519850055
519850056
519850057
519850058
519850059
519850060
519850061
519850062
519850063
519850064
519850065
519850066
519850067
519850068
519850069
519850070
519850071
519850072
519850073
519850074
519850075
519850076
519850077
519850078
519850079
519850080
519850081
519850082
519850083
519850084
519850085
519850086
519850087
519850088
519850089
519850090
519850091
519850092
519850093
519850094
519850095
519850096
519850097
519850098
519850099
519850100
519850101
519850102
519850103
519850104
519852247
519852248
519852249
519852250
519852251
519852252
519852253
519852254
519852255
519852256
519852257
519852258
519852259
519852260
519852261
519852262
519852263
519852264
519852265
519852266
519852267
519852268
519852269
519852270
519852272
519852274
519852275
519852276
519852277
519852278
519852279
519857997
519858000
519858002
519858005
519858007
519858011
519858014
519858017
519858021
519858024
519858027
519858030
519858032
519858035
519858037
519858040
519858042
519858045
519858047
519858050
519858052
519858054
519858056
519858058
519858061
519858063
519858066
519858069
519858071
519858075
519863225
519863226
519863227
519863229
519863231
519863232
519863233
519940954
519940955
519940956
519940957
519940958
519940959
519940960
519940961
519940962
519940963
519940964
519940965
519940966
519940967
519940968
519940969
519940970
519940971
519940972
519940973
519940974
519940975
519940976
519940977
519940978
519940979
519940980
519940981
519940982
519940983
519940984
519940985
519940986
519940987
519940988
519940989
519940990
519940991
519940992
519940993
519940994
519940995
519940996
519940998
519940999
519941000
519941001
519941002
519941005
519941006
519941008
519941009
519941010
519941012
519941013
519941014
519941016
519941017
519941018
519941020
519941021
519941022
519941024
519941025
519941026
519941028
519941029
519941030
519941031
519941034
519941036
519941038
519941043
519941046
519941049
519941052
519941054
519941055
519941057
519941058
519941059
519941061
519941062
519941063
519941065
519941066
519941067
519941069
519941070
519941072
519941073
519941074
519941076
519941077
519941079
519941080
519941081
519941082
519941083
519941084
519941085
519941086
519941087
519941088
519941089
519941090
519941091
519941092
519941093
519941094
519941095
519941096
519941097
519941098
519941099
519941100
519941101
519941102
519941103
519941104
519941105
519941106
519941107
519947110
519947111
519947112
519947113
519947114
519947115
519947116
519947117
519947118
519947119
519947120
519947121
519947122
519947123
519947124
519947125
519947126
519947127
519947128
519947129
519947130
519947131
519947132
519947133
519947134
519947135
519947136
519947137
519947138
519947139
519947140
519947141
519947142
519947143
519947144
519947145
519947146
519947147
519947148
519947149
519947150
519947151
519947153
519947155
519947157
519947159
519947162
519947163
519947165
519947168
519947170
519947172
519947175
519947177
519947179
519947181
519947184
519947186
519947189
519947191
519947194
519947196
519947198
519947200
519947203
519947205
519947206
519947207
519947208
519947209
519947210
519947211
519947212
519947213
519947214
519947215
519947216
519947217
519947218
519947219
519947220
519947221
519947222
520204919
520204920
520204921
520204922
520204923
520204924
520204925
520204926
520204927
520204928
520204929
520204930
520204931
520204932
520204933
520204934
520204935
520204936
520204937
520204938
520204939
520204940
520204941
520204942
520204943
520204944
520204945
520204946
520204947
520204948
520204949
520204950
520204951
520204952
520204953
520204954
520204955
520204956
520204957
520204958
520204959
520204960
520204961
520204962
520204963
520204964
520204965
520204966
520204967
520204968
520204969
520204970
520204971
520204972
520204973
520204974
520204975
520204976
520204977
520204978
520204979
520204981
520204982
520204983
520204984
520204985
520204986
520204987
520204988
520204989
520204991
520204993
520204994
520204995
520204997
520204999
520205002
520205005
520205008
520205015
520205017
520205019
520205022
520205024
520205026
520205028
520205030
520205032
520205034
520205037
520205039
520205041
520205043
520205045
520205047
520205049
520205050
520205051
520205052
520205054
520205055
520205056
520205058
520205061
520205063
520205066
520205068
520205070
520205073
520205075
520205077
520205080
520205082
520205085
520205087
520205090
520205092
520205094
520205097
520205099
520205101
520205104
520205106
520205108
520205111
520205114
520205116
520205118
520205121
520205123
520205126
520205128
520205130
520205133
520205136
520205138
520205141
520205143
520205146
520205148
520206464
520206465
520206466
520206467
520206468
520206469
520206470
520206471
520206472
520206473
520206474
520206475
520206476
520206477
520206478
520206479
520206480
520206481
520206482
520206483
520206484
520206485
520206486
520206487
520206488
520206489
520206490
520206491
520206493
520206495
520206496
520206497
520206498
520206499
520206500
520206502
520209483
520209484
520209485
520209486
520209489
520209490
520209491
520209492
520209493
520209494
520209495
520209496
520209497
520209498
520209499
520209500
520209501
520209502
520209503
520209504
520209505
520209506
520209507
520209508
520209509
520209510
520209511
520209512
520209513
520209514
520209515
520209516
520209517
520209518
520209519
520209520
520209521
520209522
520209523
520209524
520209525
520209526
520209527
520209528
520209529
520209530
520209531
520209532
520209533
520209534
520209535
520209536
520209537
520209538
520209539
520209540
520209541
520210476
520210477
520210478
520210479
520210480
520210481
520210482
520210483
520210484
520210485
520210486
520210487
520210488
520210489
520210490
520210491
520210492
520210493
520210494
520210495
520210496
520210497
520210498
520210499
520210500
520210501
520210502
520210503
520210504
520210505
520210506
520210507
520210508
520210509
520210510
520210511
520210512
520210513
520215293
520215303
520215305
520215307
520215308
520215309
520215310
520215311
520215312
520215313
520215314
520215315
520215316
520215317
520215318
520215319
520215320
520215321
520215323
520215325
520215327
520215329
520215330
520215331
520215332
520215333
524173856
525765943
526177114
526390432
526566677
526812842
526812843
526812844
526812846
526812847
526812848
526812849
526812850
526812851
526812852
526812853
526812854
526812855
526812856
526812857
526812858
526812859
526812860
526812861
526812862
526812863
526812864
526815551
526815552
526815553
526815554
526815555
526815556
526815557
526815558
526815560
526815561
526815562
526815563
526815564
526815565
526815566
526815567
526815568
526815569
526815570
526815571
526815572
526815573
526815574
526815575
526815576
526817879
526817880
526817881
526817882
526817883
526817884
526817885
526817886
526817887
526817888
526817889
526817890
526817891
526817892
526817893
526852519
527495779
527495782
527495784
527495787
527495789
527495791
527495794
527495796
527495799
527495801
527495804
527495805
527495806
527495807
527495808
527495809
527495810
527495811
527495812
527495814
527495817
527495819
527495821
527495822
527495823
527495824
527495825
527495826
527495827
527495828
527495829
527495831
527495832
527495833
527495834
527495835
527495836
527495837
527495838
527495839
527495840
527495841
527495842
527495843
527495844
527495845
527498551
527498552
527498553
527498554
527498555
527498556
527498557
527498559
527498560
527498561
527498562
527498563
527498564
527498565
527498566
527498567
527498568
527498569
527498570
527498571
527498573
527498575
527498576
527498577
527498579
527500851
527500852
527500853
527500854
527500855
527500856
527500857
527500858
527500859
527500860
527500861
527515302
527765859
527859640
527859641
527859642
527859643
527859644
527859645
527859646
527859647
527859648
527859649
527859650
527859651
527859652
527859653
527859654
527859655
527859656
527859657
527859658
527859659
527859660
527859661
527859662
527859663
527859664
527859665
527859666
527859667
527859668
527864683
527864685
527864687
527864688
527864690
527864692
527864693
527864695
527864697
527864699
527864701
527864703
527864705
527864707
527864708
527864710
527864712
527864713
527864715
527864717
527864719
527864720
527864722
527864724
527864725
527864728
527864730
527864732
527864735
527864737
527864738
527864741
527867621
527867641
527900789
527900790
527900791
527900792
527900793
527900794
527900795
527900796
527900797
527900798
527900799
527900800
527900801
527900802
527900803
527900804
527900805
527900806
527900807
527900808
527900809
527900810
527900811
527900812
527900813
527900814
527900815
527900816
527900817
527900818
527900819
527900820
527900821
527900822
527900823
527901958
527901959
527901960
527901961
527901962
527901963
527901964
527901965
527901966
527901967
527901968
527903789
527903791
527903794
527903797
527903799
527903801
527903803
527903810
527903813
527903815
527904890
527904891
527904892
527904893
527904894
527904895
527904896
527904897
527904898
527904899
527904900
527904901
527904902
527904903
527904904
527904905
527904906
527904907
527904909
527904912
527904914
527904917
527904919
527906760
527906761
527906762
527906763
527906764
527906765
527906766
527906767
527906768
527906769
527906770
527906771
527906772
527906773
527906775
527906777
527907783
527907784
527907786
527907789
527907791
527907792
527907795
527907797
527907798
527907799
527907800
527907801
527907802
527907803
527907804
527907805
527907806
527907807
527907808
527907809
527907810
527907811
527907812
527907813
527907814
527907816
527910113
527910115
527910116
527910121
527910124
527910127
527910131
527910134
527910137
527910139
527910142
527910144
527910146
527910149
527910151
527910153
527910155
527910158
527910160
527910163
527910165
527910167
527910172
527910174
527910178
527910182
527910988
527910992
527910994
527910997
527910999
527911000
527911001
527911002
527911003
527911004
527911005
527912990
527912991
528146037
528306683
528306685
528306688
528306690
528306693
528306695
528306697
528306700
528306703
528306706
528306708
528306711
528306713
528306715
528306717
528306720
528306722
528306724
528306727
528306729
528306731
528306734
528306736
528306738
528306740
528306743
528306745
528306747
528306749
528306752
528306754
528306756
528306759
528306761
528306764
528306766
528306768
528306770
528306772
528306774
528306777
528306778
528306780
528306782
528306784
528306786
528306788
528306791
528306793
528306795
528306796
528306798
528306800
528306801
528306802
528306804
528306806
528306810
528306813
528306815
528306817
528306818
528306819
528306820
528306821
528306822
528306823
528306824
528306825
528306826
528306827
528306828
528306829
528306830
528306831
528306832
528306833
528306834
528306835
528308818
528308820
528308823
528308825
528308827
528308828
528308829
528308830
528308831
528308832
528308833
528308834
528308835
528308836
528308837
528308838
528308839
528308840
528308841
528308842
528308843
528308844
528308845
528308846
528308847
528308849
528308850
528308851
528308858
528308859
528310267
528310271
528310272
528310273
528310274
528310275
528310276
528310277
528310278
528310279
528310280
528310281
528310282
528310283
528310284
528310285
528310286
528310287
528310288
528310289
528328547
528328548
528328549
528328550
528328551
528328552
528328553
528328554
528328555
528328556
528328579
528328580
528328581
528328582
528328583
528328598
528328599
528328600
528328601
528328602
528328604
528328605
528328606
528328607
528328608
528328613
528328614
528328615
528328616
528328617
528328618
528328619
528328620
528328621
528328622
528328629
528328630
528328631
528328632
528328633
528328634
528328635
528328636
528328637
528328638
528328639
528328640
528328641
528328642
528328643
528328644
528328645
528328646
528328648
528328650
528328651
528328652
528328653
528328654
528328655
528328656
528328657
528328658
528328659
528328660
528328661
528328662
528328663
528328664
528328665
528328666
528328667
528328668
528328669
528328670
528328671
528328672
528667842
528667843
528667845
528667846
528667848
528667849
528667850
528667851
528667852
528667853
528667854
528667855
528667856
528667857
528667858
528667859
528667860
528667861
528667862
528667863
528667864
528667865
528667866
528667867
528667868
528667869
528667926
528676891
528676892
528676893
528676894
528676895
528676896
528676897
528676898
528676900
528676901
528676902
528676903
528676904
528676905
528676906
528676907
528676908
528676909
528676910
528676914
528676915
528680764
528680765
528680766
528680767
528680768
528680769
528680770
528680771
528680772
528680773
528680775
528680776
528680777
528680778
528680779
528680781
528680782
528680783
528680784
528680785
528680786
528680787
528680788
528680789
528680790
528680791
528680792
528680793
528680794
528680795
528680796
528680797
528682708
528682709
528682710
528682711
528682712
528682713
528682714
528682715
528682716
528682717
528682718
528682719
528682720
528682721
528682722
528682723
528682724
528682725
528682726
528682727
528682728
528682729
528682730
528682731
528682732
528682733
528682734
528682735
528682736
528699569
528699572
528699574
528699575
528699576
528699577
528699578
528699579
528699580
528756727
528756730
528756731
528756733
528756735
528756736
528756737
528756738
528756739
528756740
528756741
528756742
528757431
528757433
528757435
528757439
528757441
528757444
528757446
528757449
528757451
528757453
528757460
528757462
528757464
529377059
529377060
529377061
529377062
529377063
529377064
529377065
529377066
529377067
529377068
529377069
529377070
529377071
529377072
529377073
529377074
529377075
529377076
529377077
529377078
529377079
529377080
529377081
529377082
529377083
529377084
529377085
529377086
529377087
529377088
529377089
529377090
529377091
529377092
529377093
529377094
529377095
529377096
529377097
529377098
529377099
529377100
529377101
529377102
529377103
529377104
529377105
529377106
529377107
529377108
529377109
529377110
529377111
529377112
529377113
529377114
529377115
529377116
529377117
529377118
529377119
529377120
529377121
529377122
529377123
529377124
529377125
529377126
529377127
529377128
529377129
529377130
529377131
529377132
529377133
529377134
529377135
529377136
529377137
529377138
529377139
529377140
529377141
529377142
529377143
529377145
529377146
529377147
529377148
529377149
529377150
529377151
529377152
529377154
529377156
529377157
529377159
529377161
529377163
529377165
529377166
529377168
529377170
529377171
529377172
529377173
529386367
529386368
529386369
529386370
529386371
529386372
529386373
529386374
529386375
529386376
529386377
529386378
529386379
529386380
529386381
529386382
529386383
529386384
529386385
529386386
529386387
529386388
529386389
529386390
529386391
529386392
529386393
529386394
529386395
529386396
529386397
529386398
529386399
529386400
529386401
529386402
529386403
529386404
529386405
529386406
529386407
529386408
529386409
529386410
529386411
529386412
529386413
529386414
529386415
529386416
529386418
529386420
529386422
529386423
529386424
529386425
529386426
529386427
529386428
529386429
529386430
529386431
529386432
529386433
529386434
529386435
529386436
529479994
529479995
529479996
529479997
529479998
529479999
529480000
529480001
529480002
529480003
529480004
529480005
529480006
529480007
529480008
529480009
529480010
529480011
529480012
529480013
529480014
529480015
529480016
529480017
529480018
529480019
529480020
529480021
529480022
529480023
529480024
529480025
529480026
529480027
529480028
529480029
529480030
529480031
529480032
529480033
529480034
529480035
529480036
529480037
529480038
529480039
529480040
529480046
529480048
529480050
529480053
529480055
529480057
529480060
529480063
529480065
529480066
529480067
529480068
529480069
529480070
529480071
529480072
529480073
529480074
529480075
529480076
529480077
529480078
529480079
529480080
529480081
529480082
529480083
529480084
529480085
529480086
529480087
529480088
529480089
529480090
529480091
529480092
529480093
529480094
529480095
529480096
529480097
529480098
529480099
529480100
529480101
529480102
529480103
529480104
529482889
529482890
529482891
529482892
529482893
529482894
529482895
529482896
529482897
529482898
529482899
529482900
529482901
529482902
529482903
529482904
529482905
529482906
529482907
529482908
529482909
529482910
529482911
529482912
529482913
529482914
529482915
529482916
529482917
529482918
529482919
529482920
529482921
529482922
529482923
529482924
529482925
529482926
529482927
529482928
529482929
529482930
529482931
529482932
529482933
529482934
529482935
529482936
529482937
529482938
529482939
529482940
529482941
529482942
529482943
529482944
529482945
529482946
529482947
529482948
529482949
529482950
529482951
529482952
529482953
529482954
529482955
529482956
529482957
529482958
529482959
529482960
529482961
529482962
529482963
529482964
529482965
529482966
529482967
529482968
529482969
529482970
529482971
529486368
529486370
529486373
529486375
529486384
529486385
529486386
529486395
529492789
529492797
529492798
529492801
529492802
529492803
529492804
529492805
529492810
529492811
529492812
529492813
529492814
529492815
529492816
529492817
529492818
529492819
529492820
529492821
529492822
529492823
529492824
529492825
529492826
529492827
529492828
529492829
529492830
529492831
529492832
529492833
529492834
529492835
529492836
529492837
529492838
529492839
529492840
529492841
529492842
529492843
529492846
529492848
529492851
529492853
529492855
529713364
529713365
529713366
529713367
529713368
529713370
529713371
529713372
529713373
529713374
529713375
529713376
529713377
529713378
529713379
529713380
529713381
529713382
529713383
529713384
529713385
529713386
529713387
529713388
529713389
529713390
529713391
529713392
529713393
529713394
529713395
529713396
529713397
529713398
529713399
529713400
529713401
529713402
529713403
529713404
529713405
529713406
529713407
529713408
529713409
529713410
529713411
529713412
529713414
529713417
529713418
529713420
529713421
529713422
529713423
529713424
529713425
529713426
529713427
529713428
529713429
529713430
529713431
529713432
529713433
529713434
529713435
529713436
529713437
529713438
529713439
529713440
529713441
529713442
529713443
529713444
529713445
529713446
529713447
529713448
529713910
529713911
529713912
529713913
529713914
529713915
529713916
529713917
529713918
529713919
529713920
529713921
529928729
531619780
531619783
531619785
531619787
531619789
531619791
531619794
531619796
531619798
531619800
531619803
531619805
531619808
531619810
531619812
531619815
531619817
531619820
531619822
531619824
531619826
531619829
531619831
531619834
531619836
531619838
531619839
531619840
531619841
531619842
531619843
531619844
531619845
531619846
531619847
531619850
531619853
531619855
531619857
531619860
531619863
531619866
531619867
531619868
531619869
531619870
531619871
531619872
531619873
531619874
531619875
531619876
531619877
531619878
531619879
531619880
531619881
531619882
531619883
531619884
531619885
531619886
531619887
531619888
531619889
531619890
531619891
531619892
531619893
531619894
531619895
531619896
531619897
531619898
531619899
531619900
531619901
531619902
531619903
531619904
531629764
531629765
531629766
531629767
531629768
531629769
531629770
531629771
531629772
531629773
531629774
531629775
531629776
531629777
531629778
531629779
531629780
531629781
531629782
531629783
531629784
531629785
531629786
531629787
531629788
531629789
531629790
531629791
531629792
531629793
531629795
531629796
531629798
531629799
531629800
531629802
531629803
531629805
531629806
531629808
531629809
531629810
531629812
531629813
531629815
531629816
531629817
531629819
531629821
531629822
531629823
531629825
531629826
531629827
531629829
531629830
531629831
531629833
531629834
531629836
531629837
531629838
531629840
531629841
531629842
531629844
531629845
531629846
531629847
531629849
531629851
531629852
531629855
531629857
531629858
531629860
531629861
531629862
531629864
531629865
531629867
531629868
531629869
531629870
531630774
531630775
531630776
531630777
531630778
531630779
531630780
531630781
531632607
531632609
531632611
531632613
531632615
532421492
532421493
532421494
532421495
533207844
533207845
533207846
533207847
533207848
533207849
533207850
533207851
533207852
533207853
533207854
533207855
533207856
533207857
533207858
533207859
533207860
533207869
536711330
536711331
536711332
536711333
536711334
537730806
537730807
537730808
537730810
537730811
537730813
537730815
537730817
537730819
537730820
537730822
537730823
537730851
537730852
537730853
537730854
537730855
537730856
537730857
537730858
537730859
537730860
537730861
537730862
537730863
537730864
537730865
537734022
537734023
537734025
537734053
539329879
539329880
539331515
540030213
540030214
540030219
540030221
540030223
540030226
540030227
540030229
540077407
540077410
540077412
540077414
540077416
540077419
540077421
540077424
540077427
540077430
540077432
540077435
540077437
540077439
540077442
540077445
540077448
540077451
540077455
540077457
540077460
540077463
540077466
540077468
540077471
540077474
540077476
540077479
540078722
540078723
540078724
540078725
540078726
540078727
540078728
540078729
540078730
540078731
540515280
540515282
540515284
540515290
540518793
541581207
541581208
541581211
541581213
541581214
541599835
541599837
541599840
541599843
541599852
541599853
541599855
541599859
541599861
542962833
542962836
542962838
542962840
542962841
542962842
542962843
542962844
542962846
542962849
542962851
542962854
542962857
542962860
542962861
542962862
542962863
542962864
542962866
542962869
542962872
542962874
542962877
542962880
542962881
542962882
542962883
543406213
543406214
543504418
543743180
545194118
545194119
545194120
545194121
545194122
545194123
545194124
545194125
545194126
545194130
545194131
545194132
545194133
545194134
545194135
545194136
545194137
545194138
545194139
545194140
545194141
545194142
545194143
545194144
545194145
545194146
545194147
545194148
545194149
545194150
545194151
545194152
545194153
545194154
545194155
545194156
545194157
545194158
545194159
545194160
545194161
545194162
545194163
545194164
545194165
545194166
545194167
545194168
545194169
545194170
545194171
545194172
545194174
545194176
545194177
545194178
545194179
545194180
545194736
545194737
545194738
545194739
545194743
545194744
545194745
545194746
545196053
545196054
545198517
545198518
545198519
545198520
545198521
545198522
545198523
545198524
545198525
545198526
545198527
545198528
545198529
545198530
545198531
545198532
545198533
545198534
545198535
545198536
545198537
545198538
545198539
545198540
545198541
545477650
545477651
545477652
545477653
545477654
545477655
545477656
545477657
545477658
545477659
545477661
545477663
545477665
545477667
545477669
545477671
545477674
545477676
545477678
545477680
545477683
545477685
545477687
545477690
545477692
545477693
545477694
545477695
545477696
545477697
545477698
545477699
545477700
545477701
545477702
545477703
545477704
545477705
545477706
545477707
545477708
545477709
545477710
545477711
545477712
545477713
545478205
545478206
545478207
545478208
545478209
545478210
545478211
545478212
545478213
545478214
545478711
545479821
545479822
545479823
545479824
545479825
545479826
545479827
545479828
545479829
545479830
545479831
545479832
545479833
547477717
550102783
550257368
550257370
550257371
550257375
550257377
550257379
550257380
550257383
550257390
550257400
552376553
560332138
560332139
560544940
572666986
573656823
573658009
573658012
577090745
577090747
577090752
585774668
585774670
585774672
585774673
585774676
596409310
596409313
596409314
596409315
596409316
599069432
605575071
605575072
605575073
605575074
605575075
605575076
605575077
605575078
605575079
605575080
605575081
605575082
605575083
605575084
605575549
606230742
606235268
606235269
606235270
606235271
606235272
606238370
606238371
606238372
606238373
606238374
606238375
606238376
606238377
606239972
606239973
606239974
606239975
606239976
606239977
613619467
613645221
620530576
620530577
620678536
621846669
621846923
630380467
630380468
630380469
630380470
630380471
630380472
636760809
636760810
636760811
636760812
636760813
636760815
636760818
638943793
638943794
638943795
639668812
639668814
639668816
639668817
639668819
639668821
639668823
639668825
639668827
639668829
639668831
639668833
639668835
639668837
639668839
639668841
639668843
639668845
639668847
639668849
639668851
639668853
639668854
639668855
639668856
639668857
639668858
639668859
639668860
639668861
639668863
639668865
639668867
639668868
639668869
639668870
639668871
639668872
639668873
639668874
639668875
639668876
639668877
639668878
639668879
639668880
639668881
639668882
639668883
639668884
639668885
639668886
639668887
639668888
639668889
639668890
639668891
639668892
639668893
639668894
639668895
639668896
639668897
639668898
639668899
639668900
639668901
639668902
639668903
639668904
639668905
639668906
639668907
639668908
639668909
639668910
639668911
639668912
639668913
639668914
639668915
639668916
639668917
639668918
639668919
639668920
639668921
639668922
639668923
639668924
639668925
639668926
639668927
639668928
639668931
639668933
639668935
639668936
639668937
639668938
639668939
639668940
639668941
639668942
639668943
639668944
639668945
639668946
639668947
639668948
639668949
639668950
639668951
639668952
639668953
639668954
639668955
639668956
639668957
639668958
639668959
639668960
639668961
639668962
639668963
639668964
639668965
639668966
639668967
639668968
639668969
639668970
639668971
639668972
639668973
639668974
639668975
639668976
639668977
639668978
639668979
639668980
639668981
639668982
639668983
639668984
639668985
639668987
639668988
639668989
640206487
640206488
640206489
640206490
640206491
640206492
640208963
640208964