4000621
4013054
4013663
4013665
4013666
4013667
4013668
4013702
4013703
4013704
4013705
4014369
4014370
4016048
4016055
4016056
4016066
4018418
4018419
4018421
4018422
4018423
4019144
4019145
4019146
4019148
4020537
4020601
4020602
4038608
4038611
4038612
4038613
4038616
4038619
4038621
4038651
4038681
4038682
4038689
4038797
4038798
4038981
4045376
4045426
4048708
4048709
4048713
4059785
4059824
4061275
4071609
4071610
4071620
4071638
4071641
4071643
4071645
4071646
4071647
4071648
4075582
4075583
4075590
4075638
4075639
4075640
4075641
4076471
4080233
4082142
4083871
4083872
4086398
4086399
4086400
4087863
4087864
4229498
4229499
4229518
4229613
4229614
4229615
4229616
4258916
4258917
4309404
4309425
4309427
4310550
4310551
4310553
4310563
4310578
4310579
4310580
4398412
4398414
4398415
4398416
4398417
4398418
4398419
4398420
4398424
4398476
4398478
4398480
4398482
4399509
4399510
4399511
4399512
4399513
4399514
4399516
4399517
4399518
4399519
4399520
4399521
4399522
4399523
4399546
4399547
4399568
4399569
4399570
4399596
4399597
4399598
4399599
4399600
4399603
4400148
4400955
4400956
4400957
4403230
4404411
4404412
4404413
4404414
4404415
4404416
4404420
4410965
4410968
4410969
4410970
4410971
4410973
4411007
4411008
4411009
4411010
4411011
4411012
4414236
4414237
4414238
4414239
4414241
4414242
4415128
4415135
4415136
4415173
4415174
4415176
4415177
4415178
4415179
4415180
4415183
4415184
4415186
4415187
4415188
4415235
4415236
4415378
4418297
4418301
4418302
4480868
4480869
4481071
4482719
4482725
4497577
4497578
4497579
4604193
4604194
4611747
4718779
4718780
4718781
4718782
4741245
4741409
4741410
4741412
4741415
4744082
4744086
4744094
4744095
4744096
4744097
4744098
4746395
4746396
4746397
4746399
4746400
4746401
4746402
4746403
4746404
4746405
4746406
4746407
4746427
4757425
4821207
4821208
4821209
4821210
4821212
4825878
4825880
4825881
4825882
4828591
4828592
4828593
4828595
4837114
4837116
4837117
4837119
4837120
4837121
4837125
4837126
4837127
4837128
4837129
4837130
4837131
4837133
4837181
4837187
4837188
4837334
4837335
4837336
4838365
4838367
4838372
4873394
4873395
4873396
4873400
4873401
4873402
4873403
4873404
4873405
4873406
4873407
4873408
4873409
4873410
4873411
4873412
4873413
4873414
4873415
4873416
4873417
4873418
4873419
4873420
4883203
4883204
4883205
4883206
4883207
4883208
4883209
4883210
4883211
4883212
4883213
4883214
4883219
4883231
4883232
4883233
4912257
4912258
4912270
4912271
4912272
4912273
4912274
4912276
4912277
4912278
4912279
4912280
4912281
4912282
4912283
4912284
4912286
4912287
4912288
4912289
4918608
4918609
4918610
4918611
4918612
4918613
4918614
4918615
4918616
4918617
4918619
4918620
4918621
4918623
4918624
4918625
4918626
4918629
4918925
4918926
4918929
4918930
4918932
4921305
4921306
4921307
4921308
4921310
4921311
4921313
4921314
4921315
4921317
4921324
4921330
4921334
4921335
4921336
4921338
4921345
4921385
4921391
4931060
4931061
4931065
4931066
4931069
4931072
4931076
4931078
4931080
4931082
4944391
4944392
4944395
4944396
4944397
4944398
4944399
4944409
4944410
4944458
4950603
4953884
4953885
4953886
4953887
4953888
4953889
4953890
4953891
4953892
4954185
4954186
4954189
4954190
4954191
4954393
4968289
4968290
4968291
4968293
4968294
4968295
4968297
4968299
4968301
4968302
4974684
4974685
4974686
4974694
4974695
4974696
4974698
4974699
4974700
8003295
8003296
8003314
8003316
8003317
8003319
8003321
8003334
8003335
8003340
8003341
8003349
8003367
8003370
8003371
8003372
8003373
8003374
8003375
8003378
8003381
8003382
8003460
8003463
8003465
8003466
8003467
8003470
8030377
8030382
8030390
8030391
8030395
8030401
8030402
8030404
8030405
8030408
8132114
8132593
8132595
8132606
8133075
8133076
8133078
8139879
8143941
8144531
8147275
8154961
8156983
8189795
8217412
8404335
12689656
13616750
13616751
13616753
13616754
13616757
13616758
13616763
13616765
13616768
13618740
13689239
13689240
13689241
13689768
13689769
13689770
13689772
13689773
13855468
13855728
13855729
13855730
13855731
13855732
13855733
13855734
13855735
13855736
13855737
13855738
13855739
13855740
13855741
13855742
13855743
13855744
13855745
13855921
13855922
13855925
13855926
13855927
13855928
13855929
13855930
13855931
13855932
13855933
14047207
14047208
14047209
14047211
14047214
14047215
14047218
14047549
14264551
14264553
14264554
14264555
14264556
14264558
14264559
14480048
15025081
15025082
15025083
15025084
15025085
15025087
15025088
15025089
15025091
15025092
15025093
15025094
15025095
15092415
15092416
15092418
15092419
15092420
15092421
15092422
15092423
15092424
15092425
15092426
15092427
15092428
15092429
15092430
15092431
15092432
15092433
15092435
15245465
15245466
15489417
15489863
15489864
15489867
15490391
15490757
15490758
15491052
15493030
15541723
15541725
15541726
15541727
15541728
15541730
15541734
15541735
15541737
15541738
15541739
15541740
15541741
15543302
15543304
15543965
15803999
15804000
15804002
15804003
15804004
15804005
15804006
15804008
15804009
15804010
15804012
15804013
15804014
15804015
15804016
15804017
15804018
15804019
15804020
15804141
15804142
15804143
15804144
15804145
15804146
15896286
15896287
15896291
15896292
15896293
15896294
15896295
15896296
15896297
15896298
15896300
15896301
15896302
15896303
16224181
16224182
16224183
16224184
16224187
16224188
16224191
16224192
16224193
16224194
16224195
16224197
16224199
16224200
16224203
16224204
16224206
16224207
16224209
16224212
16224214
16224215
16224216
16224624
16224626
16224627
16224628
16224629
16224630
16224631
16224633
16224704
16225470
16225471
16225472
16225474
16225476
16225799
16225800
16225802
16225803
16300143
16300144
16300145
16300146
16300148
16300149
16300150
16300151
16300152
16300153
16300154
16300156
16300157
16300158
16300159
16300160
16300161
16300162
16300163
16300164
16300165
16300166
16300167
16300168
16300170
16300171
16300172
16300603
16300604
16301279
16301280
16301281
16301282
16301283
16301284
16301285
16301286
16301288
16301289
16301290
16301291
16301292
16301293
16301294
16301295
16384857
16820139
16820140
16820141
16820143
16820144
16820145
16820146
16820147
16820148
16821196
16978527
16982606
17281340
17281341
17281342
17281343
17281346
17281347
17673990
17673994
17673995
17673996
17674655
17674657
18163240
18163244
18163245
18165161
18165163
18165166
18165167
18165168
18165171
18165174
18165177
18165178
18166310
18166722
18166724
18166727
18169215
18169216
18169218
18169219
18171688
18199961
18199962
18199964
18199965
18199966
22951641
22951650
23047717
23047718
23047866
23047956
23047957
23047958
23048021
23048022
23048023
23059925
23059931
23059984
23059985
23059986
23059987
23059988
23059989
23059990
23059991
23059992
23059993
23059994
23060166
23060221
23217636
23217637
23217638
23217639
23217641
23217642
23217643
23217646
23217648
23217649
23217650
23217651
23217652
23217653
23217654
23217655
23217656
23217657
23217658
23217659
23217660
23217661
23217663
23217664
23217665
23217666
23217668
23217669
23217670
23217671
23217672
23217673
23217674
23217675
23217676
23217677
23217678
23217680
23217681
23217682
23217683
23217684
23217685
23217686
23217687
23217688
23217689
23217691
23217692
23217693
23217694
23217695
23217696
23217697
23217698
23217699
23217700
23217701
23217702
23217703
23217704
23217705
23217706
23217707
23217708
23217709
23217710
23217711
23217712
23220064
23221729
23221730
23221731
23221732
23221733
23221734
23221735
23221736
23221737
23221738
23221739
23221740
23221741
23221742
23221743
23221744
23221746
23221747
23221748
23221749
23221750
23221751
23221752
23221753
23222179
23222180
23222181
23222183
23222184
23222185
23222186
23222187
23222189
23222190
23222191
23222192
23222193
23222194
23222195
23222196
23222197
23222198
23222199
23222203
23222205
23222206
23222207
23222208
23222209
23222210
23222211
23222212
23222213
23222214
23222215
23222498
23359973
23359974
23359975
23359976
23359977
23359979
23360195
23362344
23362345
23362346
23362347
23362348
23362349
23362350
23362351
23362352
23362353
23362354
23436414
23436415
23436416
23436417
23436419
23436420
23436431
23436673
23436674
23436675
23436676
23436677
23436678
23436679
23437775
23437776
23437780
23437781
23437782
23437793
23437794
23437795
23437796
23437797
23437798
23437799
23437800
23437801
23437802
23437803
23437804
23437805
23437806
23437807
23437808
23437809
23437810
23437811
23437812
23437813
23437814
23437815
23437818
23437819
23437820
23437821
23464888
23464889
23464890
23465568
23547796
23547797
23547798
23547799
23547800
23547802
23547803
23547804
23547805
23547806
23547807
23547808
23547809
23554835
23555114
23634491
23641032
23641035
23646350
24000896
24000903
24017955
24017956
24017957
24017958
24022012
24022014
24022015
24022016
24022017
24022018
24022019
24237681
24237682
24237685
24237686
24237689
24355523
24355524
24355525
24355526
24355530
24355532
24355533
24355534
24355536
24355537
24355538
24355539
24355540
24355541
24355544
24355546
24355551
24355555
24355558
24355559
24355609
24355684
24355685
24355686
24357367
24449961
25083584
25083585
25083605
25083607
25083608
25083610
25083612
25083613
25083614
25083615
25083616
25083631
25083632
25083636
25083637
25083638
25083640
25083641
25083645
25083647
25083648
25083650
25083655
25083657
25083658
25083662
25083663
25083665
25083667
25083668
25083669
25083670
25083672
25083675
25083678
25083679
25083680
25083681
25083682
25083685
25083686
25083687
25083688
25083689
25083691
25083692
25083694
25083695
25083697
25083699
25083700
25083701
25083702
25083703
25083704
25083705
25083706
25083707
25083708
25083709
25086890
25086892
25086893
25086895
25086896
25086897
25086899
25086900
25086901
25086903
25086906
25086907
25086908
25086909
25086911
25086912
25086913
25086914
25086915
25086916
25086917
25086918
25086919
25086920
25086921
25086922
25086925
25086926
25086929
25086931
25086932
25086933
25086935
25086937
25086940
25086941
25086943
25086944
25086945
25086946
25086947
25086948
25086949
25086950
25086951
25086952
25086954
25086955
25086956
25098555
25098556
25098724
25098726
25098777
25098909
25098910
25271566
25271568
25271569
25271579
25271580
25290666
25290667
25290668
25290670
25290671
25290672
25290673
25290674
25290675
25290676
25290677
25290678
25290679
25290681
25290682
25290683
25290687
25290688
25290690
25290692
25290693
25290694
25290695
25290696
25290697
25290699
25290701
25290702
25290705
25290706
25290707
25290712
25290713
25290714
25290715
25290717
25290718
25290719
25290721
25290722
25290723
25290724
25290725
25290726
25290727
25290728
25290729
25290730
25290731
25290732
25290733
25290734
25290735
25290736
25290737
25290738
25290739
25290740
25290741
25290742
25290744
25290745
25290746
25290748
25290749
25290750
25290751
25290752
25290753
25290754
25290755
25290756
25290757
25290758
25290759
25290760
25290761
25290762
25290763
25290764
25290768
25290769
25290770
25290771
25290772
25290773
25290774
25290775
25290776
25290777
25290778
25290781
25290782
25290853
25290854
25290855
25290856
25291481
25291483
25291484
25312505
25312506
25312507
25312508
25312511
25312512
25312513
25312514
25312515
25312522
25312523
25312524
25312525
25312526
25312528
25312529
25312530
25312532
25312533
25312537
25312540
25312541
25312543
25312545
25312546
25312547
25312548
25312549
25312551
25312552
25312553
25312554
25312555
25312556
25312557
25312558
25312559
25312562
25312564
25312565
25312566
25312567
25312570
25312571
25312572
25312574
25312576
25312577
25312578
25312579
25312582
25312586
25312593
25312595
25312599
25312600
25312603
25312604
25312606
25312607
25312608
25312609
25312610
25312611
25312612
25312613
25312614
25312853
25312859
25312861
25312863
25312866
25312867
25312868
25325724
25325736
25325737
25325738
25325740
25327893
25327896
25327902
25327906
25327909
25327910
25327911
25327912
25327913
25327914
25327915
25327916
25327917
25327918
25327919
25327920
25327921
25327922
25327923
25327928
25327929
25327931
25327932
25327936
25327971
25328566
25328571
25328575
25329316
25329317
25329318
25329320
25329321
25329322
25329324
25329325
25329326
25329328
25329330
25329787
25330173
25330176
25330177
25330216
25330218
25330221
25330225
25330230
25330390
25330393
25330394
25330395
25330396
25330563
25330779
25330780
25330781
25330782
25330783
25330784
25330785
25330793
25330794
25330795
25372733
25372734
25372735
25372736
25372737
25372738
25372739
25372740
25372742
25372743
25372745
25372747
25372748
25372749
25372750
25372751
25372752
25372753
25372754
25372756
25372757
25372758
25372759
25372760
25372761
25372762
25372764
25372765
25372767
25372770
25372771
25372772
25372773
25372778
25372779
25372780
25372781
25372784
25372786
25372787
25372789
25372790
25372791
25372793
25372795
25372799
25372800
25372803
25372806
25372808
25372809
25372813
25372814
25372816
25372817
25372822
25372823
25372827
25372828
25372829
25372830
25372832
25372833
25372834
25372835
25372836
25372837
25372838
25372839
25372840
25372841
25372842
25372843
25372845
25372846
25372848
25372850
25372851
25372852
25372854
25372856
25372857
25372858
25372861
25372863
25372864
25372865
25372869
25372870
25372871
25372872
25372873
25372875
25372876
25372877
25372879
25372880
25372881
25372882
25372883
25372884
25372887
25372889
25372890
25372891
25372892
25372894
25372895
25372896
25372897
25372900
25372902
25372908
25372913
25372914
25372915
25372916
25372918
25372919
25372921
25372926
25372928
25372929
25372931
25372935
25372936
25372938
25372939
25372940
25372942
25372944
25372945
25372946
25372947
25372948
25372950
25372951
25372952
25372953
25372955
25372956
25372957
25372958
25372959
25372960
25372962
25372963
25372964
25372965
25372966
25372967
25372969
25372970
25372971
25372974
25372975
25372977
25372978
25372979
25372980
25372981
25372984
25372985
25372986
25372988
25372989
25372991
25372994
25372996
25372997
25372998
25372999
25373001
25373002
25373003
25373004
25373005
25373006
25373007
25373008
25373009
25373012
25373013
25373015
25373016
25373023
25373027
25373030
25373032
25373033
25373034
25373035
25373036
25373037
25373038
25373039
25373040
25373041
25373043
25373044
25373045
25373047
25373049
25373050
25373051
25373054
25373057
25373058
25373059
25373060
25373061
25373062
25373063
25373064
25373071
25373073
25373079
25373082
25373084
25373085
25373086
25373087
25373088
25373090
25373092
25373093
25373095
25373096
25373097
25373098
25373100
25373101
25373102
25373103
25373104
25373105
25373107
25373108
25373110
25373111
25373112
25373113
25373114
25373115
25373116
25373117
25373118
25373119
25373120
25373121
25373123
25373124
25373125
25373126
25373127
25373129
25373132
25373133
25373134
25373135
25373136
25373138
25373139
25373140
25373142
25373146
25373147
25373148
25373149
25373150
25373151
25373152
25373153
25373156
25373158
25373159
25373161
25373162
25373163
25373165
25373166
25373167
25373169
25373170
25373171
25373172
25373174
25373176
25373177
25373179
25373180
25373181
25373182
25373183
25373184
25373185
25373194
25373246
25373247
25373248
25373249
25373251
25373252
25373253
25373255
25373286
25373287
25373289
25373290
25373291
25373569
25373570
25373571
25373572
25373573
25373733
25373994
25374140
25374141
25374142
25374143
25374212
25374213
25374214
25374288
25383391
25383406
25383410
25384104
25384105
25384106
25384107
25384109
25384112
25384117
25384741
25384742
25384743
25384744
25384745
25426799
25426800
25426802
25426807
25426818
25426819
25426820
25426821
25426822
25426824
25426832
25426835
25426837
25426838
25426839
25426840
25426841
25426842
25426844
25426845
25426848
25426851
25426853
25426854
25426855
25426856
25426857
25426858
25426860
25426861
25426864
25426865
25426866
25426867
25426868
25426870
25426872
25426873
25426874
25426875
25426876
25426877
25426878
25426879
25426881
25426886
25426887
25426888
25426889
25426890
25426891
25426894
25426897
25426900
25426918
25426919
25426921
25426923
25426924
25426925
25426926
25426927
25426929
25426930
25426932
25426934
25426935
25426942
25426944
25426945
25426946
25426948
25426949
25426950
25426952
25426953
25426955
25426960
25426963
25426964
25426965
25426971
25426973
25426974
25426976
25426977
25426979
25426984
25426985
25426986
25426987
25426989
25426990
25426996
25426998
25426999
25427003
25427004
25427005
25427006
25427007
25427008
25427009
25427011
25427012
25427013
25427014
25427016
25427018
25427024
25427025
25427026
25427027
25427029
25427031
25427032
25427033
25427034
25427035
25427036
25427037
25427038
25427040
25427042
25427043
25427044
25427046
25427049
25427050
25427051
25427052
25427053
25427055
25427056
25427057
25427058
25427059
25427060
25427063
25427064
25427065
25427066
25427067
25427068
25427073
25431446
25464288
25464289
25464303
25464304
25464305
25464307
25464308
25464309
25464310
25464311
25464312
25464313
25464314
25464315
25464316
25464317
25464318
25464319
25464320
25464321
25464323
25464324
25464325
25464326
25464327
25464328
25464329
25464330
25464331
25464332
25464333
25464334
25464335
25464342
25464343
25464347
25464348
25464349
25464353
25464354
25464355
25464356
25464357
25464358
25464359
25464362
25464363
25464365
25464366
25464370
25464372
25464373
25464374
25464375
25464377
25464378
25464379
25464380
25464385
25464386
25464387
25464396
25464397
25464403
25464404
25464405
25464406
25464417
25464419
25464422
25464423
25464424
25464427
25464428
25464430
25464433
25464434
25464435
25464436
25464437
25464438
25464439
25464440
25464441
25464442
25464444
25464446
25464450
25464453
25920861
26063459
26063461
26063464
26063466
26680862
26681210
26686058
26731828
26738947
26765760
26765766
26943377
32092111
32104697
32105067
32105384
32105515
32105795
32108054
32117831
32143557
32143665
32143834
32204862
32235538
32350410
32638365
32638448
32638487
32638626
32639555
32705164
33641364
34036577
34144846
34145485
34216614
34262415
34262416
34565364
34565375
34572420
34589779
34597202
34597209
34597557
34597622
34597920
34601056
34601732
34601904
34602576
34608171
34612628
34612848
34612867
34626223
34717604
35075634
35075816
35075847
35075874
35075967
35076091
35077153
35077296
35077346
35077409
35077491
35077493
35077526
35077604
35077739
35077744
35077944
35078187
35080477
35080480
35879595
35879596
35879598
35879599
35879600
35879602
35879604
35879605
35932178
35932180
35932181
35965919
36944751
37039414
37039490
37612217
37855678
37855684
37998278
38496378
38499954
38535029
38685657
38685674
38768250
38782429
38782482
38843633
39000440
39093684
39097894
39097895
39164094
39164339
39173784
39445531
39449293
39671787
39970196
39984294
39984300
39985470
39985506
40015961
40032701
40301183
40397361
40452116
40452129
40458298
40458764
40459594
40461785
40755173
40755179
40755184
40755187
40755194
40755374
40756176
41774572
41967615
41970027
41970034
41970039
41970041
41970047
41970048
41970051
41970052
41988512
41988516
41988518
41988522
41989483
41990781
41990785
41993111
41993112
41993114
41993115
41993118
41993119
41993121
41993122
41993123
42044629
42044632
42044634
42044635
42044636
42044637
42044638
42044639
42044642
42044643
42044646
42044647
42763682
42763688
42781444
42783150
42834259
42834260
42834261
42876600
42877918
42877919
42885062
42885063
42885064
42998102
43119262
43119606
43119607
43184383
43184388
43185421
43185423
43185424
43246336
43246337
43246344
43246352
43246359
43246587
43246588
43246589
43247672
43285093
43285094
43285095
43285096
43285098
43285099
43285398
43285399
43285400
43285401
43285402
43332951
43332952
43332956
43332957
43335368
43335369
43335374
43335375
43335377
43341566
43343207
43343217
43343780
43583244
43655079
43655085
43655092
43667473
43855867
43856322
43858421
43858423
43858431
43858434
43858436
43858442
43858445
43858446
44116088
44116161
44143396
44146489
44326432
44326433
44450601
46847372
46847384
46847500
47003007
47003008
47003020
47003021
47432072
49224466
49226842
49226843
49226844
49226847
49226848
49226853
49226855
49226856
49226857
49226861
49226863
51145425
51145427
51145428
51510142
51510295
51510469
54377173
56084228
56096242
56096245
56096247
56185859
56185860
56200864
56200921
56200946
56200958
56200967
56200974
56201035
56201052
56201067
56201107
56201162
56201224
56201234
56201241
56201511
56201661
56201900
56202073
56204952
56208842
56209075
56209146
56209192
56209193
56212642
56223514
56675457
56675475
56675525
56675527
56675545
56675551
56818350
56818355
56818357
56818358
56818367
56818369
56818371
57161286
57873414
58156933
58156934
58156935
58156936
58156937
58156938
58699542
59869179
59869180
59869720
60550295
60550296
60550297
66420311
66420363
66420390
66420392
66420393
66420941
68580739
68580808
68580809
68580813
68580814
68927129
68927140
71401547
71401551
71401554
71401567
71401571
71401574
71401580
72177676
72182345
72184072
72185371
72469984
72469986
72469998
72470011
72470018
72470020
73083056
73083059
73083060
73083067
73083107
73083109
73083122
73083126
73083127
73083129
73083139
73083141
73925064
73925326
73925453
73925454
73925458
73925459
73925509
73925562
73925570
73927503
73927734
73927902
73930275
73948628
73948629
73949177
73949250
73949253
73949255
73950558
73950772
73951173
74458358
74497313
74497315
74498973
74500061
74500065
76874653
76899213
78209164
79377462
79377465
79377466
82172919
82173439
82173440
82198231
82198232
82290335
82290548
82290552
83530924
83530926
85352789
85352802
85352833
85352836
85352837
85352844
85352869
86021031
86377511
88223081
88223084
88223099
88223100
88223121
88223129
88223132
88223139
88223141
88223165
90682989
90683008
90852773
90852776
90852777
90852780
90852782
90852784
92810140
92882736
92882742
92882746
92882750
92882753
92882755
92882758
92882759
92882764
92882765
92882767
92882773
92882775
94140493
94140495
94140508
94140515
94140524
94172247
94172250
94172255
94172258
94172261
94172268
94172271
94172277
94172278
94172281
94172284
94172287
94172293
94172294
94172297
94172299
94172302
94172305
94172306
94172307
94172308
94172309
94172310
94172311
94172312
94172313
94172314
94172315
94172318
94172319
94197107
94197110
95468183
95564860
95683772
95683774
95683778
95683780
95683782
95683784
95683785
95683786
95683787
95683788
95683789
95683790
95683792
95683794
95683798
95683800
95683802
95745290
95745291
95745292
95745293
95745294
95745295
95745296
95745297
95745298
95745299
95745300
95745301
95745302
95745303
96754547
96754548
96754549
96754550
98830254
98830321
98830324
98830429
98941700
100676062
100881890
100881892
100884254
102692039
106327902
106327904
106327905
106327907
106327908
106327909
106327912
106566631
106566633
106566637
106566643
106566644
106566646
106670362
106789124
106789125
107516524
107518557
107970284
107970285
107970287
107970288
107970289
107970291
107970292
107970293
107970295
107970296
108510973
111795853
111795854
111985118
112226908
112226912
112232318
112232319
113467788
113467791
113467795
113467797
113467799
113470360
113506047
113506048
113506049
113506050
113506051
113506052
113506053
113506054
113506055
113728261
113728262
113728263
115306914
115502931
115505689
115505692
116132143
116132145
116132147
116132150
116132154
116132156
116132157
116132160
116132162
116132164
116132165
116132166
116132168
116132170
116132173
116132175
116132177
116132178
116132182
116132183
116132184
116132186
116132188
116132189
116132190
116132192
116132195
116132198
116132200
116132202
116132205
116132206
116132209
116132213
116132215
116132216
116132218
116132220
116132221
116132223
116132225
120068843
120072895
120074503
120108638
127077256
128868355
129705814
129705815
129725173
129725178
130281506
130281515
130426134
130426136
130426139
130426140
130426141
130426144
130426145
130426149
130426151
130426156
130426157
130426160
130426161
130426164
130426166
130426169
130427781
130427782
130427783
130427784
130427785
130427787
130427791
130590044
130590507
130590513
130590515
131681377
131681378
131681380
131683347
131905076
131905077
131922736
131922738
131930482
131930483
131930956
131930960
131930961
131930963
131930966
131930970
131930971
131930973
131930975
131930977
131930979
132569351
132569894
132570790
132570791
132570792
132570794
132570795
132570796
132571282
132666348
132750868
132846152
132846154
132846155
132846353
132846354
132846924
132846925
132846926
132846927
132846929
132847246
132847247
132847248
132847249
132847250
132847251
132916890
133317921
133317922
133317923
133317926
134832729
134834976
134834978
134834979
134834980
134921296
135272053
135337112
135338964
135338966
135458717
135460837
135460842
135460844
135460845
135595087
135595382
135696169
135696170
135808234
135808235
135808237
135808240
135808241
135808243
135808246
135896665
135896666
135896667
136003529
136003536
136003541
136003543
136003546
136003551
136080942
136115208
136115209
136115210
136115211
136115212
136115213
136115214
136115216
136118036
136118038
136118040
136135589
136135590
136135592
136135593
136135594
136135595
136135596
136135597
136135598
136135599
136217379
136217380
136217381
136338433
136338434
136338437
137102542
138563427
138563438
138563442
138597555
138705426
138705427
138707121
139245018
139245019
139245020
139245021
139245023
139245024
139245025
139245027
139245028
139548194
139548200
139850991
139851266
139860226
139860229
139863542
139863543
139865029
139865351
139866629
139868168
139870730
139872769
139878477
139880055
139880056
139881035
143408145
143478024
143569802
143569803
143569804
143569805
143569806
143569807
143569808
143569809
143569810
143569813
143569814
143569816
143633565
143633569
143633571
143633581
143633582
143633589
143633591
143633593
143685309
143727146
143727150
143727153
143727158
143873413
143873414
143873420
143873421
143873424
143877386
143877391
143877393
143877395
143877398
143877402
143877404
143877408
143877412
143877414
143877415
143877416
143878571
143878574
143891191
143891197
143891207
143891209
143891210
143896941
143896942
143896944
143896945
143896946
143896947
143896948
143896949
143901024
143901026
143901029
143901030
143901031
143901033
143901035
143901036
143982701
143999804
144000290
144002400
144002907
144010263
144010436
144213465
144213468
144213473
144213476
144213477
144213506
144213514
144213520
144213528
144213538
144213543
144213547
144213553
144213554
144213561
144213563
144213565
144215893
144215894
144215896
144215897
144230895
144230902
144230905
144392874
144392875
144392876
144392877
144392880
144394842
144414768
144414769
144414776
144414778
144414779
144414783
144414784
144414787
144436445
144474359
144552529
144552532
144552535
144552538
144552540
144552542
144552543
144552544
144552547
144552549
144552550
144552551
144552552
144595661
144638219
144638226
144638227
144638230
144638232
144638236
144638237
144638239
144638241
144638245
144638246
144638249
144638251
144638254
144638255
144638259
144638265
144729149
144729150
144729151
144729152
144729153
144729154
144729155
144743670
144771603
144771605
144771607
144771609
144771610
144771613
144771614
144771616
144771619
144773700
144773701
144777862
144777864
144777865
144777866
144777867
144777870
144777872
144777873
144777874
144777875
144777876
144777877
144777878
144777880
144778128
144779587
144779589
144782159
144782160
144787514
144787515
144798998
144799003
144799004
144799005
144799018
145017431
145017432
145017709
145018078
145018079
145028219
145028222
145028224
145028226
145028227
145028555
145028992
145028993
145029131
145110213
145119591
145119592
145119593
145119594
145121999
145122000
145130965
145159775
145434115
145434116
145434117
145434118
146857015
146857017
146923082
146923085
146923092
146923095
146927245
146927247
146935671
147203870
147203872
147203875
147203878
147203880
147203882
147203884
147203886
147249194
147343618
147343625
147343628
147343630
147343632
147343640
147343642
147343648
147343655
147343667
147343672
147343674
147343678
147343679
147403241
147403246
147403249
147403252
147403255
147404912
147405028
147405029
147405031
147405032
147405313
147405513
147405514
147405515
147405516
147405517
147409025
147409027
147409030
147409031
147409032
147409033
147409211
147409213
147409831
147409832
147409833
147409834
147409835
147409836
147409837
147510898
147510899
147510900
147510901
147511891
147511893
147518454
147549324
147549837
147571786
147571787
147571788
147585933
147601521
147623224
147623229
147623230
147623234
147627000
147627005
147913733
147915073
147946320
147946323
148148661
148186353
148186354
148186356
148186357
148186358
148186359
148186648
148186651
148187172
148187201
148194870
148194873
148194878
148194881
148194884
148194886
148194889
148194890
148195463
148196024
148196028
148197066
148197069
148452833
148452834
148454623
148454626
148460999
148461000
148461716
148462257
148462258
148462831
148463191
148464017
148464018
148464019
148464020
148464867
148464872
148464876
148464877
148467236
148467237
148467238
148467239
148467240
148467243
148467245
148467246
148467657
148470822
148470825
148470826
148472037
148472038
148472040
148472041
148472042
148472043
148472509
148472881
148472882
148473403
148473406
148473408
148473410
148473414
148473714
148473720
148474404
148608635
148712765
148715557
148715559
148715561
148715562
148715563
148715564
148715565
148715566
148715567
148715568
148715569
148715571
148715572
148715573
148715574
148715575
150391832
150391842
150391851
150542854
150542857
150549937
150554107
150554108
150554109
150554110
150554111
150554112
150554113
150554114
150554115
150554116
150554117
150554118
150554119
150554120
150554122
150554123
150554124
150554125
150554126
150554127
150554128
150554129
150554130
150554131
150554132
150554133
150554134
150554135
150554136
150554137
150554138
150554139
150554141
150554144
150554145
150554148
150554149
150554150
150554152
150554154
150554156
150554157
150554159
150554160
150554161
150554162
150554163
150554164
150554165
150554166
150554167
150554858
150554860
150554862
150554864
150676095
150676098
150676099
150677030
150681596
150770413
150770414
150770415
150770417
150770419
150770420
150770421
150770422
150770423
150770424
150770425
150770426
150770645
150771846
150771847
150772386
150772387
150781675
150781888
150782100
150782103
150782353
150782915
150783032
150783427
150784445
150784446
150784972
150784973
150785472
150785473
150785474
150936681
150936682
150936683
150936684
150936685
150936686
151078684
151230765
151268743
151332560
151340216
151340244
151344331
151344336
151344338
151344339
151344340
151344344
151344348
151344351
151353935
151353937
151353938
151353940
151353943
151353944
151353945
151353948
151361670
151361677
151361680
151361683
151361685
151361688
151361692
151361693
151361695
151361696
151361697
151361699
151375505
151375520
151377397
151377398
151377399
151377400
151377401
151379038
151380347
151380348
151383178
151383179
151383181
151388205
151388207
151388208
151388215
151388217
151388218
151388219
151390660
151390661
151390664
151469648
151475147
151475148
151475149
151475152
151475154
151475157
151519191
151540150
151540151
151540153
151540154
151540156
151540164
151541434
151541441
151541446
151541447
151617989
151617991
151617992
151617994
151617995
151617997
151617999
151620537
151620540
151620542
151620543
151620544
151620545
151620549
151620551
151620553
151620688
151621080
151621872
151625944
151625945
151625946
151643599
151643600
151643602
151643604
151643607
151643611
151643615
151643616
151647568
151647569
151647571
151647572
151647574
151647576
151647577
151647578
151652648
151657725
151657726
151657727
151657728
151657729
151657731
151657735
151657736
151657740
151657741
151657742
151657744
151665809
151665810
151693862
151693863
151693864
151693865
151693866
151693867
151693868
151693869
151693870
151693871
151693872
151739206
151744370
151744371
151744373
151744374
151749433
151749434
151767684
151767685
151767688
151767689
151767693
151767695
151767696
151770469
151770470
151770471
151770472
151770473
151770474
151770475
151770476
151770477
151828694
151828696
151828699
151847043
151851046
151855010
151855171
151864031
151864033
151884709
151884710
151884711
151884713
151884714
151884717
151884718
151884719
151884722
151884723
151884724
151884725
151887483
151887484
151891025
151894282
151894285
151894287
151902573
151902578
151902579
151902580
151902582
151902583
151902587
151902588
151902589
151902592
151902593
151902595
151902601
151902602
151902605
151902606
151902608
151902610
151947490
151947491
151947494
151947495
151947496
151947500
151947501
151948991
151948992
151948995
151948996
151948997
151948998
151948999
151949000
151949002
151949003
151949004
151949005
152016390
152016393
152016394
152016400
152016401
152016402
152022098
152022101
152022102
152022779
152022780
152022781
152022782
152050138
152050139
152050144
152076171
152194843
152195673
152205037
152205038
152205039
152205040
152205041
152205042
152209859
152209860
152209862
152209863
152209864
152209865
152209866
152209867
152209869
152209873
152209876
152209877
152209880
152209889
152209891
152209893
152209897
152209899
152209905
152209908
152209909
152209911
152209912
152209914
152209916
152209919
152209929
152209931
152209932
152211928
152211936
152222870
152333892
152337971
152337972
152337973
152337975
152338075
152339190
152339200
152339201
152339202
152339203
152339210
152340004
152340236
152340238
152341079
152341080
152341082
152341083
152341922
152341923
152342550
152342551
152343194
152343196
152343413
152343416
152343558
152343559
152343633
152343927
152343928
152343929
152343983
152344147
152344351
152344352
152344353
152344358
152505501
152505502
152505503
152505671
152505883
152506341
152507032
152507036
152507037
152508691
152508692
152508693
152508694
152508747
152508895
152515572
152524214
152524221
152524224
152524242
152524301
152567164
152719185
152719198
152719201
152719205
152734019
152811771
152811773
152917014
152917017
152917019
152917026
152917028
152917031
152917051
152962421
153018536
153018542
153018561
153045021
153249846
153249860
153249887
153270887
153342974
153344114
153344115
153344116
153344118
153347668
153347669
153347670
153347674
153416600
153416601
153416603
153416605
153416608
153416610
153416613
153416614
153416615
153447179
153447182
153447184
153447186
153447191
153447195
153447197
153447199
153447201
153447203
153447206
153447207
153447212
153447214
153447219
153447227
153447239
153447242
153455375
153455382
153455385
153455388
153455392
153455393
153455401
153455403
153455404
153455405
153455411
153455414
153455417
153455423
153455424
153455427
153455433
153455444
153455446
153455448
153455456
153455472
153455481
153455484
153455485
153455495
153455497
153455499
153455510
153455515
153455517
153455529
153455532
153455540
153471384
153471406
153471414
153471430
153471437
153471470
153471476
153471478
153471484
153471489
153471494
153471496
153471514
153471518
153471523
153471528
153471537
153471538
153471550
153538338
153538340
153538346
153538349
153550732
153550734
153550735
153550737
153550738
153550739
153550741
153550743
153570065
153571255
153571257
153571967
153574246
153575943
153597510
153630338
153630340
153630342
153630343
153630345
153634034
153634037
153635253
153635260
153636439
153643230
153643232
153662556
153662557
153662577
153662579
153662580
153662581
153662582
153662583
153662587
153662589
153662590
153662592
153662594
153662595
153662596
153662597
153662599
153662601
153662604
153662605
153662609
153662611
153662616
153662618
153662619
153662624
153662627
153662630
153662637
153662649
153662651
153662653
153662655
153662660
153662662
153662663
153662672
153668236
153668246
153668267
153766306
153766308
153766309
153766310
153767876
153767877
153793634
153795296
153841826
153841829
153841833
153841834
153841835
153855466
153855530
153855548
153855584
153855599
153855634
153855644
153855662
153855678
153855679
153855689
153855708
153857838
153857924
153858272
153860431
153860432
153860433
153860441
153860443
153860451
153860453
153860459
153860470
153860471
153860490
153860503
153860506
153860507
153860525
153860529
153860532
153860545
153860547
153860560
153860569
153860574
153860575
153860582
153860583
153860584
153860589
153860604
153860607
153860613
153860620
153860621
153860632
153860639
153860647
154004258
154004262
154005032
154006221
154006222
154006223
154012620
154012633
154012953
154018059
154018060
154236988
154262347
154262348
154262358
154262359
154262387
154262388
154262706
154262707
154262708
154262709
154262710
154262711
154262712
154262713
154262845
154262846
154262847
154262848
154262849
154263995
154385077
154385078
154385080
154385082
154385086
154385091
154385093
154385098
154385099
154385105
154385106
154385115
154385117
154385118
154385122
154385123
154385125
154385131
154385134
154385139
154385141
154385143
154385148
154385156
154385157
154385158
154385162
154385166
154385170
154385171
154385173
154385177
154385178
154385180
154385185
154385186
154385198
154385209
154385211
154385214
154385216
154385221
154385223
154385225
154385228
154385232
154385242
154385244
154385245
154385248
154385251
154385258
154385261
154385268
154385278
154385283
154385287
154385291
154385294
154385297
154385300
154519746
154519747
154525214
154525215
154526340
154526612
154526613
154526614
154526940
154526941
154526942
154526943
154527169
154563331
154563332
154563333
154563334
154563335
154563338
154563340
154563343
154563344
154563346
154563347
154563348
154563349
154563351
154563353
154563354
154563356
154563357
154563358
154563359
154563361
154563362
154563363
154571729
154571974
154574178
154574181
154585683
154585690
154585692
154585697
154585700
154585705
154585707
154585708
154585712
154585714
154585717
154585720
154585723
154585725
154585730
154589451
154689300
154739852
154739856
154739860
154739862
154769683
154769686
154769689
154769692
154776428
154776431
154776434
154776436
154863360
154866228
154891783
154891784
154891785
154901573
154901574
154901575
155182843
155190129
155203822
155203824
155203827
155203828
155203830
155203831
155203832
155203833
155224694
155224695
155224697
155300649
155300660
155300667
155366034
155676115
155676122
155676125
155788797
155788805
155791064
156265416
156265417
156265418
156265421
156265424
156265425
156265429
156266643
156266644
156266645
156266648
156266649
156266650
156266651
156343195
156472853
156472855
156477209
156477210
156503294
156503295
156503297
156503299
156503301
156503302
156503303
156503304
156503305
156513160
156513167
156513171
156513172
156513176
156513177
156513180
156513182
156513184
156513186
156519502
156519504
156519505
156519506
156519508
156519511
156522764
156522765
156522766
156522767
156522769
156522770
156522771
156522774
156522775
156522776
156522777
156527804
156527805
156527807
156527808
156527810
156527811
156527812
156527813
156527814
156527815
156527816
156527817
156527818
156527819
156527822
156527823
156527824
156527825
156527826
156527827
156527828
156527829
156527831
156527834
156527835
156527837
156529511
156529513
156529876
156553443
156596751
156596752
156596753
156596756
156596757
156596760
156596761
156596765
156596766
156596767
156596768
156596769
156596771
156597511
156597512
156597513
156607187
156607188
156607189
156607190
156607191
156607192
156607193
156620380
156620381
156621063
156621064
156621065
156621440
156621446
156621450
156738551
156738555
156738557
156738558
156738559
156790355
156790356
156790358
156790359
156791111
156935031
156935032
156960275
156960278
156960280
156960285
156993399
156994181
157001411
157001415
157001416
157398578
157398579
157400537
157404371
157404372
157404373
157404375
157404377
157404379
157404380
157512819
157527510
157527515
157563393
157563395
157563398
157563402
157563403
157563405
157593598
157593599
157593600
157593867
158053993
158435433
158435434
158435435
158435441
158435445
158435449
158435453
158435456
158435457
158435458
158435460
158435462
158435465
158435467
158435468
158435469
158435471
158435474
158436080
158436081
158436084
158436085
158436087
158436088
158436089
158436090
158436091
158436092
158436094
158436095
158677856
158678136
158729664
159083797
159238460
159238465
159238467
159238469
159238471
159847939
159847942
159847943
159847944
159847945
159847946
159847947
159847948
159847951
159847953
159847954
160106462
160106463
160106464
160106465
160106466
160106467
160106468
160116336
160116338
160116341
160116343
160116345
160116346
160116348
160116350
160116352
160116354
160116355
160116356
160116360
160116361
160116362
160116365
160748314
160748319
160753281
161014662
161014663
161014664
161051297
161082151
161224096
161309107
161309108
161441493
161441494
161441495
161441496
161441497
161441498
161441499
161441500
161441501
161441502
161441503
161441504
161441505
161441506
161441507
161441508
161441509
161441510
161441511
161441512
161441513
161441514
161536684
161539190
161539191
161539192
161539193
161539194
161539195
161539196
161539197
161564841
161564848
161564859
161564861
161564866
161564868
161564870
161564874
161564881
161564886
161564920
161585255
161585261
161585262
161594367
161594374
161594377
161594379
161594384
161594387
161594388
161639496
161639497
161639498
161977062
161989048
162002351
162207159
162207162
162207165
162207167
162207170
162263073
162414181
162453775
162453778
162453781
162453789
162453791
162453792
162453802
162453806
162453807
162453811
162453815
162455327
162456753
162456754
162456755
162458029
162458032
162458033
162458035
162458037
162458043
162458044
162458047
162458050
162458052
162459087
162459089
162459093
162459603
162765479
162765486
162765488
163062595
163118616
163118617
163118619
163118620
163118623
163118624
163124264
163124269
163124271
163209445
163209447
163209448
163209449
163209450
163209451
163209452
163209453
163209454
163209455
163209456
163209457
163214957
163214958
163416463
163418948
163418950
163418951
163418952
163420543
163420545
163420547
163420549
163420551
163420553
163420554
163612934
163612935
163612936
163612937
163612938
163612939
163612943
163693257
163715715
163715716
163715939
163716020
163757764
163757765
163838308
164072544
164084769
164084778
164084780
164084784
164231484
164231485
164865843
164865844
164865845
164865846
164865847
164865849
164865850
164865851
164865852
164865853
164865854
164865855
164865856
164865857
164940547
164940548
164940549
164940550
164940551
164940552
164940553
165236556
165236557
165236558
165445099
165448822
165520367
165520368
165520369
165520370
165520373
165520816
165718468
165719076
165719077
165719078
165719079
165836456
165836459
165836460
165838305
165838306
166003346
166003347
166003348
166003349
166003350
166003351
166003354
166123305
166123306
166123307
166123308
166140938
166170572
166331072
166331073
166331195
166331196
166663760
166750067
166827817
166828910
166828911
166828912
166828913
166828914
166828915
167360403
167365344
167365345
167365347
167365349
167365351
167365360
167637324
167637371
167697247
167697248
167697249
167697250
167697256
167697257
167697258
167697261
167697262
167697263
167697264
167697265
167697266
167697267
167697268
167697271
167697272
167697273
167697274
167697276
167697277
167697278
167697279
167697280
167697282
167697283
167697284
167697285
167697286
167697287
167823518
167823520
167823521
167823522
167823523
167823524
167823529
167825587
168049231
168054883
168054884
168325119
168325120
168325121
168325122
168325123
168325124
168325125
168325126
168325127
168325129
168325131
168349248
168349249
168349250
168568992
168568993
168568994
168568996
168863319
168863320
168867378
168867379
168867380
168867381
168867382
168867383
168867384
168867385
168867386
168867387
168867388
169087002
169087003
169244356
169244357
169244358
169244359
169558568
169558571
169558575
169558578
170154159
170154161
170154169
170154170
170154172
170154175
170154179
170154182
170707812
170707815
170707819
170707821
170707823
170707825
171244386
171244387
171244388
171244390
171244391
172681447
172688794
172688795
173495278
173495279
173925486
173925487
174327877
174665090
174958092
174958093
174958094
174958095
174958096
174958097
174958098
174958099
174958100
174958101
174958102
175845890
175866255
175884725
175884726
175884727
175884728
175884729
175884730
175884731
175884732
175884733
175884734
175884735
175884736
175884737
175884738
175884739
175884741
175884743
175884744
175884745
175884746
175884747
175884749
175884750
175884752
175884754
175884755
175884756
175884759
175884760
175884761
175884764
175884765
175884766
175884769
175884770
175884771
175884772
175884773
175884774
175884775
175884776
175884777
175884778
175884779
175884780
175884781
176214622
176214625
176214626
176833530
176852575
176852576
176852577
177187581
177187582
177187848
177432610
177432611
177433047
177535717
177666113
177666548
177666549
177666551
177666552
177666553
177678514
177678516
177678519
177678521
177679370
177679371
177679372
177679373
177679374
177698900
177698901
177698902
177698903
177698904
177698905
177789972
177943310
177943311
177943312
177943315
178206221
178206223
179146597
181893437
181893438
181893440
181893443
181893447
181893448
181893449
181893451
182019245
182019246
182019249
182019250
182019555
182019556
182019557
182021065
182021067
182021068
182023034
182023035
182023036
182023037
182023038
182023039
182023042
182023403
182023404
182023405
182023406
182023407
182032853
182032854
182032855
182032856
182032857
182032858
182032859
182032860
182032861
182032864
182032866
182033578
182033579
182033580
182038682
182038684
182038685
182038691
182040308
182040309
182040310
182040311
182040312
182040313
182042770
182042771
182401802
182401807
182401810
182401812
182401823
182935459
182935460
182935461
182935462
182935463
182935464
182935465
182935466
182935468
182935469
182935470
182935471
182935473
182935475
182935476
182935478
182935479
182935480
182935481
182935482
182935483
182935484
182935485
182937671
182937672
182937673
182937680
182937683
183456364
183456365
183456366
184508832
184508834
184508835
184508837
184508839
184574770
184574771
184574773
184574774
184574775
184574776
184574777
184574778
184574779
184574780
184574781
184574782
184574783
184574785
184574786
184574787
184574788
184574789
184574790
184574791
184574792
184574794
184593125
184593126
184596014
184596015
184596017
184597732
184597735
184597737
184597739
184597740
184770552
186473542
186473543
186473544
186473545
186473546
186473550
186473551
186473552
186473555
186473556
186473557
186473559
186473560
186473564
186473567
186473568
186473569
186473570
186473571
186473572
186475940
186477837
186477838
186477840
186477842
186484079
186484081
186484082
186484083
186484085
186484087
186484089
186484091
186484092
186484093
186484095
186484096
186484097
186484099
186484101
186484103
186484105
186484106
186484107
186484109
186484110
186484113
186522955
186522956
186522957
186522958
186522959
186522960
186522961
186522962
186522963
186522964
186522965
186522966
186522967
186522968
186522969
186522970
186524930
186524931
186524932
186524933
186524934
186524935
186524936
186524937
186524938
186524939
186544938
186544939
186554924
186554928
186554931
186572644
186572647
186572649
186572651
186650639
186650641
186650643
186650645
186650646
186650647
186650650
186650651
186650653
186650654
186650656
186650658
186650659
186650661
186650662
186650665
186650666
186650667
186650668
186650669
186650670
186650672
186650674
186650675
186668389
186669858
186961663
186961664
187104007
187104008
187162633
187162635
187374237
187374240
187374442
187374443
187374444
187378161
187378162
187378163
187378165
187378167
187378168
187378169
187378170
187378171
187378174
187378175
187378176
187378177
187378178
187378180
187668239
187668243
187687310
187690124
187690127
187690130
187690134
187698331
187698332
187698333
187698336
187698337
187698338
187698339
187709248
187709249
187709250
187709251
187709252
187709253
187709254
187709255
187709256
187709257
187709258
187709259
187709260
187709262
187709263
187709264
187709265
187709266
187709269
187709270
187714560
187714561
187714562
187714563
187714564
187714565
187714566
187714567
187714568
187714569
187714570
187714571
187714572
187714573
187726996
187726997
187726998
187727000
187727001
187727002
187727003
187727004
187727005
187727006
187727007
187727008
187727009
187727010
187727011
187727012
187727013
187727014
187727015
187727016
187727017
187727018
187727020
187727021
187727023
187727024
187727569
187739930
187739934
187739945
187739947
187816419
187816420
187816421
187816422
187816423
187816424
187816425
187816426
187817362
187817363
187817365
187817366
187817368
187817369
187817370
188079084
188079085
188079086
188079087
188079088
188079090
188079091
188079101
188083494
188083495
188083496
188083497
188083498
188083499
188083500
188083501
188083502
188083503
188083504
188083505
188083506
188083507
188083508
188083509
188083510
188083511
188083512
188083514
188083515
188083516
188083517
188083519
188280069
188280070
188328445
188328446
188328450
188328452
188328454
188328456
188328458
188328462
188328463
188339282
188339284
188339285
188339286
188339287
188339288
188339289
188339291
188339292
188339300
188339301
188339302
188339303
188339306
188339307
188339334
188352842
188352843
188352844
188352845
188352846
188352847
188352848
188352849
188352850
188352852
188352853
188352855
188352856
188353405
188353406
188365332
188365333
188365337
188365338
188366578
188366579
188469240
188469241
188469244
188469247
188469248
188473704
188473706
188477393
188477395
188477396
188477397
188477398
188477399
188477400
188477401
188477402
188477403
188477404
188477406
188481353
188481354
188481355
188481356
188481357
188481358
188481359
188481360
188481361
188481362
188481363
188481364
188481365
188481367
188481368
188481369
188481371
188482110
188482112
188482116
188483428
188488546
188488547
188488548
188488549
188488550
188488551
188488552
188488553
188488554
188488555
188491366
188491367
188491368
188491371
188491372
188491373
188491375
188492822
188492823
188492824
188492825
188492826
188492827
188492828
188492829
188492830
188492831
188494539
188494540
188495923
188510152
188510154
188510155
188510156
188645341
188645342
188645343
188645345
188645346
188645347
188645348
188645349
188645350
188645351
188645352
188645353
188645354
188645356
188645357
188645358
188645359
188645360
188645361
188645362
188645363
188645364
188645365
188645366
188645367
188645368
188645369
188645370
188645371
188645372
188645373
188645374
188645375
188645376
188645377
188645379
188645380
188645381
188645382
188645383
188645384
188645385
188647844
188647845
188647846
188647847
188647848
188647849
188647850
188659821
188660489
188660490
188660491
188660492
188660493
188661156
188661157
188692341
188692343
188692346
188692347
188692349
188744510
188744511
188744515
188744528
188745579
188794103
188797349
188797350
188797352
188797353
188797354
188797355
188797356
188797357
188797358
188797359
188797360
188797361
188797362
188797789
188797790
188797791
188814981
188936744
188936745
188936746
188936748
188936749
188936750
188936751
188936752
188936753
188936754
188936755
188936756
188936757
188936758
188936759
188936760
188936761
188936762
188936763
188936764
188936765
188936766
188936768
188936769
188936770
188936771
188936772
188936773
188936774
188936775
188936776
188936777
188936778
188936781
188936782
188936783
188936784
188936785
188936786
188944362
188944364
188944365
188944367
188944369
188944370
188944371
188944372
188944373
188944374
188944376
188944378
188944380
188944381
188944382
188944383
188944384
188944386
188944388
188944390
188944391
188944392
188944397
188944399
188944405
188944409
188944412
188949919
188949920
188949921
188949922
188949923
188949924
188952431
188952441
189030428
189030431
189030438
189030450
189033568
189042334
189042335
189042336
189042516
189042517
189042518
189042519
189042520
189042521
189042522
189042523
189042524
189042525
189042526
189042527
189042528
189042529
189042530
189042531
189042532
189042533
189042534
189042535
189042536
189044729
189044730
189044731
189044732
189049171
189049177
189049188
189049904
189049905
189049906
189049907
189049908
189049909
189049910
189049911
189049912
189049913
189049914
189049915
189071511
189071514
189071517
189071520
189071522
189071524
189071525
189091527
189091528
189091529
189091531
189091532
189091534
189091535
189091536
189091538
189091540
189091541
189125356
189125357
189125358
189240779
189247527
189247528
189247529
189250483
189250485
189250487
189250488
189250489
189250490
189250492
189253080
189253081
189253082
189253083
189253084
189253852
189253853
189253854
189506215
189506217
189506218
189521317
189521318
189521320
189560283
189560284
189560285
189569329
189569331
189569333
189569335
189573782
189573783
189573784
189573785
189574964
189574965
189574966
189574967
189575408
189577909
189577910
189577911
189577912
189577913
189855429
189855430
189860043
189921352
189921353
189921354
189921355
189921356
189921357
189921359
189921360
189921361
189921362
189921363
189921365
189921366
189921367
189921368
189921369
189921370
189921371
189921373
189921375
190043944
190075778
190075779
190075780
190075781
190075782
190077116
190077117
190083358
190083359
190083360
190083361
190083362
190083363
190083365
190083367
190083373
190273244
190273245
190279111
190279114
190279745
190293219
190293220
190293222
190293224
190293232
190293234
190293235
190293237
190293238
190293241
190293244
190293245
190293246
190293848
190293849
190293851
190293852
190293854
190293855
190293856
190293857
190293859
190293861
190293862
190296341
190296342
190296343
190296344
190296345
190297702
190297703
190299690
190299691
190299692
190299693
190299694
190299695
190302143
190302144
190302145
190302146
190302147
190302148
190302149
190302150
190302151
190304344
190403917
190403918
190404369
190404370
190404371
190404372
190404373
191030106
191030150
191030151
191030193
191030203
191101361
191124159
191124160
191124161
191137421
191161012
191205461
191205462
191211712
191211713
191211715
191211716
191260689
191261617
191261619
191261620
191261621
191261622
191412822
191412824
191412825
191450603
191450605
191450607
191450610
191450615
191450616
191450617
191450619
191450621
191450623
191450628
191450630
191450632
191450635
191450637
191450640
191450642
191450644
191450645
191450646
191450647
191450648
191450649
191450650
191450651
191450652
191450653
191608849
191608850
191608853
191609096
191617069
191617070
191617072
191694535
191965322
191965323
191965324
191965325
191965326
191965327
192147038
192147044
192147045
192147047
192147048
192299073
192299074
192299075
192299076
192299077
192299078
192299079
192299080
192299081
192299082
192306772
192306774
192306775
192306776
192306777
192306779
192306781
192306783
192306785
192306789
192306790
192306792
192306795
192306797
192307434
192307435
192465358
192465359
192465360
192506974
192608169
192608170
192614962
192614963
192614964
192614966
192614968
192614970
192614971
192614972
192615674
192615679
192710776
192710777
192710779
192710780
192710784
192710786
192710790
192710791
192710793
192710795
192710798
192710800
192710802
192710804
192710805
192710808
192710810
192710814
192710816
192710818
192710821
192710824
192710826
192710828
192710830
192710832
192710833
192710836
192710838
192710840
192710844
192710846
192710847
192718760
192718761
192718762
192718763
192718764
192718765
192718766
192718767
192718768
192718769
192718770
192718771
192755106
192755107
192756866
192913717
192913718
192916511
192994864
192995048
192995049
192995051
193334223
193334224
193334225
193334226
193334227
193334228
193334229
193457121
193943009
193943011
193943017
194035807
194035815
194035817
194035824
194035828
194035830
194035836
194035845
194037883
194037906
194194997
194194999
194196095
194196096
194196097
194196098
194617353
194617364
194617366
194617368
194920714
194920715
194920717
194920720
194920722
194920724
194920726
194920728
194920730
194920732
194920734
194920736
194920740
194920742
194981205
195078372
195078374
195078375
195078377
195231103
195231104
195231105
195231106
195231107
195231108
195231109
195231110
195231111
195231112
195231113
195978332
195978333
195978334
195978336
195978337
195978339
195978341
195981536
195981537
196000552
196000553
196000554
196000555
196000556
196089942
196089944
196089947
196324219
196324220
196324221
196364227
196364228
196364229
196683606
196769402
196984369
196984372
196984376
196984379
196984382
196984385
197015206
197015242
197016931
197016932
197210610
197698317
197770685
197904087
197906877
197906878
198186429
198203505
198203506
198203507
198203508
198203509
198203510
198203511
198329631
198329632
200417281
200417282
200417283
200417284
200417285
200417286
200417287
200417288
200417289
200417290
200417291
200417292
200417293
200417294
200417295
200417296
200417297
200417298
200417299
200417300
200417301
200418502
200419396
200419475
200419476
200822655
200822656
200822658
200822659
200822660
201329682
201492051
202348477
203097296
203098505
203098508
203098510
203100141
203100142
203100143
203100144
203100145
203100146
203100147
203100149
203100151
203100153
203100154
203100155
203100157
203100159
203100162
203100165
203100169
203123072
203134288
203135619
203135620
203135621
203135622
203135651
203252799
203252800
203252801
203252803
203252804
203252805
203256823
203256824
203266896
203266903
203266904
203266906
203529487
203529508
203529529
203529532
203529536
203529541
203529549
203871071
203871072
203871074
203892109
203906344
203906346
203906347
203906348
203906349
203906350
203906351
203906352
203906353
203906354
203906355
203906356
203906357
203906359
203906360
203906361
203906362
203906363
203906364
203906365
203906366
203906367
203906368
203906369
203906370
203906371
203906372
203906375
203906377
203906380
203906382
203906386
203906388
203906390
203919746
203995317
203995319
203995320
204012484
204101755
204101757
204101758
204101764
204217502
204218990
204218993
204252687
204252688
204252689
204252690
204252691
204323590
204323591
204323592
204656440
204656451
204656456
204656457
204656482
204656483
204658069
204658070
204658071
204658072
204658073
204658074
204658075
204658076
204658077
204658078
204658079
204658080
204658081
204658082
204658083
204658084
204658085
204658086
204658087
204658088
204658089
204658090
204658091
204658092
204658093
204658094
204658095
204658096
204658097
204658098
204658099
204658100
204658101
204667170
204667171
204667172
204667175
204667187
204668292
204862249
204862250
204862251
204874237
204874238
204874239
204874240
204899360
204922094
204922095
204924591
204987164
204987165
204987166
204987167
204987168
204987169
204987170
205122310
205143911
205143913
205143917
205249073
205249075
205249076
205249077
205249078
205249080
205249081
205249082
205249083
205249084
205249085
205249087
205249088
205249090
205249091
205249092
205259179
205259180
205259181
205259182
205259183
205280151
205280153
205280155
205280161
205280162
205280164
205280166
205280168
205280171
205280173
205280178
205280182
205280183
205280184
205280185
205280186
205280187
205280189
205280191
205280192
205280194
205280196
205280197
205280198
205280199
205282080
205282081
205282082
205282083
205385637
205385638
205385639
205385640
205385641
205390634
205390636
205749545
205749546
205853965
205902268
205902269
205902271
205943198
205943199
205943200
205943203
205943204
205943205
205943206
205943207
205943208
205943209
205955950
205955952
205955953
205955954
205955956
205955958
205955960
205955961
205955962
205955963
205955979
205978831
205978832
206441103
206441104
206501398
206501399
206501401
206501402
206501403
206502025
206502026
206988985
206988986
206988987
206988988
206988989
206988991
206988992
206988993
207001030
207001032
207001034
207001035
207001037
207031415
207038544
207483773
207485170
207485171
207728417
207746657
207746662
207746664
207747798
207759404
207763933
207765157
207765158
207778510
207778511
207778512
207778513
207778514
207793172
207802024
207806414
207809035
207809848
207902893
207902894
207902895
207902896
207902897
207902898
207902899
207902900
208052605
208052606
208620479
208758457
208770443
208770451
208850838
208853998
208855991
209210804
209210805
209210806
209268514
209268515
209272083
209272084
209272085
209272086
209353766
209354588
209355096
209355572
209359405
209360437
209698975
209844371
210500557
211033548
211033613
211033623
211033625
211033645
211193389
211210460
211210461
211210462
211210468
211210471
211378945
211479044
211479045
211482599
211482602
211482607
211482610
211482612
211482615
211482617
211482619
211482621
211482623
211482627
211482628
211482629
211482630
211482631
211482633
211482635
211482637
211482639
211482641
211482643
211482649
211482651
211482653
211482655
211482657
211482660
211482662
211482664
211482667
211485422
211485423
211485424
211485425
211490266
211490267
211490268
211490269
211490270
211490274
211490275
211490276
211490278
211490279
211490280
211503268
211503270
211805113
211805114
211805116
211805119
211805123
211805126
211805142
211805143
212028676
212028677
212028678
212028679
212028680
212028682
212028684
212028685
212028687
212028688
214614118
214614471
214616246
214616248
214621382
214622055
216213918
216213919
216213920
216213921
216213922
216213923
216213924
216213925
216213926
216213927
216213928
216213929
216213930
216213931
216213932
216213933
216213934
216213935
216213936
216213937
216213938
216213939
216213940
216213941
216213942
216213943
216239612
216239613
217363701
217363702
217363703
217363704
217363705
217363706
217363707
217363708
217363709
217363710
217363711
217363712
217363713
217363714
217363715
217363716
217363717
217363718
217363719
217363720
217363721
217363722
217378899
217378900
217378903
217406319
217406320
217406321
217406322
217407497
217407498
217407499
217407500
217407501
217407502
217407503
217407504
217407505
217408951
217408952
217408953
217408954
217408955
217408956
217408957
217408958
217408959
217408960
217408961
217408962
217408963
217408964
217408965
217408966
217408967
217408968
217408969
217408970
217408971
217408972
217408973
217414923
217414924
217414925
217414926
217414927
217414929
217414932
217414933
217414935
217414936
217414939
217417045
217417046
217417047
217417563
217435179
217435180
217435181
217435182
217435183
217435184
217435795
217435796
217435797
218285677
218285678
218285679
218285680
218285684
218285695
218285697
218285702
218285704
218285705
218285708
218285709
218285711
218285712
219053083
219053084
219053085
219097131
219097133
219097135
219097137
219097138
219097139
219097140
219097141
219097142
219097143
219097144
219097145
219097146
219097147
219097148
219097149
219097150
219097151
219097152
219097153
219097154
219097155
219097157
219097158
219097159
219097160
219097161
219097162
219097164
219097165
219097166
219097167
219097168
219097169
219097170
219097171
219097172
219097173
219097174
219097175
219097176
219097177
219101578
219101579
219101580
219101581
219101582
219101583
219101584
219101585
219101586
219101587
219101588
219101589
219101590
219101591
219101594
219101596
219101598
219101600
219101602
219101604
219101605
219101606
219101608
219101610
219101612
219101615
219101617
219101619
219101621
219101624
219101626
219156827
219156828
219156829
219156830
219156831
219156832
219156833
219165377
219165378
219166386
219166669
219166670
219166671
219166995
219166996
219203387
219203390
219203391
219448942
219448955
219448961
219448965
219448994
219448997
219449003
219449025
219449042
219455740
219455741
219455742
219455743
219504465
219504466
219504467
219568041
219568045
219568046
219568047
219568049
219568050
219568052
219568054
219568055
219568056
219568057
219568058
219568060
219568062
219568063
219568064
219568065
219568066
219568067
219568068
219568069
219568070
219568071
219568072
219568073
219568074
219568075
219568076
219568077
219568078
219568079
219568080
219568081
219568082
219568083
219568084
219568085
219568086
219568087
219568088
219568089
219568090
219568091
219568092
219568093
219568094
219569572
219569574
219569576
219569578
219569580
219569582
219569584
219569586
219569588
219569590
219569591
219569593
219569595
219569597
219569599
219569600
219569603
219569605
219569607
219569609
219569611
219569615
219569618
219569621
219569625
219569627
219569630
219569633
219569636
219572471
219572472
219572473
219572475
219572477
219572478
219572479
219572480
219572482
219572483
219572484
219572486
219956339
219956340
219956341
219956342
219956343
219956344
219956345
219956346
219956347
219958733
219963020
219963021
219963023
219963024
219963025
219963026
219963027
219963028
219963029
219963031
220006641
220006642
220006644
220006646
220006648
220006649
220006651
220006653
220006656
220006658
220006660
220006662
220006664
220006665
220006666
220006667
220006668
220006669
220006670
220006671
220006672
220006674
220006675
220006676
220006677
220006678
220006679
220006680
220006681
220006682
220006683
220006684
220006685
220006686
220006687
220006688
220006689
220006690
220006691
220006692
220006693
220006694
220006695
220006696
220006698
220006699
220006700
220006701
220006702
220006703
220027132
220027135
220027137
220027138
220027139
220027140
220027141
220027142
220027143
220027144
220027145
220027146
220027147
220027148
220027149
220027150
220027151
220027152
220027153
220027154
220027155
220027156
220027157
220027158
220027159
220027162
220027163
220027165
220027167
220027168
220027170
220027171
220027172
220027173
220027174
220027175
220027176
220328129
220455620
220799762
220799763
220799764
221070338
221070339
221070340
221103448
221103449
221663850
222667673
222667674
222667676
222667677
222667678
222667679
222667680
222667681
222667682
222667683
222667684
222667686
222667687
222667688
222667690
222667691
222667693
222667696
222667697
222667699
222667700
222667701
222667703
222667704
222667705
222667706
222667707
222667996
222748951
222748952
222748955
222748956
222748957
222748958
222748959
222748961
222748962
222748963
222757744
222757748
222757756
222757759
222757766
222757769
222757771
222757783
222757785
222758999
222759000
222759001
222759002
222759003
222759004
222759005
222759327
222759328
222797409
222797410
223181195
223181196
223181197
223451030
223451031
223725974
223726608
223726609
223726829
223729994
223730314
223730770
223732717
223732718
223732720
223732721
223732724
223732725
223732727
223732729
223732730
223745420
223750541
223757602
223757603
223757604
223757605
223861781
223863226
223863324
223863454
223863761
223994354
223994355
223994356
223994357
223994358
223994359
223994360
223994361
223994362
223994363
223994364
223994365
224010564
224010565
224011038
224102735
224102736
224102737
224102738
224102740
224102741
224102742
224102743
224102744
224102745
224118933
224118934
224118936
224118937
224118938
224129729
224129730
224129731
224129732
224129733
224129734
224129735
224129736
224129737
224129740
224129741
224246765
224246766
224247388
224247389
224247390
224247391
224247392
224678087
224678088
224678089
224678090
224678091
224678092
224678093
224678094
224678095
224678096
224678097
224756517
224756522
224756527
224768420
224773431
226406636
227556595
227556596
227556597
227556598
227556599
227556600
227556601
227556602
227556603
227556604
227556605
227556606
227556607
227557240
227557241
227557242
227579968
227582723
227933113
227933114
227933115
227933116
227933117
227933118
227933119
227933120
227933121
227933122
227933123
227933124
227933125
227933126
227933127
227933128
227933129
227933130
227933131
227933132
227933133
227933134
227933135
227933136
227933137
227933138
227933139
227933140
227933141
227933142
227933143
227933144
227933145
227933146
227933147
227933148
227933149
227939792
227939793
227939794
227939795
227939796
227939797
227939798
227939799
228000520
228000525
228000575
228063205
228063207
228063209
228063211
228063213
228063215
228449839
230683403
230683404
230683405
231910518
231910519
231910520
231910521
231910522
232018982
232018983
232018984
232018985
232127336
232127338
232127340
232127342
232127343
232127344
232127346
232127347
232127348
232127350
232127351
232127352
232127354
232746872
233501056
233501059
233501060
233501063
233501064
233501065
233501066
233501067
233501068
233501069
233964483
233964488
233964489
234787288
234787290
234787291
234787292
234787294
234787295
234787296
234787297
234787299
234787300
234787302
234787303
234787305
234787306
234787307
234787308
234787309
234787311
234787312
234787313
234787314
234787315
234787316
234787317
234787318
234787319
234787320
234787321
234992275
234993934
234993937
234993938
234993939
234993940
235113162
235113163
235113164
235113165
235113166
235113167
235113168
235113169
235113170
235113171
235113172
235113173
235113174
235113175
235113176
235113177
235113178
235113179
235113180
235113181
235113182
235113183
235113184
235113185
235113186
235113187
235113189
235113191
235113193
235113195
235113197
235113199
235113200
235113202
235113203
235113204
235113205
235113206
235113207
235113208
235113209
235113210
235113211
235113212
235113213
235113214
235113215
235113216
235113217
235113218
235113219
235113220
235113221
235113222
235113223
235113224
235113225
235113226
235113227
235113228
235113229
235113230
235113231
235113232
235113233
235113234
235113235
235113236
235113237
235113238
235113239
235113241
235113243
235113244
235113247
235113249
235113251
235113253
235113254
235113255
235113257
235113258
235113259
235113261
235113263
235113264
235113265
235113267
235113268
235113269
235113270
235113271
235113272
235113273
235113274
235113275
235120861
235120862
235120863
235120865
235120866
235120867
235120868
235120869
235120870
235120871
235120872
235120873
235120874
235120875
235120877
235120879
235120882
235120884
235120886
235120888
235120890
235120891
235120892
235120893
235120894
235120895
235120896
235120897
235120898
235120899
235120900
235120901
235120902
235120903
235120904
235120905
235120906
235120907
235120908
235120909
235120910
235120911
235120912
235120913
235120914
235120915
235120916
235120917
235120918
235120919
235120920
235120921
235120922
235120923
235120924
235120925
235120926
235120927
235120928
235120929
235120930
235120931
235120932
235120933
235162555
235162556
235162558
235164561
235164562
235164563
235164564
235164565
235164566
235164567
235164568
235164569
235164570
235164571
235164572
235164573
235164574
235164575
235164576
235164577
235164578
235164579
235164580
235164581
235164582
235164583
235164584
235164585
235164586
235164587
235164588
235164589
235164590
235164591
235164592
235164593
235164594
235164595
235164596
235164597
235164598
235164599
235164600
235164601
235164602
235164603
235164604
235164605
235164606
235164607
235164608
235164609
235164610
235164611
235164612
235165807
235165808
235165809
235165810
235165811
235165812
235165813
235165814
235165815
235165816
235165817
235165818
235165819
235165820
235165821
235165822
235165823
235165824
235165825
235165826
235165827
235165828
235165829
235165830
235165831
235165832
235165833
235165834
235165835
235165836
235231993
235231994
235231995
235231996
235231997
235231998
235231999
235232000
235232001
235232002
235232003
235232004
235232005
235232006
235232007
235232008
235232009
235232010
235232011
235232012
235232013
235232014
235232015
235232016
235232017
235232018
235232019
235232020
235232021
235232022
235232023
235232024
235232025
235232026
235232027
235232028
235232029
235232030
235232031
235232032
235232033
235232034
235232035
235232036
235232037
235232038
235232039
235232040
235232041
235232042
235232043
235232044
235232045
235232046
235232047
235232048
235232049
235232050
235232051
235232052
235232053
235232054
235232055
235232056
235322303
235322304
235322305
235322306
235322307
235322308
235322309
235322310
235322311
235322312
235322313
235322314
235322315
235322316
235322317
235322318
235322319
235322320
235322321
235322322
235322323
235322324
235322325
235322326
235322327
235322328
235322329
235322330
235322331
235322332
235322333
235322334
235322335
235322336
235322337
235322338
235322339
235322340
235322341
235322342
235322343
235322344
235322345
235322346
235322347
235322348
235322349
235322350
235322351
235322352
235322353
235322354
235322355
235322356
235322358
235322359
235322361
235322362
235322364
235322367
235322369
235322370
235322371
235322372
235322373
235322374
235322375
235322376
235322377
235322378
235322380
235322381
235322383
235322384
235322386
235322387
235323271
235323272
235323273
235323274
235323275
235323276
235323277
235323278
235323279
235323280
235323281
235323282
235323283
235323284
235323285
235323286
235323287
235323289
235323290
235323291
235323292
235323293
235323294
235323295
235323296
235323297
235323298
235326295
235326298
235326299
235326300
235326302
235326304
235326306
235326309
235326310
235326311
235326312
235326313
235326314
235326315
235326316
235326317
235326318
235326319
235326320
235326321
235326322
235326323
235326324
235326325
235326326
235326327
235326328
235326329
235326330
235326331
235326332
235326333
235326334
235326335
235326336
235326337
235326338
235326339
235326340
235326341
235326342
235326343
235326344
235326345
235326346
235326347
235326348
235326349
235326350
235326351
235326352
235326353
235326354
235326355
235326356
235326357
235326358
235326359
235326360
235326361
235328563
235328564
235328565
235328566
235328567
235328568
235328569
235328570
235328571
235328572
235328573
235328574
235328575
235328576
235328577
235328578
235328579
235328580
235328581
235328582
235328583
235328584
235328585
235328586
235328587
235328588
235328589
235328590
235328591
235328592
235328593
235328594
235328595
235328597
235328598
235328599
235328600
235328601
235328602
235438615
235438618
236322154
236322155
236322156
236322157
236531873
236531877
236531878
236531880
236531881
236531882
236531883
236531884
236531885
236531886
236532490
236532497
236532499
236532503
236532505
236532506
236532510
236532515
236532520
236532522
236532524
236532525
236533113
236533115
236533121
236533122
236534455
236534457
236534459
236534460
236534465
236534466
236534469
236535164
236535168
236783284
236783285
236783286
236783287
236783288
236783289
236783290
236783291
236783292
236783293
236783294
236783295
236783296
236783297
236783298
236783299
236783300
236783301
236783302
236783303
236783304
236783305
236783306
236783307
236783308
236783309
236783310
236783311
236783312
236783313
236783314
236783315
236783316
236783317
236783318
236783319
236783320
236783321
236783322
236783323
236783324
236783325
236783326
236783327
236783328
236786632
236786633
236786634
236786635
236786636
236786637
236786638
236786639
236786640
236786641
236786642
236786643
236786644
236786646
236786648
236786649
236786650
236786651
236786652
236786653
236786654
236786655
236786656
236786657
236786658
236786659
236786660
236786661
236786662
236786663
236786664
236786665
236786666
236786667
236786668
236786669
236786670
236786671
236786672
236786673
236786674
236786675
236786676
236786677
236786678
236786679
236786680
236786681
236786682
236786683
236786684
236786685
236786686
236786687
236786688
236786689
236786690
236786691
236789118
236789119
236789120
236789121
236789122
236789123
236789124
236789125
236789126
236789127
236789128
236789129
236789130
236789131
236789132
236789133
236789134
236789135
236789136
236789137
236789138
236789139
236789998
236789999
236790000
236790001
236790002
236790003
236790004
236790005
236790006
236790007
236790008
236790009
236790010
236790011
236790012
236790013
236790014
236790015
236790016
236790017
236790018
236790019
236790020
236790021
236790022
236790023
236790024
236790025
236790026
236790027
236790028
236790029
236790030
236790031
236790032
236790033
236790034
236790035
236790036
236790037
236790038
236790039
236791239
236791240
236791241
236791242
236791243
236791244
236791245
236791246
236791247
236791248
236791249
236791250
236791251
236791252
236791253
236791254
236791255
236791256
236791257
236791258
236791259
236791260
236791261
236791262
236791263
236791264
236791265
236791266
236791267
236791268
236791269
236791270
236791271
236791272
236791273
236791274
236791275
236791276
236791277
236791278
236791279
236791280
236874076
236874077
236874078
236874079
236874080
236874081
236874082
236874083
236874084
236874085
236874086
236874087
236874088
236874090
236874092
236874093
236874094
236874095
236874096
236874097
236874098
236874099
236874100
236874101
236874102
236874103
236874104
236874105
236874106
236874107
236874108
236874109
236874110
236874111
236874112
236874113
236874114
236874115
236874116
236874117
236874118
236874119
236874120
236874121
236874122
236874123
236874124
236874125
236874126
236874127
236876592
236876593
236876595
236876596
236876597
236876598
236876599
236876600
236876601
236876602
236876603
236876604
236876605
236876606
236876607
236876608
236876609
236876610
236876611
236876612
236876613
236876614
236876615
236876616
236876617
236876618
236876619
236876620
236876621
236878266
236878267
236878269
236882127
236882128
236882129
236882130
236882131
236882132
236882133
236882134
236882135
236882136
236882137
236882138
236882139
236882140
236882141
236882142
237104535
237104536
237104537
237159393
237159394
237367862
237367866
237368473
237368474
237368475
237369651
237369655
237369961
237372176
237372177
237372178
237372179
237372180
237372181
237372182
237372837
237372838
237372840
237372841
237372865
237881175
237881176
237881177
237881178
237881179
237881180
237947339
237947341
237947342
237947344
237947346
237947347
237947350
237947351
237947353
237947354
237947355
237947358
237947359
237947360
237947361
237947363
237947364
237947365
237947367
237947369
237947372
237947375
237947376
237947378
237947380
237947382
237947383
237965263
237966238
237966239
237968962
237968964
237968966
237968967
237973102
237973103
237973104
237973105
237973106
237973107
237973547
237973549
237973550
237973551
238382410
238382411
238382412
238382413
239134240
239134287
241102652
241102660
241102662
241494630
242361009
242361010
242361011
242361012
242361013
242361014
242361015
242361016
242366120
242366121
242636238
242636239
242636240
243153627
243153629
243331527
243331530
243331532
243331538
243331540
243331542
243331544
243331545
243446190
243446192
243446193
243446194
243446195
243446196
243446197
243465686
243465690
243465694
243465695
243465696
243465697
243465698
243465699
243465700
243465701
243465703
243465704
243465706
243465707
243465708
243465709
243465710
243465711
243465712
243465713
243465714
243465715
243465716
243465717
243465718
243465719
243570007
243570008
243570009
243570010
243570011
243570012
243570013
243570014
243570015
243570016
243570017
243570018
243570019
243570020
243570021
243570022
243570023
243570024
243570025
243570026
243570027
243576639
243576641
243576642
243576643
243576644
243576647
243576648
243576649
243576651
243576652
243576655
243576659
243576661
243576662
243576665
243576672
243576677
243576678
243576679
243576680
243576682
243576684
243576685
243576686
243576687
243576688
243621984
243666330
243666331
243666332
243666333
243666680
243666681
243667306
243667652
243668119
243668120
243668121
243669010
243670766
243670767
243670768
243671394
243672767
243672768
243672769
243672770
243860007
243860008
243860009
243860010
243860011
243968681
243968682
243968683
243968684
243968685
243968686
243968687
243968688
244050681
244050683
244050684
244050685
244050686
244050687
244053115
244053116
244053117
244053118
244053119
244053120
244053121
244054278
244054279
244054280
244059339
244059341
244059342
244059343
244059344
244059345
244059346
244059347
244059348
244059349
244059350
244059351
244059352
244059353
244059354
244059355
244059356
244059357
244059358
244059359
244059360
244059361
244059362
244059363
244059364
244059365
244059366
244059367
244059368
244059369
244059370
244059371
244059372
244059373
244059374
244059375
244059376
244059378
244059380
244059381
244059382
244059384
244059386
244059387
244059388
244059389
244059390
244059391
244059392
244059393
244109280
244109281
244109282
244109283
244109284
244109285
244109286
244109287
244109288
244109289
244109290
244109291
244109292
244109293
244109294
244109295
244109296
244109297
244109298
244109299
244109300
244109301
244109302
244109303
244109304
244109305
244109306
244109307
244109308
244109309
244109310
244109311
244109312
244109313
244109314
244109315
244109316
244109317
244109318
244109319
244109320
244109321
244109322
244109323
244109324
244109325
244109326
244109327
244128370
244155589
244155590
244155597
244155598
244155599
244155601
244155603
244155604
244155605
244155606
244155607
244155609
244159369
244159375
244159380
244159384
244159392
244159394
244159399
244159401
244159403
244524546
244524547
244524548
244524549
244524550
244524551
244524552
244524553
244526373
244526374
244526375
244526376
244526377
244529470
244597887
244597888
244597894
244597904
244614086
247023978
247023979
247023983
247023994
247024284
247024285
247024286
247024287
247024288
247024289
247024290
247024291
247024292
247024293
247963485
247963488
249007184
249007185
249007186
249007187
249010045
249177425
249177968
249178256
250375134
251658005
251658569
255461986
255461987
255461988
255461989
261937997
261940532
261941512
261941567
261941655
261941713
264869019
265512335
266185582
266185587
267832046
267836300
268334010
268334011
268334012
268334013
268334014
268334016
268336166
269087986
270467607
270764248
270764381
270764382
270764383
270764384
270764385
270764386
271436999
272381652
272381653
272381654
272381655
272381656
272381657
272381658
272381659
272381661
272381663
272381665
272382888
275267016
275267018
275267019
275267020
275526984
275526988
275535071
275544429
275544432
275545489
275550038
275553942
275553944
275553945
275553946
275553947
275553948
275553949
275553951
275566009
275566010
275566011
275566012
275566421
275577774
275577776
275577778
275577780
275577783
275577785
275577786
275580834
275580837
275580839
275580844
275580846
275580849
275580851
275580853
275580854
275580856
275580857
275585100
275585101
275585390
275585391
275585392
275605999
275606647
275606653
275654586
275656485
275656487
275659547
275659548
275659549
275659550
275659551
275659787
275659788
275660284
275660285
275660286
275660287
275666299
275666302
275666617
275996272
275996286
275996287
276296806
276327378
276332703
276332732
276336370
276843602
277014174
277014175
277014176
277014178
277014179
278719288
278719299
278719313
279591807
279591808
279591809
279591810
279591811
279591812
279592628
280160282
280170784
280337412
280337414
280337415
280337419
280337421
280337423
280337425
280337428
280337430
280337432
280337434
280337436
280337438
280337439
280374922
280434602
280434878
280434879
280543443
280543445
280543447
280543449
280543450
280543451
280543452
280543453
280543456
280543457
280543458
280543459
280543462
280543464
280543465
280543466
280543468
280543469
280565180
280565183
280565184
280565187
280565189
280565190
280565193
280565199
280795520
280795521
280795523
280795524
282930066
282936768
282937773
288278196
288770015
289393329
289393330
289393331
289393332
289393333
289393334
289401903
289401904
289401905
292353414
292360549
292360550
292360551
292360552
292360553
292360554
292360555
292360556
292373998
292373999
292425748
292425749
292425750
292425751
292425752
292425753
292591738
292591739
292591740
292591741
292591746
292591749
292591752
292591756
292591758
292591760
292591763
292591765
292591767
292591769
292591771
292591773
292591774
292591775
292591776
292591777
293125578
293125580
293125581
293125582
293125583
293125584
293125585
293125586
293125587
293125588
293125589
293125590
293125591
293125592
293125593
293125594
293284602
293284603
293284604
293284606
293961622
294839543
298627506
298627628
298627668
298627722
298647960
298647961
298647964
298647965
298647967
298647968
298647969
298647970
298670145
298670151
298670153
298670154
298670156
298670157
298670159
298670160
298670162
298670163
298670164
298670165
298670166
298670167
298670168
298670169
298670170
298670171
298670173
298670174
298670175
298670180
298670182
298670785
299828649
299828650
299828651
299828652
299828653
299828654
299828655
299828656
299828657
299828658
299828659
299828660
299828661
299828662
299828663
299828664
299828665
299828666
299828667
299828668
299828669
299828670
299828671
299828672
299828674
299828675
299828676
299828677
299828678
299828679
299828680
299828681
299828682
299828683
299828684
299828685
299828686
299828687
299828688
299828689
299828690
299828691
299828692
299828694
299828695
299828696
300353129
300353131
300353133
300353134
300353135
300353136
300353137
300353138
300353139
300353140
300353141
300377901
300377902
300377903
300377904
300377905
300377906
300377907
300377908
300383237
300722410
300722411
300722412
300722413
300722414
300722415
300722416
300722417
300722418
300722419
300722420
300722421
300722422
300722423
300722424
300722425
300722426
300722427
300722428
300722429
300722430
300722431
300722432
300722433
300722435
300722437
300827721
300827722
300827723
300827724
300827725
300827726
300827727
300827728
300827729
300827730
300827731
300827732
300827733
300827734
300827735
300827736
300827737
300827738
300827739
300827740
300827741
300827742
300827743
300827744
300827745
300827746
300827747
300827748
300827749
300827750
300827751
300827752
300827753
300827754
300827755
300827758
300944204
300947052
300947288
300947810
300947891
300947981
300948440
300949181
300949231
300949556
300950334
300950608
300951869
300951870
300951871
300951872
300952290
300965311
300965312
300965313
300965314
300965315
300965316
300965317
300965318
300965319
300965320
300965321
300965322
300965323
300965324
300965325
300965326
300965327
300965328
300965329
300965331
300965332
300965333
301782652
301784028
301785367
301785513
301785598
301786071
301786628
301787494
301787539
303079604
303079605
303079606
303079607
303111027
303111028
303111029
303111030
303111031
303856551
303856553
304080334
305066988
305066989
305066990
305066991
305066992
305066993
305066995
305066996
305066997
306165629
306165630
307050414
307131940
307367856
307367857
307367858
308116270
308664374
309569377
309569378
309569379
309569380
309569381
309569382
309569383
309569384
309569385
309569386
309569387
309569388
309569389
309569390
309569391
309569392
309569393
309569394
309569395
309569396
309569397
309569398
309569400
309569401
309569402
309569403
309569404
309569405
309569406
309569407
309569408
309569409
309569411
309569412
309569414
309569416
309569417
309569418
309569419
309569420
309569421
309569422
309569423
309569424
309569425
309983783
309983784
309983785
309983786
309983787
309983788
309983789
309983790
309983791
309983792
309983793
309983794
311081528
311081529
311081530
311081531
311323246
312918126
312918127
312918128
312918129
312921699
314101570
314101571
314101572
314101573
314101575
314101576
314101578
314101580
314101581
314101582
314101583
314101584
314101586
316317226
317439473
320396865
320396867
320396870
320396872
320396875
320396877
320396880
320396882
320396884
320396887
320396889
320396890
320396891
320396900
320396903
320396905
320396908
320396910
320396913
320396916
320396918
320396919
320396920
320396923
320396925
320396927
320396932
320396934
320396936
320396939
320396942
320396944
320396946
320396948
320396950
320396954
320396957
320396959
320396962
320396964
320396970
320396972
320396974
320396975
320396977
320396980
320396982
320396985
320396987
320396990
320396992
320396995
320396998
320397000
320397003
320397006
320397008
320397011
320397013
320397017
320397019
320397022
320397024
320397027
320397029
320397035
320397037
320397039
320397042
320397044
320397047
320397050
320397052
320397054
320397056
320397057
320397058
320397061
320397066
320397069
320397071
320397073
320397076
320857348
320857349
320857351
320857353
320857354
320857355
320857356
320857358
320857359
320857360
320857361
320857362
320857363
320857364
320857365
320857366
320857369
320857370
320858432
320858433
320858434
320858435
320858436
320858437
320858438
320858439
320858440
320858441
320858442
320858443
320858444
320858445
321513487
321513488
321513489
321513490
321513491
321513492
321513493
321513494
321513495
321513496
321513497
321513498
321513499
321513500
321513501
321513502
321513503
321513504
321513505
321513506
321513507
321513508
321513509
321513510
321513511
321513512
321513513
321513514
321513515
321513516
321515689
321515690
321515691
321515692
321515693
321515694
321515695
321515696
321515697
321515698
321515699
321515700
321515701
321515702
321515703
321515704
321515705
321515706
321515707
321515708
321515709
321515710
321515711
321515712
321515713
321515714
321515715
321515716
321515717
321515718
321521366
321521367
321521368
321521369
321521370
321521371
321521372
321521373
321521374
321521375
321521376
321521377
321521378
321521379
321521380
321521381
321521382
321521383
321521384
321521385
321521386
321521387
321523440
321523441
321523442
321523443
321523444
321523445
321523446
321523447
321523448
321523449
321523450
321523452
321523454
321523455
321523456
321523457
321523458
321523459
321523460
321523461
321523462
321523463
321533080
321533081
321533082
321533083
321533084
321533085
321533086
321533087
321533088
321533089
321533090
321533091
321533092
321533093
321533094
321533095
321533096
321533097
321533098
321533099
321533100
321533101
321533103
321533104
321533105
321533106
321533108
321533109
321533110
321533111
321533112
321533113
321533114
321533115
321533116
321533117
321534055
321534056
321534057
321534058
321534059
321534060
321534061
321534062
321534063
321534064
321534065
321534066
321534067
321534068
321534069
321534070
321534071
321534072
321534073
321534074
321534075
321534076
321537246
321537248
321537250
321537252
321537253
321537255
321537256
321537258
321537261
321537263
321537265
321537266
321537267
321537269
321537271
321537272
321537274
321537275
321537276
321537278
321537279
321537280
321537281
321537282
321537283
321537284
321537285
321537286
321537287
321537289
321537290
321537291
321537292
321537293
321537294
321537295
321537296
321537297
321537298
321537299
321537300
321537301
321537302
321537303
321537304
321537305
321537306
321537307
321537308
321537310
321537312
321537313
321537315
321537316
321537317
321537319
321540208
321540209
321540210
321540211
321540212
321540213
321540214
321540215
321540216
321540217
321540218
321540219
321540220
321540221
321540222
321540223
321540224
321540225
321540226
321540227
321540228
321540229
321540230
321540231
321540232
321540233
321540234
321540235
321540236
321540237
321540238
321540239
321540240
321540241
321540242
321540243
321540244
321540245
321546491
321546492
321546493
321546494
321546495
321546497
321546498
321546499
321546500
321546501
321546502
321546503
321546504
321546505
321546506
321546508
321546509
321546510
321546511
321546512
321546513
321546514
321546515
321546516
321546517
321546519
321546520
321546521
321546522
321546523
321546524
321546525
321546526
321546527
321546528
321546529
321546530
321546531
321546532
321546533
321546534
321546535
321546536
321546537
321546538
321546539
321546540
321546541
321546542
322746175
327779912
327779913
327779914
327779915
327779916
327779917
327787010
327787011
327811584
329481799
329494153
329494155
330401797
330401798
330770160
330770161
330770162
330820283
330820285
331111916
331405282
331405283
331405284
331405287
331405288
331737880
332538825
332538826
332538827
332538828
332542202
335310265
335310299
335361710
335362019
335362458
335362544
335363227
335364325
335530886
335531071
335531157
335531158
335531213
335531335
335531359
335531435
335531449
335531459
335531553
335531586
335531587
335531666
335531667
335531668
335531669
335531670
336730434
336730435
338044939
338044940
338455669
341054446
341054447
343720995
345596368
345797249
345797254
345797263
345797267
345797269
345797271
345797273
345799918
345799919
345799920
345799921
345799923
345799924
347646705
347652907
347652916
349653218
349653221
349653223
349653226
349653229
349653230
349653232
349653234
349653235
349653239
349656637
349656639
349893387
350191058
350444801
350444802
350444804
350983615
351214098
352093419
352093421
352105835
352105836
352105837
352105839
352105840
354837081
354837088
354837092
355110286
355482035
355482036
355482037
355568089
356836357
356950536
356950537
356950538
356951689
356951690
356951692
358304353
360055462
360055464
360055465
360055466
360055467
360055468
360055469
360055470
360055471
360055472
362414677
362414678
362414680
362414683
362414684
362414685
362414686
362414687
362414688
362414689
362414690
362414691
362414692
362414693
362414695
363048955
363327655
363327656
363327657
363327658
363333223
363333224
363333225
363333226
363333227
363333229
363336106
363598687
366034206
366034207
366034208
366034209
366034210
366034211
366034212
366034214
366034216
366034217
366034218
366034219
369714629
369714631
369715046
371483386
371483387
371483388
371483389
371581578
371742817
371742818
371742820
371742821
371742823
371878384
371878387
373875938
373893633
373893635
373893636
373893637
373893638
373893639
373893646
373893659
373893664
373893666
373901406
373901407
373901408
373907100
373907122
373907124
373907126
373907132
373907134
373913028
373913029
373913030
373913031
373913032
373913033
373913034
373913035
373913036
373913037
373913038
373913039
373913040
373913041
373913042
373913043
373913046
373913047
373913049
373913052
374010494
375364064
375364065
375364066
375364067
375364071
375364072
375364074
375364084
375795280
375795284
375795287
375795292
375795294
375795295
375795297
375795299
375795300
375797269
375797271
375797274
375797276
375797278
375797280
375805349
377218070
377218071
377218072
377218073
377218074
377218075
377218076
377218077
377218078
377218079
377218080
377218082
377218083
378959718
378959719
378959720
378959721
378959723
378960810
378960811
378960813
380092726
380092727
380097010
380097011
380097012
380103312
380103314
380103323
380103324
380103325
380103327
380103328
380103329
380103330
380103331
380558047
380591331
380592131
380599620
380599623
381274616
381274617
384570897
384570898
384570899
384570900
384570901
384570902
384570903
384574852
385718922
385730496
386163291
386163297
386163298
386163299
386163304
386163308
386163310
386163311
386163576
386163577
386163578
386163579
386163580
386163581
386163582
386163583
386163584
386163585
386163586
386163587
386163588
386165463
387054200
387054203
387054204
387054205
387054206
387054207
387054208
387054209
387054210
387054211
387054212
387054213
387054214
387054215
387054216
387054217
387054218
387054219
387054220
387054221
387054222
387054223
387054224
387054225
387054226
387054227
387054228
387054229
387054230
387054231
387054232
387054233
387054234
387054235
387054236
387054237
387054238
387054239
387054240
387054241
387054242
387414943
389069881
389069882
389069883
389069884
389069885
389069886
389069888
389069889
389069890
389117672
389121606
389121607
389121608
389121609
389121610
389121611
389121612
389199075
389199078
389199080
389199082
389199084
389199086
389199088
389199090
389199092
389199094
389199096
389199098
389199099
389199101
389199103
389294607
389307111
392458785
393260057
396262266
397493250
397493251
397493253
397493254
397493255
397832874
397834292
398414407
399628924
400033552
400324414
400324415
400324417
400324418
400582275
400582276
400582277
400582278
400582279
400582280
400582281
400582282
400582283
400582284
400582285
400582286
400582287
400582288
400582289
400582290
400582291
400582292
400582293
400582294
400582295
400582296
400582297
400582298
400582299
400582300
400582301
400582302
400582303
400582304
400582305
400582308
400582310
400582313
400582314
400582315
400582316
400582317
400813255
400813256
400813257
402980730
402980731
403540475
403540476
403540477
403540478
403540479
403540480
403540481
403540482
403540483
403540484
403540485
403540486
403540487
403540488
403540490
403540491
403540492
403540493
403540494
403540495
403540496
403540497
403540498
403540499
403540500
403540501
403540502
403540503
403540504
403540505
403540506
403540507
403540508
403540509
403540510
403540511
403749810
403749811
403749812
403749813
403749814
403749815
403749816
404731336
404731337
404731338
404731339
404731340
404731341
404731342
404731343
404731344
404731345
404731346
404731347
404731348
404731349
404731350
404731351
404731352
404731353
404731354
404731355
404731356
407518873
407997543
408003160
411131868
411838154
411838156
411845461
411845462
411845464
411845466
411845467
411845469
411845470
411845472
411845473
411845475
411845476
411845477
411845478
411845479
411848275
411848276
412169389
412169393
412169397
412169401
412169405
412169410
412169415
412169419
412169424
412169429
412169434
412169440
412169444
412169449
412169455
412176408
412176409
412176410
412176411
412176412
412176413
412176414
412176417
412176420
412176423
412176424
412176427
412176429
412176432
412176435
412176438
412176441
412176444
412176447
412176448
412176449
412176450
412176451
412176452
412176453
412176454
414482800
414482805
414482817
414482826
414482827
414482828
414482837
414482842
414482849
414482852
420070143
421870990
421870992
421870998
421871000
421874551
421874553
421874555
421874557
421874560
421874561
421874563
421874565
421874567
421874568
421874570
421874572
421874574
421874576
421878944
421878945
421878946
421878947
421880845
421882308
421887849
421887850
421887852
421887853
421887854
421887855
421887856
421887857
421887858
421887860
421887861
421887862
421887864
421887865
421887866
421889388
421889389
421889390
422722849
422722851
422722852
422722853
422722857
424761292
426104081
426104381
426104382
426104383
426105338
426105339
426105340
426105341
426105342
426112849
426112850
426112851
426112852
426112853
426112856
426112857
426112858
426112859
426112860
426112861
426112863
426112864
426112865
426112866
426112867
426112868
426112869
426112870
426112871
426112873
426112874
426112875
426112876
426112877
426112878
426112879
426112880
426114922
426114923
426114924
426114925
426114926
426114927
426114928
426114929
426116587
426116589
426116591
426116593
426116595
426116598
426118321
426118322
426118324
432592871
432592872
432592873
432592874
432592875
432592876
432592877
432592878
435713266
435713796
436009973
436009975
436009976
436009978
436009979
436009980
436009981
438544043
438544576
438750337
438750338
438750339
438750484
438755110
438755111
438862899
439007986
439007988
439007989
439473048
439473050
439473051
442187931
442495985
442495988
442495990
442495993
442495996
442495997
442495998
442496003
442496005
442496007
442496008
442496009
442496013
442496014
442496015
442496016
442496017
442496018
442496019
442496020
442496021
442496022
442496023
442496024
442496025
442496027
442496028
442496029
442496030
442496031
442496032
442496033
442496034
442496035
442496036
442496037
442496038
442496039
442496040
442496041
442496042
442496043
442496044
442496045
442496046
442496047
442496048
442496049
442496050
442496051
442496052
442496053
442496054
442496055
442496056
442496057
442496058
442496059
442496060
442496061
442496062
442497245
442497246
442497247
442497248
442497249
442497250
442497251
442497252
442497253
442497254
442497255
442497256
442497257
442497258
442497259
442497260
442497261
442497262
442497263
442497264
442497265
442497266
442497267
442497717
442497718
442497719
442497720
442500170
442500175
442500177
442500178
442500180
442501017
442501023
442501024
442501027
442501034
442501035
442501038
442501039
442501041
442501042
442501043
442501045
442502676
442502677
442502678
442502680
442502681
442502682
442502683
442502684
442502685
442502686
442502687
442502688
442502689
442502690
442502691
442502692
442502693
442502694
442502696
442502697
442502698
442502699
442502700
442502701
442502703
442502704
442502705
442502706
442502707
442502708
442502709
442502710
442502711
442502712
442502713
442502714
442502715
442502716
442502717
442502718
442502719
442502720
442502721
442502722
442502723
442502724
442558342
442558343
442558344
442558345
442558346
442558347
442558348
442558349
442558351
442558352
442558353
442558355
442558356
442558357
442558358
442558359
442558360
442558361
442558363
442558364
442558366
442558367
442558368
442558369
442558371
442558372
442558373
442558374
442558375
442558376
442558377
442558379
442558380
442558381
442558382
442558383
442558384
442558385
442558386
442558387
442558388
442558389
442558390
442558391
442558392
442558393
442558394
442558395
442558396
442558397
442558398
442558400
442558401
442558402
442558403
442558404
442558405
442558406
442558407
442558408
442558409
442558410
442558411
442558412
442558413
442558414
442558415
442558416
442558417
442558418
442558419
442558420
442558421
442558422
442558423
442558424
442558425
442558426
442558427
442558428
442558429
442558430
442558431
442558432
442558434
442558435
442558436
442561812
442561813
442574729
442574730
442574731
442574732
442574733
442574734
442574735
442745957
442745958
442745962
442745963
442745965
442745966
442745967
442745968
442745969
442745970
442745971
442745972
442745973
442745974
442745975
442745976
442745977
442745978
442745979
442745980
442745981
442745982
442745983
442745984
442745985
442745986
442745987
442745988
442745989
442745992
442745993
442745995
442745997
442745999
442746001
442746142
442746143
442746144
442746145
442746146
442746147
442746148
442746149
443363961
443363962
443363963
443363964
443363965
443363966
443363967
443363968
443363969
443363970
443363971
443363972
443363973
443363974
443363975
443363976
443363977
443363978
443363979
443363980
443363981
443363982
443363983
443363984
443363985
443363986
443363987
443363988
443363989
443363990
443363991
443363992
443363993
443363994
443363995
443364790
443364791
443364796
443364809
443364810
443364811
443365543
443365547
443365550
443365551
443365552
443365554
443365556
443365558
443365560
443365562
443365564
443365566
443365568
443365569
443365571
443365573
443365574
443365577
443365579
443365581
443365584
443365586
443365588
443365591
443365593
443365595
443365598
443365600
443365601
443365602
443365603
443366074
443366075
443366076
443366077
443366078
443366079
443366080
443366081
443366082
443366084
443366085
443366343
443366344
443366345
443366346
443366347
443366348
443366349
443366350
443366351
443366352
443366353
443366354
443367309
443367311
443367313
443367314
443367315
443367316
443367317
443367319
443367320
443367321
443367322
443367323
443367324
443367325
443367326
443367327
443367328
443367329
443367330
443367331
443367332
443367333
443367334
443367335
443367336
443367337
443367338
443367339
443367340
443368393
443368394
443368395
443368396
443368397
443368399
443368402
443368403
443368404
443368408
443368409
443368410
443368411
443368412
443368413
443368414
443368415
443368416
443369462
443369471
443369477
443369478
443369480
443369482
443369485
443369486
443369487
443369488
443369489
443369490
443369491
443369492
443369493
443396777
443396778
443396780
443397072
443397077
443398003
443398004
443398006
443398016
443398018
443398019
443398022
443398023
443398025
443398026
443398027
443398029
443398833
443398837
443399465
443429074
443429075
443429076
443429077
443429079
443429081
443429083
443429085
443429086
443429088
443429089
443429090
443429091
443429092
443429093
443429094
443429095
443429096
443429097
443429098
443431272
443431273
443431275
443431276
443431278
443431279
443431281
443431282
443431283
443431285
443431286
443431287
443431290
443431291
443561776
443561777
443561778
443561779
443561781
443561782
443561783
443561784
443561785
443561786
443561787
443561788
443561789
443561790
443561791
443561792
443561793
443561794
443561795
443561796
443561797
443565693
443565695
443565696
443565697
443565698
443565699
443565700
443565701
443565702
443565703
443565704
443565705
443565706
443565707
443565708
443565709
443565710
443565711
443565712
443565713
443565714
443565716
443565717
443565718
443565719
443565720
443565721
443565722
443565723
443565724
443565725
443565726
443565727
443565728
443565729
443565730
443565731
443565732
443565733
443565734
443565735
443565736
443565737
443565738
443565739
443565740
443565741
443565742
443565743
443565744
443565745
443565747
443565748
443565750
443565751
443565753
443565755
443565756
443565757
443565758
443565760
443565761
443565762
443565764
443565766
443565768
443566715
443566716
443566717
443566718
443566719
443566720
443566721
443566722
443566723
443566724
443566725
443566726
443566727
443566728
443566947
443566948
443566949
443566950
443566951
443678575
443678576
443678577
443678578
443678579
443678580
443678581
443678582
443678584
443678585
443678586
443678587
443678588
443678589
443678590
443678591
443678592
443678593
443678595
443678597
443678598
443678599
443678600
443678601
443678837
443679448
443679449
443679451
443679452
443679453
443679455
443735989
443735991
443735992
443735994
443735996
443736000
443736002
443736003
443736005
443736006
443736008
443736010
443736013
443736014
443736016
443736017
443736019
443742161
443742162
443742163
443742164
443742167
443742168
443742169
443742170
443742171
443742173
443742174
443742175
443742176
443754068
443754070
443754071
443754072
443754073
443754074
443754075
443754076
443754077
443754078
443754079
443758799
443758800
443758801
443758802
443758803
443758804
443758805
443758807
443758808
443758809
443758810
443758811
443758812
443758813
443758814
443758815
443758816
443758817
443759981
443759982
443759983
443759984
443759985
443759986
443759987
443759988
443759989
443759990
443759991
443759992
443759993
443759994
443759995
443759996
443759997
443759998
443759999
443760000
443760001
443760002
443760003
443760004
443760005
443760006
443760007
443760008
443760009
443760010
443760011
443760012
443760013
443760014
443760015
443760016
443760017
443761796
443761811
443761812
443761813
443761816
443761825
443761830
443761836
443761837
443761838
443761839
443761840
443761843
443821909
443821913
443821916
443825331
443825332
443825333
443825334
443825335
443825336
443825337
443825338
443825339
443825340
443825342
443825343
443825344
443825345
443825346
443825347
443825348
443825349
443825350
443825352
443825353
443825354
443825355
443825356
443825357
443825358
443825359
443825360
443825509
443825510
443825511
443825512
443825513
443825514
443825515
443825516
443825517
443825518
443825519
443825993
443826187
443840568
443840576
443848457
443848464
443848472
443850091
443850092
443850093
443937086
443937087
443937088
443937089
443937090
443937091
443937092
443937093
443937094
443937095
443937096
443937097
443938147
443938148
443938149
443938150
443938151
443938152
443938153
443938154
443938155
443938156
443938157
443938158
443938159
443938160
443938161
443938162
443938163
443938164
443940931
443940932
443940933
443940934
443940935
443940936
443940937
443940938
443940941
443940943
443940945
443940948
443940949
443940950
443940951
443940952
443940953
443940954
443940955
443940956
443940957
443940958
443940959
443940960
443940961
443940962
443940963
443940964
443963219
443963220
443963221
443963222
443963223
443963224
443963225
443963226
443963227
443963228
443963229
443963230
443963231
443963232
443963233
443963234
443963235
443963236
443963237
443963238
443963239
443963240
443963241
443963242
443963243
443963244
443963245
443963246
443963247
443963248
443963249
443963250
443963251
443963252
443963253
443963254
444273777
444273779
444273782
444273808
444273820
444273825
444273827
444273830
444274694
444274707
444274708
444274714
444274716
444274722
444276479
444276480
444276481
444276482
444276483
444276484
444276485
444276486
444276487
444276488
444276489
444276490
444276491
444276492
444276493
444276494
444276495
444276496
444276497
444276498
444276499
444276500
444276501
444276502
444276503
444276504
444276505
444276506
444276507
444276508
444276509
444276510
444276511
444276512
444276513
444276514
444276515
444276516
444276517
444276518
444276519
444276520
444276521
444276522
444276523
444276524
444296168
444296169
444296170
444296171
444296172
444296173
444296174
444296175
444296176
444296177
444296178
444296179
444296180
444296181
444296182
444296183
444296184
444296185
444296186
444296187
444296188
444296189
444296190
444296191
444297037
444297038
444297039
444297040
444297041
444297042
444297043
444297044
444297045
444297046
444297047
444297048
444297049
444297050
444297051
444297052
444297053
444297054
444297055
444297056
444297057
444297058
444297059
444297060
444297061
444297062
444297063
444297553
444297555
444297556
444297558
444297562
444297564
444297565
444297566
444297567
444297568
444297569
444298911
444298912
444298913
444298914
444298915
444298917
444298918
444298919
444298921
444298922
444298923
444298924
444298928
444298929
444298930
444298931
444298932
444298933
444298935
444298936
444298937
444406190
444406191
444406192
444406193
444406194
444406195
444406196
444406197
444406198
444406199
444406200
444406201
444406202
444406203
444406204
444406205
444406206
444406207
444406208
444406209
444406210
444406211
444406212
444406213
444406214
444406215
444406216
444406217
444406218
444406219
444406220
444406311
444406312
444406313
444406314
444406315
444406316
444406317
444406647
444406648
444406649
444406650
444406651
444406652
444406653
444406654
444406655
444406656
444406657
444406658
444407158
444407159
444407160
444407161
444407162
444407163
444407164
444407165
444698854
444698855
444698856
444698857
444698858
444698859
444699783
444699790
444699792
444699794
444699800
444699801
444699804
444699805
444699806
444700757
444700758
444700759
444700760
444700763
444700764
444700768
444700772
444700774
444700775
444700777
444700782
444700785
444700786
444700787
444700788
444700789
444700790
444700922
444700924
444700925
444700927
444700928
444700933
444745828
444745829
444745830
444745831
444745832
444745833
444745834
444745835
444745836
444745837
444745838
444745839
444745840
444745841
444749867
444749868
444749869
444749870
444749871
444749872
444749875
444749876
444749877
444749878
444749880
444749884
444749885
444749886
444749887
444749888
444749889
444749890
444749891
444749892
444749893
444749894
444749895
444749896
444749897
444749898
444749899
444749900
444749901
444749902
444749904
444750654
444750655
444750656
444750657
444750658
444750659
444750660
444750662
444750663
444750664
444750665
444750666
444750667
444750668
444750669
444752204
444752205
444752207
444752208
444752218
444752219
444752220
444752221
444752222
444752223
444752224
444752225
444752226
444752227
444752228
444752229
444752230
444752231
444752232
444752233
444752234
444752235
444752236
444752238
444900102
444900103
444900104
444900105
444900106
444900107
444900109
444900110
444900111
444900112
444900113
444900114
444900115
444900116
444900117
444900118
444900119
444900120
444900121
444900122
444900123
444900125
444900126
444900127
444900129
444900130
444900131
444900132
444900133
444900605
444900609
444900611
444900613
444900615
444900616
444900619
444900621
444901620
444901622
444901626
444901627
444901629
444901630
444901631
444901633
444901634
444901640
444901642
444901644
444901647
444902208
444902209
444902210
444903164
444903165
444903166
444903167
444903168
444903169
444903170
444903171
444903172
444903173
444903175
444903176
444903178
444903179
444903180
444903181
444903183
444903184
444903185
444903186
445025943
445025945
445025947
445025950
445025952
445025953
445025956
445025958
445025961
445025964
445025967
445025968
445025971
445025975
445026073
445026077
445026148
445026679
445026680
445026681
445026682
445026683
445026684
445026685
445026689
445026690
445026691
445026693
445026694
445026695
445027090
445027091
445027094
445027096
445027097
445027098
445027099
445027100
445028056
445028057
445028059
445028061
445028063
445028064
445028065
445028066
445028067
445028069
445028070
445028073
445028074
445028075
445028076
445028077
445028078
445028079
445028080
445028081
445073690
445073691
445073692
445073693
445073694
445073695
445073696
445073697
445073698
445073699
445073700
445073701
445075220
445075221
445075222
445075223
445075224
445075225
445075226
445075227
445075229
445075231
445075233
445075234
445075236
445075237
445075238
445075239
445075240
445075241
445075242
445075243
445075244
445075245
445075246
445075247
445075248
445075249
445075250
445075251
445075252
445075253
445075254
445075255
445075397
445075398
445075399
445075400
445075401
445075402
445075403
445075404
445292897
445292899
445292901
445292902
445292907
445292909
445292910
445292912
445292913
445292915
445294524
445294525
445294526
445294527
445294528
445294529
445294530
445294531
445294532
445294534
445294535
445294537
445294539
445294540
445294541
445294544
445294545
445294547
445294548
445294549
445294550
445294551
445294552
445294553
445294554
445294555
445294556
445294557
445294558
445294559
445295342
445295343
445295344
445295346
445295349
445295350
445295351
445295352
445295353
445295356
445295357
445295358
445295359
445295360
445295361
445295362
445295363
445295364
445295365
445295366
445295367
445295368
445295369
445295504
445295505
445295507
445295509
445295511
445295513
445295515
445295517
445295518
445295519
445295520
445295521
445295689
445295691
445295698
445295701
445295703
445349206
445349221
445349225
445349319
445349320
445349321
445349322
445360369
445360380
445360385
445360390
445360391
445361214
445361216
445361217
445361218
445361219
445361220
445361221
445361222
445361223
445466474
445466475
445466478
445466481
445466482
445466484
445466489
445466490
445466493
445466496
445466497
445466498
445466499
445466501
445466503
445466622
445466623
445466624
445466625
445466626
445466627
445466628
445466629
445466630
445467278
445467279
445467280
445467281
445467282
445467283
445467284
445467285
445467286
445467287
445467288
445467289
445467290
445467291
445467292
445467293
445467294
445467295
445467296
445467297
445467944
445467945
445467946
445467947
445467948
445467950
445467951
445467952
445467954
445467955
445467956
445467957
445467958
445467959
445467960
445467961
445467962
445467963
445467964
445467965
445467966
445467967
445467968
445467969
445467970
445467971
445467972
445467973
445469641
445469642
445469645
445469647
445469648
445469652
445469653
445469654
445469656
445469658
445469660
445469663
445469665
445469666
445469667
445469669
445469672
445469673
445469674
445469675
445469676
445469677
445469680
445469681
445469682
445469683
445469684
445469685
445469686
445469687
445469688
445469689
445469690
445469691
445469692
445469693
445470333
445470341
445470344
445470352
445470353
445470354
445470647
445470648
445470649
445470650
445470651
445470652
445470654
445470655
445470656
445470657
445470658
445470659
445470660
445470661
445470662
445470663
445470664
445470665
445470666
445470668
445470669
445470670
445470671
445470672
445470673
445470674
445470675
445470676
445470677
445470678
445470679
445470680
445470832
445470833
445875286
445875287
445875289
445875295
445875301
445875302
445875303
445875308
445875309
445875310
445875311
445875314
445875315
445875316
445875317
445875319
445875320
445875322
445875324
445875327
445875329
445877260
445877261
445877262
445877263
445877264
445877265
445877266
445877267
445877268
445878292
445878293
445878294
445878297
445878303
445878309
445878311
445878312
445878313
445878314
445879082
445879087
445879090
445879092
445879093
445879096
445880187
445880188
445880189
445880190
445880191
445880192
445880194
445880195
445880196
445880197
445880198
445880199
445880200
445880201
445880202
445880203
445880204
445880205
445880206
445880207
445880208
445880209
445880210
445880211
445880212
445880213
445880214
445880215
445880216
445880217
445880219
445880220
445880221
445880222
445880223
445880224
445880225
445880226
445880227
445880228
445880229
445880230
445880231
445880232
445880233
445880234
445880235
445881161
445881162
445881163
445881164
445881165
445881166
445881167
445881168
445881169
445881170
445881171
445881172
445881173
445881174
445881175
445881176
445881177
445881178
445881468
445881469
445881470
445881471
445881472
445881473
445881474
445881475
445881476
445881477
445881478
445881479
445881480
445881481
445881482
445881483
445881484
445881485
445881486
445882567
445882568
445882569
445882570
445882571
445882572
445882573
445882574
445882575
445882576
445882577
445883355
445883356
445883357
445883364
445883367
445883373
445883374
445885517
445885518
445885519
445885520
445885521
445885522
445885523
445885524
445885525
445885526
445885527
445885528
445885529
445885530
445885531
445885533
445891828
445891831
445891832
445891833
445891834
445891835
445891836
445891837
445891838
445891839
445891840
445891841
445891842
445891843
445891844
445891845
445891846
445891847
445891848
445891849
445891850
445891851
445891852
445891853
445891854
445891855
445891856
445891857
445891858
445891859
445891860
445891861
445891862
445891863
445891864
445891866
445899182
445899196
445899251
445899252
445899253
445899255
445899257
445899259
445899265
445899271
445933604
445936410
445936411
445936412
445936413
445936414
445936415
445936416
445936417
445936418
445936419
445936421
445936423
445936425
445936427
445936429
445936431
445936432
445936433
445936434
445936435
445936436
445936437
445936438
445936439
445936440
445936441
445936442
445936443
445936444
445936445
445936446
445936449
445936451
445936453
445936455
445936457
445936460
445936462
445936464
445936467
445936469
445936471
445936473
445936476
445936478
445936480
445936483
445936485
445936487
445936490
445936492
445936495
445936497
445936499
445936502
445936504
445936507
445936509
445936511
445936514
445937492
445937493
445937494
445937505
445937506
445937507
445937508
445937509
445937510
445938113
445938114
445938115
445938116
445938117
445938118
445938119
445938120
445938121
445938122
445938123
445938124
445938125
445938126
445938127
445938128
445938129
445938130
445938131
445938132
445938133
445938134
446112240
446112241
446112242
446112243
446112244
446112245
446112248
446112249
446112250
446112251
446112252
446112254
446112255
446112256
446112258
446112259
446112260
446112261
446112262
446112263
446112264
446112265
446112266
446112267
446112959
446157150
446157151
446157152
446157153
446157154
446157155
446157156
446157157
446157158
446157159
446157160
446157162
446157163
446157164
446157166
446157167
446157168
446157169
446157170
446157171
446157172
446157173
446157175
446157176
446157178
446157179
446157180
446157181
446157182
446157183
446157185
446157187
446157190
446157192
446157194
446157196
446157199
446157201
446157202
446157204
446157205
446157206
446157208
446157209
446157210
446157211
446157213
446157214
446157215
446157216
446157217
446157218
446157219
446157220
446157221
446160944
446160946
446160948
446160949
446160950
446160951
446160952
446160957
446160959
446160962
446160963
446160965
446160966
446160967
446160970
446160971
446160975
446160976
446160977
446160978
446160979
446160980
446160981
446160982
446160983
446160984
446160985
446160986
446160987
446160988
446160990
446160991
446672943
446672944
446672946
446672948
446672949
446672954
446672957
446672958
446672962
446672963
446672965
446672966
446672967
446672968
446672969
446672970
446672971
446672972
446672973
446672975
446672977
446672979
446672981
446672983
446672986
446672987
446672988
446672989
446672992
446672994
446672996
446672997
446672998
446672999
446673000
446673002
446673004
446673005
446673007
446673009
446673011
446673013
446673014
446673015
446673016
446673017
446673018
446673019
446673020
446673023
446674260
446674261
446674262
446674263
446674264
446674266
446674267
446674269
446674270
446674271
446674272
446674273
446674274
446674275
446674276
446674277
446674278
446674279
446674280
446674281
446674282
446674283
446674284
446674285
446674286
446674287
446674288
446674289
446674291
446674292
446674293
446674294
446674295
446674296
446674297
446674298
446674358
446674359
446677370
446677371
446677372
446677373
446677374
446677375
446677376
446677377
446677378
446677379
446677380
446677382
446677383
446677384
446677385
446677386
446677387
446677388
446677389
446677390
446677391
446677392
446677393
446677394
446677395
446677396
446677397
446677398
446677399
446677400
446677401
446677402
446677403
446677404
446677405
446677406
446677407
446677408
446677409
446677410
446677411
446677412
446677413
446677414
446677415
446677416
446677417
446677418
446677419
446677420
446677421
446677422
446677423
446677424
446677425
446677426
446677427
446677428
446677429
446677430
446677431
446677432
446677433
446677434
446677435
446677436
446677437
446677438
446677439
446677440
446677441
446677442
446677443
446677444
446681172
446681187
446681190
446681191
446681192
446681193
446681194
446681195
446681196
446681197
446681198
446681199
446681200
446681201
446681202
446681204
446681205
446681207
446681208
446681209
446681210
446681211
446681212
446681213
446681214
446681215
446681216
446681217
446822462
446822463
446822464
446822465
446822467
446822468
446822469
446822470
446822471
446822472
446822473
446822474
446822475
446822476
446822477
446822478
446822479
446822480
446822481
446822482
446822483
446822484
446822485
446822487
446822488
446822489
446822490
446822491
446822492
446822493
446822494
446822495
446822496
446822497
446822498
446822499
446822500
446822501
446822502
446822503
446822504
446822506
446822507
446822508
446822509
446822510
446822511
446822512
446822513
446822514
446822515
446822516
446822517
446822518
446822519
446822520
446822521
446822522
446822523
446822524
446822525
446822526
446822527
446822528
446822529
446822530
446822531
446822532
446822533
446822534
446822535
446822536
446822537
446824838
446824839
446824840
446824841
446824842
446824843
446824844
446824845
446824846
446824847
446824848
446824849
446824850
446824851
446824852
446824853
446824855
446824856
446824857
446824858
446824859
446824860
446824861
446824862
446824863
446824864
446824865
446824866
446824867
446824869
446824870
446824871
446824872
446824873
446824874
446824875
446824876
446824877
446824878
446824879
446824880
446824881
446824882
446824883
446824884
446824885
446824886
446824887
446824888
446824889
446824891
446824892
446824894
446824895
446824897
446824899
446824901
446824903
446824905
446824906
446824907
446824908
446824909
446824910
446824911
446824912
446825837
446825838
446825839
446825840
446825842
446825843
446825845
446825846
446825848
446825849
446825850
446825851
446825852
446825853
446825854
446825855
446825856
446825857
446825858
446825859
446825860
446825861
446825862
446825863
446825864
446825865
446825866
446825867
446825868
446825869
446826435
446826437
446826438
446826440
446826441
446826442
446826443
446826444
446826445
446826447
446826450
446827201
446827202
446827203
446827204
446827205
446827206
446827207
446827208
446827209
446827210
446827211
446827212
446827213
446827214
446827215
446827216
446827217
446827218
446827220
446827222
446827223
446827225
446846543
446846544
446846545
446846546
446846548
446846549
446846551
446846553
446846554
446846557
446846559
446846560
446846564
446846565
446846566
446846567
446846568
446846570
446846571
446846572
446846573
446846574
446855734
446855735
446855736
446855737
446855738
446855740
446855741
446855742
446855747
446855748
446855749
446855751
446855752
446855753
446855760
446855764
446855779
446855781
446855784
446855785
446855786
446855787
446855790
446855791
446855792
446855793
446855794
446855795
446855796
446855797
446855798
446855799
446855800
446855801
446855802
446855803
446855804
446855805
446855806
446855807
446855809
446855810
446855811
446855812
446855814
446855815
446855816
446855817
446855818
446855819
447951866
447951867
447951868
447951869
447951870
447951871
447951872
447951874
447951875
447951877
447951878
447951880
447951881
447951883
447951884
447951885
447951886
447951888
447951891
447951892
447951894
447951896
447951897
447951898
447951899
447951900
447951901
447951902
447951903
447951904
447951905
447951906
447951907
447951908
447951909
447951910
447951911
447951912
447951913
447951914
447951915
447951916
447951917
447951918
447951919
447951920
447951921
447951922
447951925
447951926
447951927
447951928
447951929
447951930
447951931
447951932
447951934
447951935
447951936
447951937
447951939
447951940
447954699
447954702
447954703
447954705
447954706
447954708
447954709
447954710
447954711
447954712
447954713
447954714
447954715
447954716
447954717
447954718
447954719
447954720
447954721
447954722
447954723
447954724
447954725
447954726
447954727
447954728
447954729
447954730
447954731
447954732
447954733
447954734
447954735
447954736
447954737
447954738
447954739
447954740
447954741
447954742
447954743
447954744
447954745
447954746
447954747
447954748
447954749
447954750
447954751
447954752
447955075
447955076
447955077
447955079
447955081
447955082
447955084
447955085
447955086
447955088
447955089
447955090
447955091
447955092
447955368
447955369
447955370
447955371
447955372
447955373
447955374
447955375
447955376
447955377
447955378
447955379
447955380
447955381
447955382
447955383
447955384
447955385
447955386
447955387
447955388
447955389
447955390
447956639
447956640
447956641
447956642
447956643
447956644
447956645
447956646
447956647
447956648
447956649
447956651
447956653
447956654
447956655
447956657
447956658
447956659
447956660
447956661
447956663
447956665
447956666
447956667
447956668
447956669
447956670
447956671
447956672
447956673
447956674
447958519
447958520
447958521
447958522
447958523
447958524
447958525
447958526
447958527
447958535
447958558
447958564
447958573
447958575
447958576
447958577
447958578
447958579
447958580
447958582
447958584
447958586
447958587
447958589
447958590
447958591
447958592
447958595
447980899
447980900
447980901
447980902
447980903
447980904
447980905
447980906
447980907
447980908
447980909
447980910
447980911
447980912
447980913
447980914
447980915
447980916
447980918
447980919
447980921
447980924
447980925
447980927
447980929
447980930
447980931
447980932
447980934
447980937
447980938
447980941
447980942
447980943
447980944
447980945
447980946
447980947
447980948
447980950
447980953
447980954
447980956
447980957
447980958
447980959
447980960
447980961
447980962
447980963
447981930
447981931
447981932
447981933
447981934
447981935
447981936
447981937
447981938
447981939
447981940
447981941
447981942
447981943
447981944
447981945
447981946
447981947
447981948
447981949
447981950
447981951
447981952
447981953
447981954
447981955
447981956
447981957
447981958
447981959
447981960
447981961
447981962
447981963
447981964
447981965
447981966
447981967
447981968
447981969
447981970
447981971
447981972
447981973
447981974
447981975
447981976
447984982
447984984
447984985
447984986
447984987
447984991
447984993
447984994
447984996
447985000
447985005
447985008
447985012
447985013
447985020
447985031
447985041
447985043
447985048
447985052
447985054
447985060
447985066
447985075
447985084
447985085
447985089
447985092
447985093
447985095
447985096
447985097
447985099
447985100
447985101
447985102
447985103
447985104
447985105
447985106
447985107
447985108
447985109
447985110
447985111
447987420
447987433
447987434
447989250
447989251
447989256
447989258
447989261
447989264
447989266
447989267
447989268
447989269
447989271
447989272
447989283
447989285
447989287
447989289
447989290
447989293
447989294
447989295
447989296
447989297
447989298
447989299
447989300
447989301
447989302
447989303
447989304
447989305
447989306
448006405
448006406
448006407
448006408
448006410
448006411
448006412
448006413
448006414
448006415
448006416
448006417
448006419
448006421
448006422
448006425
448006426
448006427
448006428
448006430
448006431
448006433
448006434
448006435
448006437
448006438
448006441
448006442
448006443
448006445
448006446
448006447
448006448
448006449
448006450
448006451
448006452
448006454
448006456
448006457
448006461
448006462
448006463
448006466
448006467
448006468
448006471
448006472
448006473
448006474
448006475
448006476
448006478
448006479
448006481
448006482
448006484
448006486
448006487
448006488
448006489
448006490
448006491
448006494
448006497
448006498
448006499
448006500
448006501
448006502
448006503
448006504
448006507
448006509
448006512
448006514
448006516
448006517
448006521
448006522
448006523
448006524
448006525
448006526
448006527
448006528
448006529
448006530
448006532
448006533
448006534
448006535
448006536
448006537
448006538
448006539
448006540
448006541
448006542
448006543
448006544
448006545
448006546
448006547
448006550
448006554
448006555
448006556
448006558
448006559
448006560
448006567
448006568
448006569
448006570
448006571
448006572
448006573
448006574
448006576
448006577
448006578
448006579
448006581
448006583
448006584
448006586
448006587
448006588
448006589
448006590
448006591
448006593
448006594
448006596
448006597
448006598
448006599
448006600
448006601
448006602
448043437
448114840
448162148
448162149
448162150
448162152
448162153
448162155
448162159
448162161
448162162
448162163
448162164
448162165
448162166
448162167
448162170
448162171
448162172
448162173
448162175
448162176
448162179
448162180
448162182
448162183
448162184
448162185
448162186
448162187
448162188
448162189
448162190
448162191
448162192
448162193
448162195
448162196
448162198
448162199
448162200
448162201
448162202
448162204
448162206
448162207
448162209
448162210
448162211
448162212
448162213
448168256
448168257
448168260
448168261
448168262
448168263
448168264
448168265
448168266
448168267
448168269
448168270
448168271
448168273
448168274
448168275
448168278
448168279
448168281
448168282
448168283
448168284
448168285
448168286
448168287
448168289
448168290
448168292
448168293
448168294
448168295
448168296
448168297
448168298
448168299
448168300
448168302
448168304
448168305
448168306
448168307
448168308
448170613
448170614
448170615
448170617
448170618
448170619
448170621
448170622
448170623
448170624
448170625
448170626
448170627
448170629
448170630
448170631
448170632
448170633
448170634
448170635
448170636
448170637
448170638
448170640
448170641
448170642
448173262
448173263
448173264
448173265
448173266
448173267
448174527
448174529
448174531
448174532
448174533
448174534
448174535
448174536
448174537
448174538
448174539
448174540
448174541
449177327
449177328
449177329
449177330
449177331
449177332
449177334
449177336
449177337
449177338
449177339
449177340
449177342
449177343
449177344
449177345
449177346
449177347
449177348
449177349
449177350
449177351
449177352
449177353
449177354
449178324
449178325
449178326
449178327
449178328
449178329
449178330
449178331
449178332
449178333
449178334
449178335
449178336
449178337
449178338
449178339
449178340
449178341
449178342
449181389
449181393
449181430
449181435
449181446
449181450
449181452
449181471
449181473
449181475
449181478
449181484
449181486
449181490
449181492
449181494
449181496
449181498
449181500
449181502
449181504
449182142
449182147
449182160
449182161
449182804
449182807
449183078
449185626
449185627
449185644
449185653
449185667
449185668
449185671
449185672
449185673
449185676
449185677
449187174
449187175
449187176
449187177
449187178
449187179
449187180
449187181
449187183
449187184
449187185
449187186
449187187
449187188
449187189
449187190
449187191
449187192
449187193
449187194
449187195
449187196
449187197
449187198
449187199
449187201
449187202
449187203
449187204
449187205
449187206
449203680
449203695
449203696
449204731
449206625
449206632
449206649
449206650
449206651
449206652
449206653
449207936
449207938
449207939
449207941
449207942
449207946
449207951
449207957
449207960
449207961
449208701
449208703
449208705
449208706
449208709
449208710
449208714
449208717
449208719
449209093
449209106
449209107
449209108
449211535
449211555
449465654
449534323
449542956
449542957
449542958
449542959
449542960
449542961
449542962
449542963
449542964
449542965
449542966
449542967
449542969
449542970
449542971
449542972
449542973
449542974
449542975
449542976
449542977
449542978
449542980
449542981
449542982
449542983
449542984
449542985
449542986
449542987
449542988
449542989
449542990
449542991
449542992
449542993
449542994
449542995
449542996
449542997
449542998
449542999
449543000
449543001
449543002
449543003
449543004
449543005
449543006
449543007
449543008
449543009
449543010
449543011
449543012
449543013
449543014
449543015
449543016
449543017
449543018
449543019
449543020
449543021
449543022
449543023
449543024
449543025
449543026
449543027
449595740
449595742
452313570
452313571
452896683
452897320
452897321
456945082
461019941
467541389
467541392
467541397
467541401
467541404
468038097
468038098
468038099
468141071
468141072
468141073
468418114
468418115
468418116
468418117
468418118
468418119
468418120
468418121
468418122
468418123
468418124
468418125
468418126
468418127
468418128
468418130
468418131
468418133
468418134
468418136
468418137
468688645
468688646
468688647
468688648
468688649
468688651
468688654
468688657
468688659
468688661
468688662
468688663
468688664
468688665
468688666
468688667
468688668
468688669
468688670
468688671
468688672
468688673
468688674
468688675
468688677
468688678
468688679
468688680
468688681
468688682
468688683
468688684
468688685
468688686
468688687
468688688
468688689
468688690
468688692
468688694
468688697
468688698
468688699
468688700
468688701
468688702
468688703
468688704
468712831
468712832
468712833
468712834
468712835
468712836
468712837
468712838
468712839
468712840
468712841
468712842
468712843
468712844
468712846
468712847
468712848
468712849
468712850
468712851
468712852
468712853
468712854
468712855
468712856
468712857
468712858
468712859
468844627
468844629
468844630
468844631
468844632
468844633
469416776
469417615
469417616
469417617
469417618
469417619
469417620
469417621
469419952
469419953
469419954
469419955
469419956
469419957
469419958
469419959
469419960
469419961
469419962
469419963
469419964
469419965
469419966
469419967
469419968
469419969
469419970
469419971
469419972
469419973
469419974
469419975
469419978
469419981
469419984
469419985
469419987
469419989
469424452
470129267
470129268
470129269
470129270
470129271
470129272
470129273
470129274
470129275
470129276
470129277
470129278
470129279
470129280
470129281
470129282
470129283
470129284
470129285
470129286
470129287
470129288
470129289
470129290
470129291
470129292
470129293
470129294
470129295
470129296
470129297
470129298
470129299
470129300
470129301
470129302
470129303
470129304
470129305
470129306
470129307
470129308
470129309
470129310
470129311
470129312
470129313
470129314
470129315
470129316
470129317
470129318
470129319
470129320
470129321
470129323
470129324
470129325
470129326
470129327
470129328
470130548
470130549
470130550
470130551
470130552
470130553
470130554
470130555
470130556
470130557
470130558
470130559
470130561
470130562
470130563
470130564
470130565
470130566
470130567
470130568
470130569
470130570
470130571
470130572
470130573
470130574
470130575
470130576
470130577
470130579
470130581
470130583
470130585
470130587
470130589
470130591
470130592
470130593
470130594
470130595
470130596
470130597
470130598
470131159
470131160
470131161
470131162
470131163
470131164
470131165
470131166
470131167
470131168
470131169
470131170
470131171
470131172
470131173
470131174
470131175
470131176
470131177
470131178
470131179
470131180
470131181
470131182
470131183
470131184
470131185
470131186
470133413
470133414
470133415
470133416
470133417
470133418
470133419
470133420
470133421
470133422
470133423
470133429
470133430
470133431
470133432
470133433
470133434
470133435
470133436
470133437
470133438
470133439
470133440
470133442
470133444
470133446
470133448
470133450
470133452
470133454
471777824
471777825
474861549
474861550
474861551
474861552
474861553
475050808
475050809
475050810
475050811
475050812
475050813
475050814
475050815
475050817
475050819
475050821
475050822
475050824
475050825
475050826
475050828
475050829
475050832
475050834
475050836
475050838
475050840
475050842
475050844
475050846
475050848
475050850
475050852
475050855
475050856
475050859
475050861
475050863
475050865
475050868
475050869
475050870
475050871
475050872
475050873
475050874
475050875
475050876
475050877
475050878
475050879
475050880
475050881
475050882
475050883
475050884
475050885
475050886
475050887
475050888
475050889
475050890
475050891
475050892
475050893
475050894
475050895
475050896
475050897
475050898
475050899
475050900
475050901
475050902
475050903
475050904
475050905
475076497
475076501
475076502
475076503
475076504
475076505
475076509
475076510
475076511
475076513
475076514
475076515
475076516
475076517
475076518
475076519
475076520
475076521
475076522
475076523
475076525
475076526
475076528
475076531
475076536
475076538
475076539
475076540
475076541
475076542
475076543
475076544
475076545
475076546
475076547
475076548
475076549
475076550
475076551
475076552
475076558
475076559
475076560
475076561
475076562
475076563
475076565
475076570
475076572
475076573
475076574
475076575
475076576
475076577
475076578
475076583
475076584
475076602
475076607
475076616
475076618
475076620
475076623
475076625
475076630
475076634
475076651
475076652
475076653
475078122
475078123
475078125
475078127
475078128
475078129
475078130
475078131
475078132
475078133
475078134
475078135
475078136
475078138
475078139
475078145
475078146
475079694
475079696
475079698
475079700
475079703
475079705
475079708
475079710
475079711
475079712
475079713
475079714
475079715
475079716
475079719
475079720
475079721
475079722
475079723
475079724
475079725
475079726
475079727
475079728
475079729
475079730
475079731
475083069
475083071
475083072
475083073
475083074
475083075
475083076
475083077
475083078
475083079
475083080
475083081
475083082
475083083
475083084
475083085
475083902
475121232
475121233
475121234
475121235
475121236
475121237
475122335
475122336
475122337
475122338
475122339
475122340
475122341
475122342
475122343
475122344
475122345
475122346
475122347
475122348
475122349
475122350
475122351
475122352
475122353
475122354
475122355
475122356
475122357
475122358
475122359
475122360
475122361
475122362
475122363
475122364
475122365
475122366
476170419
477206775
477289416
477289417
477290532
479181066
479181067
479481379
479481380
479481381
480210244
480210891
480211797
480211798
484084708
484084710
484084711
485672834
485672836
488322443
489499050
490507548
494245716
494245717
494245720
494245721
494245722
494245723
494245730
494245731
494245732
494245733
494245734
494245735
494245739
494245740
494245742
494245743
494245747
494245751
494245753
494245765
494245775
494245776
494245777
494251275
494251277
494251278
494251281
494251283
494251285
494251286
494251288
494251290
494251292
494251293
494251295
494251297
494251309
494251311
494251312
494251316
494251319
494251320
494251324
494251327
494251330
494251332
494251334
494251337
494251339
494251341
494251342
494251344
494251346
494251348
494251349
494251351
494251356
494251357
494251359
494251362
494251364
494251366
494251369
494251371
494251374
494251376
494251378
494251381
494251398
494251401
494251405
494251407
494251420
494251423
494251442
494251444
494251447
494251449
494251453
494251455
494251457
494251460
494251463
494251465
494251467
494251470
494251473
494251478
494251489
494251491
494251496
494251499
494251501
494251505
494251507
494251512
494251515
494251518
494251522
494251528
494254452
494254453
494254454
494254455
494254456
494254457
494254458
494254459
494254460
494254461
494254462
494254463
494254464
494254465
494254466
494254467
494254468
494254469
494254470
494254471
494254472
494254473
494254474
494254476
494254477
494254478
494254479
494254480
494254481
494254482
494254483
494254484
494254485
494254486
494254487
494254488
494254489
494254490
494254491
494254492
494254493
494254494
494254495
494254496
494254497
494254498
494254499
494254500
494254502
494256356
494256357
494256358
494256359
494256360
494256361
494256362
494256363
494256364
494256365
494256366
494256367
494257015
494257016
494257017
494257018
494257019
494257020
494257021
494257022
494257023
494257024
494257025
494257026
494257027
494257028
494257029
494257030
494257031
494257032
494260252
494260261
494260262
494260263
494260273
494260275
494260289
494260291
494260293
494260295
494260297
494265639
494265640
494265641
494265642
494265643
494265644
494265645
494265646
494265647
494265648
494265649
494265650
494265651
494265652
494265653
494265654
494265655
494265656
494265657
494265658
494265659
494265662
494265663
494265667
494265671
494265673
494265675
494265676
494265677
494268259
494268260
494268261
494268262
494268263
494268264
494268265
494268266
494268267
494268268
494268270
494268271
494268272
494268281
494268282
494268283
494268286
494268287
494268288
494268289
494268290
494268291
494268292
494268293
494268294
494268295
494268296
494268298
494268299
494268300
494268301
494268303
494268305
494268306
494268307
494268308
494450350
494450355
494450356
494450357
494450360
494450363
494450364
494450366
494450367
494450368
494450369
494450370
494450371
494450372
494450373
494450374
494450376
494450377
494450383
494450384
494450385
494474375
494474376
494474377
494474378
494474379
494474380
494474381
494474382
494474383
494474384
494474388
494474390
494474392
494474395
494474397
494474399
494474402
494474404
494474406
494474410
494474412
494474413
494474414
494474415
494474416
494474417
494474418
494474419
494474420
494474421
494474422
494474423
494474424
494474425
494474426
494474427
494474428
494474429
494474430
494474431
494474432
494474433
494474434
494474435
494474436
494474437
494474442
494474444
494474451
494474453
494474456
494474458
494474460
494474463
494474465
494474466
494474467
494474468
494474469
494474470
494474471
494474489
494474491
494474494
494474503
494474505
494474507
494474518
494474519
494474525
494474526
494474528
494474529
494474530
494474531
494474532
494474533
494474534
494474535
494474536
494474537
494474538
494474539
494474540
494474541
494474542
494474543
494474544
494474545
494474546
494474547
494474548
494474549
494474550
494474551
494474552
494474553
494474554
494474555
494474556
494474557
494474558
494474559
494474560
494474561
494474562
494474563
494474564
494474565
494474566
494474567
494474568
494474570
494474572
494474574
494474576
494474577
494474578
494477172
494477173
494477180
494477183
494477184
494477185
494477186
494477188
494477189
494477191
494477194
494477196
494477198
494477199
494477201
494477203
494477205
494477206
494477208
494477210
494477211
494477212
494477213
494477214
494477215
494477216
494477217
494477218
494477219
494477220
494477221
494477222
494477223
494477224
494477225
494477226
494477227
494477228
494477229
494477230
494477231
494477232
494477233
494477234
494477235
494477236
494477237
494479868
494479871
494479872
494479877
494479878
494479880
494479887
494479892
494479893
494479894
494479907
494479908
494480163
494480171
494480172
494482426
494482428
494482444
494482445
494482446
494482447
494482448
494482449
494482450
494482451
494482452
494482453
494482454
494482455
494482456
494482460
494482461
494482462
494482463
494483754
494483755
494483756
494483757
494483758
494483759
494483760
494483761
494483763
494483764
494483765
494483766
494483767
494483768
494483769
494483770
494483771
495711029
495711030
495711031
495711033
495711034
495711035
495711036
495711038
495711039
495711040
495711041
495711042
495711043
495711044
495711045
495711046
495711047
495711048
495711049
495711050
495711051
495711052
495711053
495711054
495711056
495711058
495711060
495711061
495711062
495711063
495711064
495711065
495711066
495711067
495711068
495711069
495711070
495711071
495711072
495711073
495711074
495711075
495711076
495711077
495711078
495711079
495711080
495711081
495711082
495711083
495711084
495711085
495711086
495711087
495711088
495711089
495711090
495711091
495711092
495711093
495711094
495711095
495711096
495711097
495711099
495711101
495711103
495711105
495711107
495711109
495711111
495711112
495711115
495711117
495711119
495711120
495711122
495711124
495711127
495711129
495711131
495711133
495711135
495711136
495711138
495711141
495711143
495711145
495711147
495711148
495711150
495850438
495850439
495850440
495850441
495850442
495850443
495850444
495850445
495850446
495850447
495850448
495850449
495850450
495850451
495850452
495850454
495850457
495850461
495850464
495850467
495850469
495850471
495850472
495850475
495850477
495850483
495850486
495850489
495850490
495850492
495850495
495850499
495850502
495850505
495850508
495850509
495850510
495850511
495850513
495850516
495850519
495850521
495850524
495850527
495850530
495850532
495850535
495850538
495850540
495850542
495850544
495850547
495850550
495850552
495850561
495850564
495850567
495850570
495850572
495850573
495850574
495850575
495850576
495850577
495850578
495850579
495850580
495850583
495850584
495850585
495850586
495852527
495852528
495852530
495852531
495852532
495852533
495852534
495852535
495852536
495852537
495852538
495852539
495852540
495852541
495852542
495852543
495852544
495852545
495852546
495852547
495852548
495852549
495852550
495852551
495852552
495852553
495852555
495852556
495852559
495852560
495854985
495911444
495911445
495911446
495911447
495911448
495911449
495911450
495911451
495911452
495911453
495911454
495911455
495911456
495911457
495911458
495911459
495911460
495911461
495911462
495911463
495911464
495911465
495911466
495911467
495911468
495911469
495911470
495911471
495911472
495911473
495911474
495911475
495911476
495911477
495911478
495911480
495911481
495911482
495911483
495911484
495911485
495911486
495911487
495911488
495911489
495911490
495911491
495911492
495911493
495911494
495911495
495911496
495911497
495911498
495911499
495911500
495911501
495911502
495911503
495911504
495911505
495911506
495911507
495911508
495911510
495911511
495911512
495911513
495911514
495911515
496001846
496001847
496001848
496001849
496001850
496001851
496001852
496001853
496001854
496001855
496001856
496001857
496001858
496001859
496001860
496001861
496001862
496001863
496001864
496001865
496001866
496001867
496001868
496001869
496001870
496001871
496001872
496001873
496001875
496001876
496001877
496001879
496001880
496001881
496001882
496001884
496001885
496001886
496001887
496001888
496001889
496001890
496001891
496001892
496001893
496001894
496001895
496001896
496001897
496001898
496001899
496001900
496001901
496001902
496001903
496001904
496001905
496001906
496001907
496001908
496001909
496001910
496001911
496001912
496001913
496001914
496001915
496001916
496001917
496001918
496001919
496001920
496001921
496001922
496001923
496001924
496001925
496001926
496001927
496001928
496001929
496001930
496001931
496001932
496001933
496001934
496001935
496001936
496001937
496001938
496001939
496001940
496001941
496001942
496001943
496001944
496001945
496001946
496001947
496001948
496001949
496001950
496001951
496001952
496001953
496001954
496001955
496001956
496001957
496001958
496001959
496001960
496001961
496001962
496001963
496001964
496001965
496001966
496001967
496001968
496001969
496001970
496003037
496003038
496003039
496003040
496003041
496003042
496003043
496003044
496003045
496003046
496003337
496003339
496003819
496003820
496003821
496003822
496003825
496003826
496003827
496003828
496003829
496003830
496003831
496003832
496003833
496003834
496003835
496003836
496003837
496003838
496003839
496003840
496003841
496072358
496072362
496072363
496072364
496072365
496072366
496072367
496072369
496072378
496072380
496072382
496072384
496072387
496072389
496072391
496072393
496072395
496072397
496072399
496072401
496072403
496072405
496072408
496072409
496072411
496072413
496072416
496072417
496072419
496072421
496072423
496072425
496072427
496072429
496072432
496072442
496072450
496072452
496072453
496072457
496072460
496072494
496072496
496072498
496072499
496072501
496072503
496072504
496072505
496072506
496072507
496072508
496072509
496072510
496072511
496072512
496072513
496072514
496072515
496072516
496072517
496072530
496072531
496072532
496072533
496072534
496072535
496072536
496072537
496072538
496072539
496072542
496072543
496072546
496072547
496072548
496072549
496072550
496072551
496072552
496072553
496072554
496072555
496072556
496072557
496072558
496072559
496584186
496584187
496584188
496584189
496584190
496584191
496584192
496584193
496584194
496584195
496584196
496584197
496584198
496584199
496584200
496584201
496584202
496584203
496584204
496584205
496584206
496584207
496584208
496584209
496584210
496584211
496584212
496584213
496584214
496584215
496584216
496584217
496584218
496584219
496584220
496584221
496584222
496584223
496584224
496584225
496584226
496584227
496584228
496584229
496584230
496584231
496584232
496584233
496584234
496584235
496584236
496584237
496584238
496584239
496584240
496584241
496584243
496584244
496584245
496584246
496584247
496584248
496584249
496584250
496584251
496584252
496584253
496584254
496584255
496584256
496584257
496584258
496584259
496584260
496584261
496584262
496584263
496584264
496584265
496584266
496584267
496584268
496584269
496584270
496584271
496584272
496584273
496584274
496584275
496584276
496584277
496584278
496584279
496584280
496584281
496584282
496584283
496584284
496584285
496584286
496584287
496584288
496584289
496584290
496584292
496584295
496584297
496584299
496584301
496584303
496584305
496587893
496587894
496587895
496587896
496587897
496587898
496587899
496587900
496587901
496587902
496587903
496587904
496587905
496587906
496587907
496587908
496587909
496587910
496587911
496587912
496587913
496587914
496587915
496587916
496587917
496587918
496587919
496587922
496587925
496587926
496587927
496587928
496587929
496587930
496587931
496587932
496587933
496587934
496587935
496587936
496590130
496590131
496590132
496590133
496590134
496590135
496590136
496590137
496590138
496590139
496590141
496590142
496590143
496590144
496590145
496590146
496590147
496590148
496590149
496590150
496590151
496590152
496590153
496590154
496590155
496590156
496590157
496590158
496590159
496590160
496590161
496591821
496615983
496623389
496623391
496623393
496623395
496623397
496623399
496623401
496623406
496623408
496623410
496623412
496623414
496623416
496623418
496623421
496623423
496623426
496623428
496623430
496623432
496623434
496623438
496623440
496623443
496623446
496623448
496623451
496623453
496623455
496623457
496623459
496623463
496623465
496623468
496623469
496623474
496623484
496623486
496716420
496716421
496716422
496716424
496716427
496716428
496716430
496716431
496716437
496716440
496716441
497090330
497091797
497093882
497093883
497093884
497093885
497093886
497093887
497093888
497093889
497093890
497093891
497093892
497093893
497093894
497093895
497093896
497093897
497093899
497093900
497093901
497093902
497093903
497093904
497093905
497093906
497093907
497093908
497093909
497093910
497093911
497093912
497093913
497093914
497093915
497093916
497164597
497164598
497164610
497164613
497164615
497164622
497164627
497164632
497164633
497164634
497164636
497164637
497164638
497164644
497164646
497165201
497176599
497176602
497176604
497176609
497176612
497176616
497176618
497176624
497176626
497176628
497176630
497176635
497176638
497176641
497176643
497176644
497176645
497176646
497176647
497176649
497176650
497176652
497176653
497176654
497176655
497176658
497176664
497176665
497176670
497176676
497176678
497176680
497176682
497176684
497176689
497176725
497179292
497179293
497179294
497179295
497179296
497179297
497179299
497179301
497179303
497179304
497179305
497179306
497179307
497179308
497179309
497179310
497179311
497179313
497179315
497179317
497179319
497179321
497179322
497179324
497179325
497179327
497179328
497179329
497179331
497179332
497179334
497179335
497179339
497179341
497179344
497179346
497179348
497179350
497179352
497179354
497179357
497179359
497179360
497179361
497179362
497179363
497179364
497179365
497179366
497179368
497179370
497179371
497179373
497179375
497179377
497179379
497179381
497179383
497179385
497179387
497179389
497179390
497179392
497179393
497179394
497179395
497179396
497179397
497179398
497179399
497179400
497179401
497179402
497179407
497179408
497179409
497179410
497179411
497179412
497179413
497179414
497179415
497179416
497179417
497179418
497179419
497179420
497184007
497184008
497184009
497184010
497184011
497184012
497184013
497184014
497184015
497184016
497184017
497184018
497184019
497184020
497184021
497184022
497184023
497184024
497184025
497184027
497184028
497184029
497184031
497184032
497184034
497184035
497184036
497184037
497184038
497184039
497184040
497184041
497184042
497184043
497184044
497184767
497184768
497184769
497184770
497184771
497184772
497184773
497184774
497184775
497184776
497184777
497184779
497184780
497184781
497184782
497184783
497184784
497184785
497184786
497184787
497184788
497184789
497184790
497184791
497184792
497184793
497184794
497184795
497184796
497184797
497703292
497703295
497703296
497703309
497703310
497703311
497703313
497704320
497704321
497704322
497704323
497704324
497704325
497704326
497704327
497704328
497704329
497704330
497704331
497704332
497704334
497704336
497704337
497704340
497704341
497704343
497704344
497704345
497704346
497704347
497704644
497704645
497704646
497704647
497704648
497705607
497705608
497705609
497705610
497705611
497705612
497705613
497705614
497705615
497705616
497705617
497705618
497705619
497705620
497705632
497705633
497705634
497705635
497705636
497705637
497705638
497705639
497705640
497705641
497705642
497705643
497705644
497705645
497705646
497705647
497706043
497706044
497706045
497706046
497706047
497706048
497706049
497706050
497706051
497706052
497706053
497706054
497706055
497706056
497706057
497706058
497706568
497706569
497706570
497706571
497706572
497706573
497706574
497706575
497706576
497706577
497706578
497706579
497706580
497707133
497707134
497707135
497707136
497707137
497707138
497707139
497707140
497707141
497707142
497707143
497707145
497707148
497707150
497707152
497707155
497707157
497707159
497707161
497707164
497707555
497707556
497707557
497707558
497707559
497707560
497707561
497707562
497707563
497707567
497707569
497707571
498183197
498183198
498183199
498183200
498183201
498183202
498183203
498183204
498183205
498183208
498183211
498183212
498183213
498183214
498183215
498183216
498183217
498183218
498183219
498183220
498183222
498183223
498183224
498183229
498183230
498183232
498183233
498183235
498183236
498183238
498183239
498183240
498183245
498183246
498183247
498183266
498183267
498183268
498183269
498183270
498183273
498183288
498183289
498183293
498183294
498183295
498468156
498468157
498468158
498468159
498468160
498468161
498468162
498468163
498468164
498468165
498468166
498468167
498468168
498468169
498468170
498468171
498468172
498468173
498468174
498468175
498468176
498468177
498468178
498468179
498468180
498468181
498468182
498468183
498468184
498468185
498468186
498468187
498468188
498468189
498468190
498468191
498468192
498468193
498468194
498468196
498468203
498468205
498468207
498468208
498468210
498468212
498468215
498468217
498468220
498468222
498468224
498468226
498468229
498468231
498468233
498468235
498468238
498468240
498468242
498468245
498468246
498468248
498468251
498468253
498468255
498468257
498468259
498468262
498468264
498468266
498468268
498468270
498471161
498471163
498471166
498471168
498471171
498471173
498471175
498471178
498471183
498471185
498471188
498471190
498471191
498471192
498471193
498471194
498471195
498471196
498471197
498471198
498471199
498471200
498471201
498471202
498471203
498471204
498471205
498471206
498471207
498471208
498597910
498597911
498597912
498597913
498597914
498597915
498597916
498597917
498597918
498597919
498597920
498597921
498597922
498597923
498597924
498597925
498597926
498597927
498597928
498597929
498597930
498597931
498597932
498597933
498597934
498597935
498597936
498597937
498597938
498597939
498597940
498597941
498597942
498597943
498597944
498597945
498597946
498597947
498597948
498597949
498597950
498597951
498597952
498597953
498597954
498597955
498597957
498597958
498597959
498597960
498597961
498597962
498597963
498597964
498597965
498597966
498597967
498597968
498597970
498597972
498597975
498597977
498597978
498597980
498597983
498597985
498597988
498597991
498597994
498597996
498597999
498598001
498598007
498598009
498598011
498598014
498598016
498598018
498598021
498598023
498598026
498598028
498598031
498598032
498598033
498598034
498598035
498598036
498598037
498598038
498598039
498598040
498598041
498598042
498598043
498598044
498598045
498598046
498598047
498598048
498598049
498598050
498598051
498598052
498598053
498598054
498598055
498598056
498598057
498598058
498598059
498598060
498598061
498598062
498598063
498598064
498598065
498598066
498598067
498598068
498598069
498598070
498598072
498598074
498598075
498598076
498598077
498603165
498603166
498603167
498603168
498603169
498603170
498603171
498603172
498603173
498603174
498603175
498603176
498603177
498603178
498603179
498603190
498603191
498603194
498603195
498603196
498603197
498603198
498603199
498603200
498603201
498603202
498603203
498603204
498603206
498603208
498603215
498603216
498603217
498603218
498603219
498603220
498603221
498603222
498603223
498603224
498603225
498603226
498603227
498603228
498603229
498603230
498603231
498603232
498603234
498603236
498603237
498603238
498603239
498603240
498603241
498603242
498603243
498603244
498603245
498603246
498603247
498603248
498603249
498603250
498603251
498603252
498603253
498603254
498603255
498603256
498603257
498603263
498603264
498603265
498603267
498603268
498603270
498603271
498603274
498603275
498603276
498603277
498603278
498914064
498914065
498914066
498914067
498914068
498914069
498914070
498914072
498914073
498914074
498914076
498914078
498914079
498914080
498914081
498914086
498914089
498914090
498914091
498914093
498914096
498914097
498914098
498914099
498914100
498914101
498914102
498914104
498914106
498914108
498914111
498914113
498914114
498914115
498914116
498914117
498914118
498914119
498914120
498914121
498914122
498914123
498914124
498914125
498914126
498914127
498914128
498914129
498914130
498914131
498914132
498914133
498914134
498914135
498914136
498914137
498914138
498914139
498914140
498914141
498914142
498914143
498914144
498914145
498914146
498914147
498914148
498914149
498914150
498914151
498914152
498914153
498914154
498914155
498914156
498914157
498914158
498914159
498914160
498914161
498914162
498914163
498914164
498914165
498914167
498914168
498914169
498914170
498914171
498914172
498914173
498914174
498914175
498914176
498914177
498914178
498914179
499133766
499133767
499133768
499133769
499133770
499133771
499133772
499133773
499133774
499133775
499133776
499133777
499133778
499133779
499133780
499133781
499133782
499133783
499133785
499133787
499133790
499133792
499133793
499133795
499133796
499133797
499133798
499133799
499133800
499133801
499133802
499133803
499133804
499133805
499133806
499133807
499133808
499133809
499133810
499133811
499133814
499133816
499133817
499133818
499133819
499133820
499133821
499133822
499133823
499133824
499133825
499133826
499133827
499133828
499133829
499133830
499133831
499133832
499133833
499133834
499133835
499133836
499133837
499133838
499133839
499133840
499133841
499135799
499135800
499135801
499135802
499135803
499135804
499135805
499135806
499135807
499135808
499135809
499135810
499135811
499135812
499135813
499135814
499135815
499135816
499135817
499135818
499135819
499135820
499135821
499135822
499135823
499135824
499135825
499135826
499135827
499135828
499135829
499135830
499135831
499135832
499135834
499135837
499135838
499135839
499135840
499135841
499135842
499135843
499135844
499135845
499135846
499135847
499135848
499135849
499135850
499135851
499135852
499135853
499138481
499138482
499138483
499138484
499138485
499138486
499138487
499138488
499138489
499138490
499138492
499138493
499138494
499138495
499138496
499138497
499138498
499138499
499138500
499138501
499138502
499138503
499138504
499138505
499138506
499138507
499138508
499138509
499138510
499138511
499138512
499138513
499138514
499138515
499138516
499138517
499138518
499138519
499138520
499138521
499138522
499138523
499138524
499138525
499138526
499138527
499138528
499138529
499138530
499138531
499138532
499138533
499138534
499138535
499138536
499138537
499138538
499138539
499138540
499138541
499138542
499138543
499138544
499138545
499138546
499138547
499138548
499138549
499138550
499801397
499801398
499801399
499801400
499801401
499801402
499801403
499801404
499801405
499801406
499801407
499801408
499801409
499801410
499801411
499801412
499801413
499801414
499801415
499801416
499801417
499801418
499801419
499801420
499801421
499801422
499801423
499801424
499801425
499801426
499801427
499801428
499801429
499801430
499801431
499801432
499801433
499801434
499801435
499801437
499801439
499801441
499801443
499801445
499801447
499801449
499801451
499801452
499801454
499801456
499801458
499801460
499801462
499801464
499801466
499801468
499801469
499801471
499801473
499801474
499801475
499801477
499801478
499801479
499801482
499801485
499801488
499802409
499802410
499802413
499802414
499802416
499802418
499802419
499802421
499802424
499802427
499802429
499802431
499802433
499802435
499802437
499802439
499802441
499802442
499802444
499802446
499802448
500353902
500353903
500353904
500353905
500353906
500353907
500353908
500353909
500353910
500353911
500353912
500353913
500353914
500353915
500353916
500353917
500353918
500353919
500353921
500353922
500353923
500353924
500353925
500353926
500353927
500353928
500353929
500353930
500353931
500353932
500353933
500355285
500355287
500355288
500355289
500355290
500355291
500355292
500355293
500355294
500620585
500620587
500620589
500620592
500620594
500620597
500620599
500620602
500620604
500620606
500620609
500620611
500620613
500620615
500620617
500620620
500620622
500620625
500620627
500620629
500620631
500620633
500620637
500620641
500620645
500620649
500620653
500620656
500620658
500620660
500620662
500620664
500620666
500620668
500620671
500620673
500620675
500620677
500620679
500620681
500620684
500620686
500620688
500620691
500620693
500620695
500620698
500623793
500623794
500623797
500623799
500623801
500623804
500623807
500623809
501035354
501035355
501035356
501039353
501737058
501737059
501737060
501737061
501737062
501737063
501737064
501737065
501737066
501737067
501737068
501737069
501737070
501737071
501737072
501737073
501737074
501737075
501737076
501737077
501737078
501737079
501737080
501737081
501737082
501737083
501737084
501737085
501737086
501737087
501737089
501737090
501737091
501737092
501737093
501737094
501737095
501737096
501737097
501737098
501737099
501737100
501737107
501737108
501737114
501737115
501737116
501737117
501737118
501737119
501737120
501737122
501737123
501779600
501779601
501779602
501779603
501779604
501779605
501779606
501779607
501779608
501779609
501779610
501779611
501779612
501779615
501779617
501779619
501779621
501779623
501779626
501779628
501779630
501779632
501779634
501779637
501779641
501779643
501779645
501779648
501779650
501779653
501779655
501779657
501779660
501779662
501779666
501779669
501779674
501779677
501779680
501779682
501779684
501779687
501779689
501779692
501779694
501779696
501779699
501779701
501779703
501779705
501779708
501779711
501779715
501779724
501779726
501779728
501779731
501779734
501779736
501779738
501779739
501779740
501779741
501779742
501779743
501779744
501779745
501779746
501779747
501779748
501779749
501779750
501779751
501779752
501779753
501779754
501779755
501779756
501779757
501779758
501779759
501779760
501779761
501779762
501779763
501779764
501779765
501779766
501779767
501779768
501779769
501779770
501779771
501779772
501779773
501779774
501779775
501779776
501779777
501779778
501779779
501779780
501779781
501779782
501779783
501779784
501779785
501779786
501779787
501779788
501779789
501779790
501779791
501779792
501779793
501779794
501779795
501779796
501779797
501779798
501779799
501779800
501779801
501779802
501779803
501779804
501779805
501779806
501779807
501779808
501779809
501779810
501779811
501779812
501779813
501779814
501779815
501779816
501780821
501780822
502337311
502337314
502337315
502337318
502337320
502337327
502337329
502337332
502337334
502337336
502337338
502337340
502337342
502337345
502337346
502337347
502337348
502337349
502337350
502337351
502337352
502337353
502337354
502337355
502337356
502337357
502337358
502337359
502337360
502337361
502337362
502337363
502337364
502337365
502337366
502337367
502337368
502337369
502337370
502337371
502337372
502337373
502337374
502337375
502337376
502337377
502337378
502337379
502337380
502337381
502337382
502337383
502337384
502337385
502337386
502337387
502337388
502337389
502337391
502337392
502337393
502424287
502424288
502424289
502424290
502424291
502424292
502424293
502424294
502424295
502424296
502424297
502424298
502424299
502424300
502424301
502424302
502424303
502424304
502424305
502424306
502424307
502424308
502424309
502424310
502424311
502424312
502424313
502424314
502424315
502424316
502424317
502424318
502424319
502424320
502424321
502424322
502424323
502424324
502424325
502424326
502424327
502424328
502424329
502424330
502424331
502424332
502424333
502424334
502425199
502425200
502425201
502425202
502425203
502425204
502425205
502425206
502425207
502425208
502425209
502425210
502425211
502425212
502425213
502425214
502425215
502425216
502425217
502425218
502425219
502425220
502425221
502426377
502426378
502426379
502426380
502426381
502426382
502426383
502426384
502426385
502426386
502426387
502426388
502426389
502426390
502426391
502426392
502426393
502426394
502426395
502426396
502426397
502426398
502426399
502426400
502426401
502426402
502426403
502426404
502426405
502535719
502535721
502535725
502752470
502752471
502752472
502752473
502752474
502752475
502752476
502752477
502752478
502752479
502752480
502752481
502752482
502752483
502752484
502752485
502752486
502752487
502752488
502752489
502752490
502752491
502752492
502752493
502752494
502752495
502752496
502752497
502752498
502752499
502752500
502752501
502752502
502753626
502753627
502753630
502753632
502753634
502753637
502753640
502753641
502753644
502753645
502753646
502753647
502753649
502753650
502753651
502753652
502753654
502753656
502753657
502753659
502753660
502753661
502753663
502753664
502753666
502753667
502753669
502753670
502753672
502756742
502756743
502756744
502756749
502756750
502756751
502756752
502756753
502756754
502756755
502756757
502756760
502756764
502756767
502756770
502756775
502756778
502756783
502756787
502756790
502756792
502756796
502756797
502756799
502756803
502756805
502756808
502756809
502756810
502756811
502756812
502756813
502756814
502756815
502756816
502756817
502756818
502756819
502758674
502765070
502765071
502765072
502765073
502765074
502765075
502765076
502765077
502765079
502765087
502765088
502765092
502765095
502765097
502765098
502765099
502765100
502765101
502765102
502765103
502765104
502765105
502765106
502765107
502765108
502765119
502765120
502765131
502765132
502765133
502765134
502765135
502765136
502765137
502765144
502765146
502765148
502765150
502765152
502765153
502765155
502765159
502765164
502765165
502765166
502765167
502765168
502765169
502765171
502765176
502765177
502765178
502765182
502765186
503812432
507625143
507625144
507625145
507625146
507625147
507625148
507625149
507625150
507625151
507625152
507625153
507625154
507625155
507625156
507625157
507625158
507625159
507625161
507625162
507625163
507625164
507625165
507625166
507625167
507625168
507625169
507625170
507625171
507625172
507625173
507625174
507625175
507625176
507625177
507625178
507625179
507625180
507625181
507625182
507625183
507625184
507625185
507625186
507625187
507625188
507625189
507625190
507625191
507625192
507625193
507625194
507625195
507625196
507625197
507625198
507625199
507625200
507625201
507625202
507625203
507625204
507625205
507625206
507625207
507625208
507625209
507625210
507625211
507625212
507625213
507625214
507625215
507625216
507625217
507625218
507625219
507625220
507625221
507625222
507625223
507625224
507625225
507625226
507625227
507625228
507625229
507625230
507625231
507625232
507625233
507625234
507625235
507625236
507625237
507625238
507625244
507625245
507625246
507625247
507625248
507625249
507625250
507625251
507625252
507625253
507625254
507625255
507625256
507625257
507625258
507625259
507625260
507625261
507625262
507625263
507625264
507625265
507625266
507625267
507625268
507625269
507625270
507625271
507625272
507625274
507625276
507625277
507625279
507625281
507625283
507625285
507625287
507625289
507625291
507625293
507625295
507972870
507972873
507972876
507972879
507972882
507972885
507972887
507972890
507972893
507972896
507972899
507972902
507972906
507972909
507972913
507972916
507972918
507972919
507972920
507972922
508245587
508245588
508245589
508245591
508245592
508245594
508245595
508245597
508245598
508245599
508245601
508245602
508245604
508245605
508245606
508245608
508245609
508245610
508245612
508245613
508245615
508245617
508245618
508245620
508245621
508245622
508245624
508245662
508246393
508246395
508246398
508246400
508246418
508246892
508587559
508587560
508587561
508587562
508587563
508587564
508587566
508587567
508587568
508587569
508587570
508587571
508587572
508587573
508587574
508587575
508587576
508587577
508587579
508587580
508587581
508587582
508587583
508587584
508587585
508587586
508587590
508587594
508587595
508587596
508587597
508587598
508587599
508587600
508587601
508587603
508587604
508587605
508587606
508587607
508587608
508587609
508587611
508587613
508587615
508587617
508587618
508587619
508587620
508587621
508587622
508587623
508587624
508587625
508587626
508587627
508587628
508587629
508587630
508587631
508587632
508587633
508587634
508587635
508587636
508587637
508587638
508587639
508587640
508587641
508587642
508587643
508587644
508587645
508587646
508587647
508587648
508587649
508587650
508587651
508587652
508587653
508587654
508587655
508587656
508587657
508587658
508587659
508587660
508587661
508587662
508587663
508587664
508587665
508587666
508587669
508587670
508587671
508587672
508587673
508587674
508587675
508587676
508587678
508587679
508587681
508587682
508587683
508587685
508587687
508587689
508587690
508587691
508587692
508587693
508587694
508587695
508587696
508587697
508587698
508587699
508587700
508587701
508587703
508587704
508587705
508587706
508587707
508587708
508587709
508587710
508587711
508587712
508587713
508587714
508587715
508587716
508587717
508587718
508589272
508589273
508589282
508589283
508722508
508722510
508722513
508722514
508722515
508722516
508722518
508722519
508722520
508722521
508722522
508722523
508722532
508723093
508723096
508723101
508869121
508869122
508869123
508869125
508869128
508869133
508869136
508869137
508869138
508869139
508869141
508869142
508869144
508869145
508869146
508869149
508869152
508869157
508869158
508869160
508869161
508869164
508869165
508869166
508869169
508869171
508869172
508869173
508869174
508869175
508869176
508869183
508869184
508869186
508869190
508869191
508869192
508869194
508869297
508869298
508873889
508873890
508873891
508873892
508873893
508873894
508873896
508873898
508873899
508873900
508873901
508873902
508873903
508873904
508873905
508873906
508873909
508873910
508873911
508873912
508873914
508873915
508873916
508873917
508873918
508873919
508873920
508873921
508877235
508877236
508877237
508877238
508877239
508877240
508877241
508877242
508877243
508877244
508877245
508877247
508877248
508877249
508877250
508877251
508877252
508877254
508877255
508877256
508877257
508877258
508877259
508877260
508877261
508877262
508877263
508877264
508877265
508878407
508878409
508878412
508878414
508878417
508878419
508878421
508878423
508878425
508878429
508878431
508878433
508878435
508878437
508878439
508878442
508878444
508878446
508878448
508878450
508878453
508878454
508878455
508878456
508878457
508878458
508878459
508878460
508878461
508878462
508878463
508878464
509090413
509090416
509090417
509090419
509090420
509090422
509090424
509090425
509090427
509090429
509090430
509090432
509090434
509090436
509090437
509090439
509090440
509090442
509090444
509090445
509090447
509090448
509090450
509090452
509090453
509090455
509090456
509090458
509090460
509090462
509090463
509090467
509090471
509090473
509090475
509090476
509090478
509090479
509090481
509090483
509090485
509090486
509090488
509090489
509090491
509090492
509090494
509090496
509090497
509090500
509090502
509090503
509090505
509090507
509090508
509090510
509090511
509090513
509090515
509090517
509090518
509090520
509090521
509090523
509090525
509090526
509090528
509090529
509090531
509093559
509093560
509093561
509093562
509093563
509093564
509093565
509093566
509093567
509093568
509093569
509093570
509093571
509093572
509093573
509093574
509093575
509093576
509093577
509093578
509093579
509093580
509093581
509093582
509093583
509093584
509093585
509093586
509093587
509093588
509093589
509093590
509093591
509093592
509093593
509093594
509093595
509093596
509093597
509093598
509093599
509093600
509093601
509093602
509093603
509093604
509093605
509093606
509093607
509093608
509093609
509093610
509093611
509093612
509093613
509093614
509093615
509093616
509093617
509093618
509093619
509093620
509093621
509093622
509093623
509093624
509093625
509093626
509093627
509093628
509093629
509093630
509093631
509093632
509093633
509093634
509093635
509093636
509093637
509093638
509093639
509093640
509093641
509093642
509093643
509093644
509093645
509093646
509093647
509096677
509096678
509096679
509096680
509096681
509096682
509096683
509096684
509096685
509096686
509096687
509096688
509096689
509096690
509096691
509096692
509096693
509096694
509096695
509096696
509096697
509096698
509096699
509098352
509098353
509098354
509098355
509098356
509098357
509098358
509098359
509098360
509098361
509098362
509098363
509098364
509098365
509098366
509098367
509098368
509098369
509098370
509098371
509098372
509098373
509098374
509098375
509098376
509098377
509098378
509098379
509098380
509098381
509271636
509271649
509271651
509271653
509271656
509271671
509271673
509271675
509271678
509271680
509271682
509271684
509271686
509271689
509271691
509271693
509271696
509271698
509271700
509271703
509271705
509271709
509271711
509271712
509271713
509271714
509271715
509271716
509271717
509271721
509271722
509271723
509271724
509271725
509271726
509271727
509271728
509271729
509271730
509271731
509271732
509271733
509271734
509271735
509271736
509271737
509271738
509271739
509271740
509271741
509271742
509271743
509271744
509271746
509271747
509271748
509271749
509271750
509271751
509271752
509271753
509271754
509271755
509271756
509271759
509271760
509271762
509271763
509271764
509271766
509271767
509271769
509271770
509271771
509271774
509271775
509271777
509271778
509271779
509271780
509271782
509271784
509275042
509275051
509275052
509275060
509275061
509275062
509275063
509275064
509275065
509275066
509275067
509275068
509275069
509275084
509275087
509275088
509276423
509276432
509276433
509276437
509276438
509276439
509276440
509276441
509276442
509276443
509276444
509276445
509276446
509276447
509276448
509276449
509276450
509276451
509276452
509276453
509276454
509276455
509276978
509276979
509276980
509276981
509276982
509276983
509276984
509276985
509276986
509276989
509278983
509278984
509278985
509278986
509282456
509762631
509762632
509762633
509762634
509762635
509762636
509762637
509762638
509762639
509762641
509762642
509762643
509762644
509762645
509762646
509762647
509762648
509762649
509762650
509762651
509762652
509762653
509762654
509762655
509762656
509762657
509762658
509762659
509762660
509762661
509762662
509762663
509762664
509762665
509762666
509762667
509762669
509762672
509762673
509762674
509762675
509762676
509762677
509762678
509762679
509762680
509762681
509762682
509762683
509762684
509762685
509762686
509762687
509762688
509762689
509762690
509762691
509762692
509762693
510373659
510373660
510373661
511010251
511010252
511010253
511017509
511017527
511017528
511017529
511017531
511017535
511017536
511017538
511017539
511017540
511017541
511017542
511017543
511017544
511017546
511017548
511017551
511017553
511017554
511017555
511017556
511017558
511017560
511017562
511017567
511017569
511017571
511017578
511017585
511017589
511017605
511017608
511017613
511017617
511017620
511017625
511017640
511019162
511019164
511019165
511019166
511019167
511019175
511019674
511019679
511019681
511022974
511022975
511022976
511022977
511022978
511022979
511022980
511022981
511022982
511022983
511022984
511022986
511022987
511022988
511022989
511022990
511022992
511022993
511022994
511022995
511022999
511023000
511023001
511023002
511023247
511023248
511023729
511023730
511023731
511023733
511023734
511024967
511024972
511024973
511024976
511024981
511024982
511024983
511025423
511035219
511035220
511035224
511035225
511035227
511035238
511035240
511035242
511035244
511077027
511077028
511077029
511077030
511077031
511077032
511077033
511077034
511077035
511077036
511077037
511077038
511077039
511077040
511077041
511077042
511077043
511077044
511077045
511077046
511077047
511077048
511077049
511077050
511077051
511077052
511077053
511077054
511077055
511077056
511077057
511077059
511077060
511077061
511077062
511077063
511077064
511077065
511077070
511077071
511077072
511077073
511077074
511077075
511077076
511077077
511077078
511077079
511077080
511077081
511077082
511077083
511077084
511077085
511077087
511077088
511077089
511077092
511077093
511077094
511077095
511077096
511077097
511077098
511077099
511077100
511077101
511077102
511077103
511077104
511077105
511077106
511077107
511077108
511077109
511077110
511077112
511077114
511077117
511077119
511077122
511077124
511077127
511077128
511077129
511077130
511077131
511077132
511077133
511077134
511077135
511077136
511077137
511077138
511077139
511077140
511077141
511079659
511079660
511079661
511079662
511079663
511079664
511079665
511079666
511079667
511079668
511079669
511079670
511079671
511079672
511079675
511079676
511079677
511079678
511079681
511079682
511079683
511079684
511079685
511079686
511079688
511079689
511079690
511079691
511079692
511079693
511079694
511079695
511079696
511079697
511079698
511079699
511079700
511079701
511079702
511079703
511081168
511081169
511081170
511081171
511081172
511081173
511081174
511081175
511081176
511081177
511081179
511081180
511081181
511636192
511636193
511636194
511636195
511636196
511636197
511636198
511636199
511636200
511636201
511636202
511636203
511636204
511636205
511636206
511636207
511636208
511636210
511636211
511636212
511636215
511636224
511636226
511636228
511636230
511636235
511636237
511636239
511636244
511636252
511636253
511636254
511636255
511636256
511636257
511636258
511636259
511636260
511636268
511636269
511636270
511636273
511636274
511636275
511636276
511637911
511637915
511637918
511637920
511637921
511637922
511637923
511637924
511637925
511637926
511637927
511637928
511637929
511637931
511637933
511637934
511637936
511637937
511637938
511637939
511637940
511637941
511637942
511637943
511637944
511637945
511637946
511637947
511637949
511637950
511637953
511637956
511637957
511637958
511644084
511644105
511644117
511644118
511644121
511644125
511644127
511644129
511644140
511644144
511644169
511644173
511644176
511644179
511644183
511644187
511644190
511644194
511644198
511644213
511644217
511644222
511644225
511644228
511644230
511644243
511644245
511644248
511644249
511644250
511644251
511644252
511644253
511644254
511644258
511644259
511644263
511644264
511644265
511644266
511644269
511644270
511644271
511644272
511644275
511644277
511644280
511644283
511644287
511644290
511644295
511644298
511644300
511644302
511644305
511644307
511644314
511644317
511644319
511721737
511721745
511721749
511721756
511721759
511721761
511721764
511721766
511721768
511721771
511721773
511721776
511721778
511721780
511721782
511721784
511721789
511721791
511721796
511721798
511721800
511721803
511721805
511721807
511721810
511721812
511721813
511721815
511721818
511721820
511721825
511721841
511721844
511721846
511721847
511721848
511721849
511721850
511721851
511721852
511721853
511721854
511721859
511721860
511721861
511721862
511721866
511721867
511721868
511721869
511721870
511721871
511721872
511721873
511721874
511721875
511721876
511721878
511721880
511721881
511721882
511721883
511721884
511721887
511721888
511721889
511721892
511721893
511721897
511721898
511721904
511721905
511721906
511721909
511721910
511721911
511721912
511721913
511721914
511721915
511770316
511770317
511770318
511770319
511770325
511770326
511770327
511770328
511770329
511770330
511770332
511770333
511770334
511770335
511770338
511770339
511770340
511770341
511770342
511770343
511770344
511770345
511770346
511770347
511770348
511770349
511770350
511770351
511770352
511770353
511770354
511770355
511770356
511770357
511770358
511770359
511770360
511770361
511770362
511771712
511771713
511771714
511771719
511771720
511771722
511771723
511771726
511771727
511771728
511771747
511771753
511771754
511771757
511772441
511772442
511772443
511772446
511772451
511772953
511772954
511772955
511772956
511772957
511772958
511772959
511772960
511772961
511772962
511772963
511772964
511772965
511776518
511776521
511776523
511776525
511776527
511776529
511776531
511776534
511776535
511776537
511776539
511776541
511776543
511776545
511776546
511776549
511776551
511776553
511776555
511776557
511776560
511776562
511776564
511776565
511776567
511776570
511776572
511776574
511776576
511776577
511776580
511776583
511776586
511776589
511776592
511776597
511776601
511776604
511776607
511776611
511776613
511776614
511776615
511776616
511776619
511776620
511776621
511776622
511776623
511776624
511776627
511776629
511776630
511776632
511776633
511776634
511776635
511776636
511776637
511776638
511776639
511776640
511776641
511776642
511776643
511776644
511776645
511776646
511776647
511776648
511776649
511776650
511776651
511776652
511776653
511776654
511776655
511776656
511776657
511776658
511802758
511802759
511802760
511802761
511802762
511802763
511802764
511802765
511802766
511802767
511802768
511802769
511802770
511802771
511802772
511802773
511802774
511802775
511802776
511802777
511802778
511802780
511802781
511802782
511802783
511802784
511802785
511802786
511802787
511802788
511802790
511802791
511802792
511802793
511802794
511802795
511802796
511802797
511802798
511802799
511802800
511802801
511802802
511802803
511802805
511802806
511802807
511802808
511802809
511802810
511802811
511802812
511802813
511802814
511802815
511802816
511802817
511802818
511802819
511802820
511802821
511802822
511802823
511802824
511802825
511802826
511802827
511802828
511802829
511802830
511802831
511802832
511802833
511802834
511802837
511802838
511802839
511802840
511802841
511802842
511802843
511802844
511802845
511802846
511802847
511802848
511802849
511802852
511802853
511802854
511802855
511802856
511802857
511802858
511802859
511802860
511802861
511802862
511802863
511802864
511802865
511802866
511802867
511802868
511802869
511802870
511805971
511805972
511805973
511805974
511805975
511805976
511805977
511805978
511805979
511805980
511805981
511805982
511805983
511805984
511805985
511805986
511805987
511805988
511805989
511805990
511805991
511805992
511805993
511805994
511805995
511805996
511805997
511805998
511805999
511806000
511806002
511806003
511806005
511812418
511812419
511812423
511812424
511812426
511812427
511812428
511812429
511812430
511812432
511812433
511812434
511812435
511812437
511812438
511812439
511812440
511812441
511812442
511812444
511812445
511812446
511812448
511812449
511812451
511812452
511812453
511812454
511812456
511812457
511812459
511812461
511812462
511812463
511812464
511812465
511812466
511812468
511812469
511812470
511812471
511812473
511812475
511812476
511812478
511812479
511812480
511812481
511812482
511812484
511812485
511812486
511812487
511812488
511812490
511812491
511812492
511812495
511812496
511812497
511812499
511812500
511812503
511812505
511812507
511812509
511812512
511812515
511812517
511812519
511812522
511812525
511812526
511812527
511812528
511812529
511812530
511812532
511812533
511812534
511812535
511812536
511812537
511812539
511812540
511812541
511812542
511812543
511812545
511812546
511812547
511812548
511812549
511812551
511812552
511812553
511812554
511812555
511812557
511812558
511812559
511812560
511812561
511812563
511812564
511812565
511812567
511812568
511812571
511812573
511812575
511812577
511812579
511812581
511812582
511812584
511812586
511812588
511812591
511812593
511812595
511812596
511812598
511812599
511812601
511812602
511812603
511812604
511812606
511812607
511812608
511812609
511812610
511812613
511812614
511812615
511812616
511812617
511812619
511812620
511812621
511813463
511813464
511813471
511813474
511813476
511813477
511813478
511813480
511813481
511813482
512198299
512198300
512198301
512198302
512198303
512198308
512198311
512198312
512198323
512198324
512198325
512198326
512198328
512198329
512198333
512198348
512198349
512198350
512198351
512198352
512198353
512198355
512198362
512198363
512198368
512198370
512198372
512198378
512203329
512203330
512203335
512203336
512203339
512203340
512203341
512203342
512203343
512203349
512203352
512203353
512203354
512203355
512203356
512203357
512203359
512203360
512203374
512203376
512203379
512203382
512203385
512203387
512203390
512203400
512203413
512203416
512203418
512203427
512203431
512203440
512203442
512203444
512203446
512203447
512203449
512203450
512203451
512203452
512203453
512203461
512203462
512203475
512203476
512203484
512203485
512203486
512203489
512203491
512203493
512203494
512203495
512203496
512203497
512203498
512348564
512348567
512348568
512348577
512348578
512348579
512348580
512348581
512348582
512348583
512348584
512348585
512348588
512348590
512348593
512348595
512348597
512348598
512348599
512348600
512348601
512348602
512348603
512348605
512348606
512348607
512348608
512348609
512348610
512348611
512348612
512348613
512348614
512348615
512348616
512348617
512348618
512348619
512348620
512348621
512348622
512348623
512348624
512348625
512348626
512348627
512348628
512348629
512348630
512348631
512348632
512348633
512348634
512348635
512348636
512348637
512348638
512348639
512348642
512348644
512348645
512348646
512348647
512348648
512348649
512348662
512348663
512348676
512348680
512348681
512348682
512348684
512348685
512348686
512348687
512348688
512348689
512348690
512348694
512348695
512348696
512348699
512348700
512348701
512348702
512348703
512348704
512348705
512348706
512348707
512348708
512348709
512348710
512348712
512348713
512348714
512348715
512348716
512348717
512348718
512348719
512348720
512348721
512348722
512348723
512348724
512348725
512348726
512348727
512348728
512348729
512348730
512348731
512348732
512348733
512348734
512348735
512348736
512348737
512348738
512348739
512348740
512348741
512348742
512348743
512348744
512348745
512348746
512348748
512348751
512348752
512348753
512348754
512348755
512348756
512348757
512348758
512348759
512348760
512348761
512348762
512348763
512348764
512348765
512348766
512348767
512348768
512348769
512348771
512348772
512348773
512348774
512348775
512348776
512348777
512348778
512348779
512348780
512348781
512348782
512348783
512348784
512348785
512348786
512348787
512348788
512348789
512348790
512348791
512348792
512348793
512348794
512348795
512348796
512348797
512349325
512475257
512475258
512475259
512475260
512475261
512475262
512475263
512475264
512475265
512475267
512475268
512475270
512475288
512475289
512475290
512475291
512475292
512475293
512475294
512475295
512475296
512475297
512475299
512475301
512475302
512475303
512475304
512475305
512475306
512475308
512475311
512475312
512475313
512475314
512475315
512475316
512475317
512475318
512475319
512475320
512475321
512475322
512475323
512475324
512475342
512475343
512475346
512475347
512475348
512475354
512475360
512475361
512475362
512475367
512475369
512475374
512475376
512475379
512475393
512477991
512477992
512477994
512477998
512477999
512478000
512478001
512478002
512478004
512506356
512506358
512506359
512506360
512506362
512506366
512506367
512506368
512506369
512506370
512506371
512506372
512518393
512523130
512523131
512523132
512523135
512523146
512523150
512523155
512523162
512523163
512523167
512523168
512523169
512523170
512523171
512523172
512523173
512523174
512902840
512902841
512902842
512902843
513562834
513562835
513562836
513562837
513562838
513562839
513562840
513562841
513562842
513574659
513574660
513574671
513574673
513574674
513574680
513574681
513574682
513574683
513574684
513574690
513574691
513574692
513574693
513574694
513574695
513574696
513574697
513574698
513574699
513574700
513574701
513574710
513574711
513574712
513574713
513574714
513574715
513575946
513575958
513575959
513585693
513585694
513585695
513585696
513585697
513585698
513585699
513585700
513585701
513585704
513585705
513585713
513585715
513585716
513585717
513585718
513585719
513585720
513585723
513585724
513585725
513585726
513585727
513585728
513585729
513585730
513585731
513585732
513585733
513585734
513585735
513585736
513585737
513585738
513585739
513585740
513585743
513585744
513585745
513585746
513585747
513585748
513585749
513585760
513585761
513585762
513585763
513585764
513585765
513585766
513585767
513585768
513585769
513585770
513585777
513585779
513585780
513585791
513585792
513585793
513588907
513588910
513588913
513588917
513588919
513598677
513598678
513598679
513598681
513598683
513598686
513598688
513598690
513598693
513598695
513598698
513598700
513598703
513598705
513598708
513598710
513598713
513598715
513598718
513598720
513598722
513598725
513598727
513598730
513598732
513598734
513598737
513598740
513598743
513598745
513598748
513598750
513598752
513598755
513598757
513598759
513598761
513598763
513807368
513807369
513807370
513807371
513807372
513807373
513807374
513807375
513807376
513807377
513807378
513807380
513807383
513807384
513807385
513807386
513807387
513807388
513807389
513807390
513807391
513807392
513807393
513807394
513807395
513807396
513807397
513807398
513807399
513807400
513807401
513807402
513807403
513807404
513807405
513807406
513807407
513807408
513807409
513807410
513807411
513807412
513807413
513807414
513807415
513807416
513807417
513807418
513807419
513807420
513807421
513807422
513807423
513807428
513807429
513807430
513807438
513807439
513807440
513807441
513807442
513807443
513807444
513807445
513807461
513807462
513807463
513807464
513807465
513807466
513807467
513807468
513807469
513807470
513807471
513807472
513807473
513807474
513807475
513807476
513807477
513807478
513807479
513807480
513807481
513807482
513807483
513807484
513807485
513807486
513807487
513807488
513807489
513807490
513807491
513807492
513807493
513807494
513807495
513807496
513807497
513807498
513807499
513807500
513807501
513807502
513807503
513807504
513807505
513807506
513807507
513807508
513807509
513807510
513807511
513807512
513807513
513807514
514801723
514801728
514801729
514801730
514801732
514801733
514801736
514801737
514801738
514801739
514801740
516022646
516022655
516022660
516022680
516022683
516022685
516022696
516022702
516022703
516022704
516022709
516022710
516022711
516022712
516022713
516022718
516022722
516022723
516022724
516022725
516022726
516022728
516022737
516022743
516022744
516022753
516022764
516022772
516022773
516022774
516022775
516054474
516054476
516054503
516054504
516054505
516054506
516132608
516132628
516132687
516132689
516132710
516132727
516410722
516410723
516410724
516410725
516410726
516410727
516410728
516410731
516410732
516410735
516410736
516410746
516410747
516410749
516410750
516410751
516410752
516410753
516410755
516410759
516410760
516410765
516410766
516410781
516410783
516410784
516410785
516410786
516410787
516410801
516410802
516410804
516410806
516467152
516467153
516467154
516467155
516467156
516467157
516467158
516467159
516467160
516467161
516467162
516467163
516467164
516467165
516467166
516467167
516467168
516467169
516467170
516467171
516467172
516467173
516467180
517392325
517392326
517392327
517392328
517392329
517392330
517392331
517392332
517392333
517392334
517392335
517392336
517392337
517392354
517392355
517392356
517392361
517392369
517392372
517392373
517392374
517392376
517392378
517392379
517392381
517392382
517392383
517392384
517392385
517392386
517392387
517392388
517392389
517392390
517392391
517392392
517392393
517392428
517392431
517392432
517392455
517392460
517392461
517392462
517392470
517392471
517397903
517397904
517397972
517397973
517397974
517397975
517397976
517397977
517397978
517397979
517397980
517397981
517397982
517397983
517397984
517397985
517397986
517397987
517397988
517397989
517397990
517397991
517397992
517397993
517397994
517397995
517397996
517397997
517397998
517397999
517401316
517401317
517401318
517401327
517401338
517401339
517401350
517924106
517924116
517924117
517924118
517924124
517924131
517924132
517924134
517924136
517924138
517924140
517924142
517992126
517992127
517992129
517992130
517992132
517992133
517992139
517992140
517992141
517992142
517992143
517992144
517992145
517992147
517992148
517992149
517992150
518490718
518490719
518490720
518490721
518490733
518490739
518490740
518490742
518490743
518490755
518490756
518490757
518490758
518490759
518490760
518490761
518490762
518490766
518490770
518490771
518490772
518490773
518490774
518490775
518490777
518490780
518490784
518490788
518490790
518490802
518490807
518490809
518490810
518490812
518494663
518494672
518494673
518494674
518494675
518494676
518494677
518494678
518494679
518494680
518494681
518494682
518494683
518494684
518494685
518494686
518494687
518494688
518494689
518494690
518494691
518494692
518494693
518494694
518494695
518494696
518494697
518494698
518494699
518494700
518494701
518494702
518494721
518494722
518494723
518494724
518494725
518494726
518494727
518494728
518494730
518494731
518494732
518494733
518494734
518494735
518494736
518494737
518494738
518494739
518494740
518494741
518494742
518494743
518494744
518494745
518494746
518494753
518494759
518494770
518494775
518494778
518494780
518494781
518494785
518494787
518494789
518494790
518494794
518494796
518494805
518494806
518494808
518494809
518494811
518494813
518494814
518494816
518494817
518494819
518494821
518494822
518494824
518494825
518494826
518494827
518494828
518494830
518494847
518494848
518494849
518494850
518494851
518494852
518494853
518494854
518494855
518494856
518494857
518494858
518494859
518494860
518494861
518494862
518494863
518494864
518494865
518494866
518494867
518494868
518494869
518494878
518494880
518494881
518494882
518494883
518494884
518494885
518494886
518494892
518494893
518494898
518494899
518494913
518494928
518495313
518495314
518495315
519355126
519355127
519355131
519355132
519355133
519355134
519355136
519355137
519355138
519355139
519355151
519355155
519355156
519355157
519355158
519355159
519355161
519355167
519355168
519355175
519355176
519355177
519355178
519355179
519355180
519355181
519355182
519355183
519355184
519355189
519355192
519355193
519355194
519355202
519355206
519355229
519356705
519356709
519679102
519679103
519679104
519679105
519679106
519679107
519679108
519679109
519679110
519679111
519679112
519679113
519679114
519679115
519679116
519679117
519679118
519679119
519679120
519679121
519679122
519679123
519679124
519679125
519679126
519679127
519679128
519679129
519679130
519679131
519679132
519679133
519679134
519679135
519679136
519679137
519679138
519679139
519679140
519679141
519679142
519679143
519679144
519679145
519679146
519679147
519679148
519679149
519679150
519679151
519679152
519679153
519679154
519679155
519679156
519679157
519679158
519679159
519679160
519679161
519679162
519679163
519679164
519679165
519679176
519679189
519679190
519679191
519679192
519679193
519679194
519679195
519679196
519679197
519679198
519679199
519679200
519679201
519679202
519679203
519679204
519679206
519679207
519679208
519679209
519679210
519679211
519844575
519844576
519844577
519844578
519844579
519844580
519844581
519844582
519844583
519844584
519844585
519844586
519844587
519844588
519844589
519844590
519844591
519844592
519844593
519844594
519844595
519844597
519844598
519844599
519844600
519844601
519844602
519844603
519844604
519844605
519844606
519844607
519844608
519844609
519844610
519844611
519844612
519844613
519844614
519844615
519844616
519844617
519844618
519844619
519844620
519844621
519844622
519844623
519844624
519844625
519844626
519844627
519844628
519844629
519850045
519850046
519850047
519850048
519850049
519850051
519850052
519850053
519850054
519850055
519850056
519850057
519850058
519850059
519850070
519850085
519850086
519850090
519850091
519850092
519850093
519850094
519850095
519850096
519850097
519850098
519850099
519850100
519850101
519850102
519850103
519850104
519852247
519852250
519852251
519852252
519852253
519852254
519852255
519852257
519852258
519852259
519852261
519852262
519852263
519852265
519852266
519852267
519852268
519852270
519852279
519857997
519858000
519858002
519858005
519858007
519858011
519858017
519858021
519858024
519858027
519858030
519858032
519858035
519858037
519858040
519858042
519858045
519858047
519858050
519858052
519858054
519858056
519858058
519858061
519858063
519858066
519858069
519858071
519858075
519863225
519863226
519863227
519863229
519863231
519863232
519863233
519940954
519940955
519940957
519940958
519940959
519940960
519940961
519940971
519940972
519940973
519940974
519940976
519940977
519940978
519940981
519940982
519940983
519940985
519940986
519940987
519940988
519940991
519940992
519940993
519940995
519940996
519940998
519940999
519941010
519941012
519941013
519941014
519941016
519941017
519941018
519941020
519941021
519941022
519941024
519941029
519941038
519941043
519941046
519941076
519941094
519941102
519941103
519941104
519941105
519941106
519941107
519947110
519947111
519947123
519947124
519947125
519947126
519947127
519947128
519947129
519947130
519947131
519947132
519947133
519947134
519947139
519947140
519947141
519947142
519947143
519947144
519947145
519947146
519947147
519947148
519947149
519947151
519947153
519947155
519947159
519947162
519947186
519947189
519947191
519947194
519947198
519947200
519947203
519947206
519947217
519947222
520204919
520204920
520204921
520204922
520204923
520204924
520204925
520204927
520204928
520204929
520204930
520204931
520204933
520204934
520204935
520204936
520204937
520204938
520204939
520204940
520204941
520204942
520204943
520204944
520204945
520204946
520204947
520204948
520204949
520204950
520204951
520204952
520204953
520204954
520204955
520204956
520204957
520204958
520204959
520204960
520204961
520204962
520204963
520204964
520204965
520204966
520204967
520204968
520204969
520204970
520204971
520204972
520204973
520204974
520204975
520204976
520204977
520204978
520204979
520204981
520204982
520204983
520204984
520204985
520204986
520204987
520204988
520204989
520204991
520204993
520204994
520204995
520204997
520204999
520205002
520205005
520205008
520205015
520205026
520205028
520205030
520205032
520205034
520205037
520205039
520205041
520205043
520205045
520205047
520205049
520205050
520205051
520205052
520205054
520205055
520205056
520205058
520205061
520205063
520205066
520205068
520205070
520205073
520205075
520205077
520205080
520205082
520205085
520205087
520205090
520205092
520205094
520205097
520205099
520205101
520205104
520205106
520205108
520205111
520205118
520205121
520205123
520205126
520205128
520205130
520205148
520206464
520206465
520206466
520206467
520206468
520206469
520206470
520206471
520206472
520206473
520206474
520206475
520206476
520206477
520206478
520206479
520206480
520206481
520206482
520206483
520206484
520206485
520206486
520206487
520206488
520206489
520206490
520206491
520206493
520206495
520206496
520206497
520206498
520206499
520206500
520206502
520209483
520209486
520209498
520209499
520209500
520209501
520209502
520209503
520209504
520209505
520209506
520209507
520209508
520209509
520209510
520209511
520209512
520209513
520209514
520209515
520209516
520209517
520209518
520209519
520209520
520209521
520209522
520209523
520209524
520209525
520209526
520209527
520209528
520209529
520209530
520209531
520209532
520209533
520209534
520209535
520209536
520209537
520209538
520209539
520209540
520210476
520210477
520210478
520210479
520210480
520210481
520210482
520210483
520210484
520210485
520210486
520210487
520210488
520210489
520210490
520210491
520210492
520210493
520210494
520210495
520210496
520210497
520210498
520210499
520210500
520210501
520210502
520210503
520210504
520210505
520210506
520210507
520210508
520210509
520210510
520210511
520210512
520210513
520215293
520215307
520215308
520215309
520215310
520215311
520215312
520215320
520215321
520215325
520215327
524173856
525765943
526177114
526390432
526566677
526812842
526812843
526812844
526812846
526812847
526812848
526812849
526812850
526812851
526812852
526812853
526812854
526812855
526812856
526812857
526812858
526812859
526812860
526812861
526812862
526812863
526812864
526815551
526815552
526815553
526815554
526815555
526815556
526815557
526815558
526815560
526815561
526815562
526815563
526815564
526815565
526815567
526815568
526815569
526815570
526815571
526815572
526815573
526815574
526815575
526815576
526817879
526817880
526817881
526817882
526817883
526817884
526817885
526817886
526817887
526817888
526817889
526817890
526817891
526817892
526817893
526852519
527495779
527495782
527495784
527495787
527495789
527495791
527495794
527495796
527495799
527495801
527495804
527495805
527495806
527495807
527495808
527495809
527495810
527495811
527495812
527495814
527495817
527495819
527495821
527495822
527495823
527495824
527495825
527495826
527495827
527495828
527495829
527495831
527495832
527495833
527495834
527495835
527495836
527495837
527495838
527495839
527495840
527495841
527495842
527495843
527495844
527495845
527498551
527498552
527498553
527498554
527498555
527498556
527498557
527498559
527498560
527498561
527498562
527498563
527498564
527498565
527498566
527498567
527498568
527498569
527498570
527498571
527498573
527498575
527498576
527498577
527498579
527500851
527500852
527500853
527500854
527500855
527500856
527500857
527500858
527500859
527500860
527500861
527515302
527765859
527859641
527859642
527859643
527859644
527859645
527859646
527859647
527859648
527859649
527859650
527859651
527859652
527859653
527859654
527859655
527859656
527859657
527859658
527859659
527859660
527859661
527859662
527859663
527859664
527859665
527859666
527859668
527864683
527864685
527864687
527864688
527864690
527864692
527864693
527864695
527864697
527864699
527864701
527864703
527864705
527864707
527864708
527864710
527864712
527864713
527864715
527864717
527864719
527864720
527864722
527864724
527864728
527864730
527864732
527864735
527864737
527864738
527864741
527867621
527867641
527900792
527900795
527900796
527900804
527900805
527900806
527900807
527900808
527900821
527901961
527901962
527903799
527903801
527904890
527904891
527904892
527904893
527904894
527904895
527904896
527904897
527904900
527904903
527904904
527904905
527904906
527904907
527904909
527906761
527906766
527906767
527906768
527906769
527906770
527906771
527906772
527906773
527906775
527906777
527907783
527907784
527907786
527907789
527907791
527907792
527907795
527907797
527907798
527907799
527907800
527907801
527907802
527907803
527907804
527907805
527907806
527907807
527907808
527907809
527907810
527907811
527907812
527907813
527907814
527907816
527910113
527910115
527910116
527910121
527910124
527910127
527910131
527910134
527910137
527910139
527910142
527910144
527910146
527910149
527910151
527910153
527910155
527910158
527910160
527910163
527910165
527910167
527910172
527910174
527910178
527910182
527910988
527910992
527910994
527910997
527910999
527911000
527911001
527911002
527911003
527911004
527911005
527912990
527912991
528146037
528306683
528306685
528306688
528306690
528306693
528306695
528306697
528306700
528306703
528306706
528306708
528306711
528306713
528306715
528306717
528306720
528306722
528306724
528306727
528306729
528306731
528306734
528306736
528306738
528306740
528306743
528306745
528306747
528306749
528306752
528306754
528306756
528306759
528306761
528306764
528306766
528306768
528306770
528306772
528306774
528306777
528306778
528306780
528306782
528306784
528306786
528306788
528306791
528306793
528306795
528306796
528306798
528306800
528306801
528306802
528306804
528306806
528306810
528306813
528306815
528306817
528306818
528306819
528306820
528306821
528306822
528306823
528306824
528306825
528306826
528306827
528306828
528306829
528306830
528306831
528306832
528306833
528306834
528306835
528308818
528308820
528308823
528308825
528308827
528308828
528308829
528308830
528308831
528308832
528308833
528308834
528308835
528308836
528308837
528308838
528308839
528308840
528308841
528308842
528308843
528308844
528308845
528308846
528308847
528308849
528308850
528308851
528308858
528308859
528310267
528310271
528310272
528310273
528310274
528310275
528310276
528310277
528310278
528310279
528310282
528310283
528310284
528310285
528310288
528328547
528328548
528328549
528328550
528328551
528328552
528328553
528328554
528328555
528328556
528328579
528328580
528328581
528328582
528328583
528328598
528328599
528328600
528328601
528328602
528328604
528328605
528328606
528328607
528328608
528328613
528328614
528328615
528328616
528328617
528328618
528328619
528328620
528328621
528328622
528328629
528328630
528328631
528328632
528328633
528328634
528328635
528328636
528328637
528328638
528328639
528328640
528328641
528328642
528328643
528328644
528328645
528328646
528328648
528328650
528328651
528328652
528328653
528328654
528328655
528328656
528328657
528328658
528328659
528328660
528328661
528328662
528328663
528328664
528328665
528328666
528328667
528328668
528328669
528328670
528328671
528328672
528667842
528667843
528667845
528667846
528667848
528667849
528667850
528667851
528667852
528667853
528667854
528667855
528667856
528667857
528667858
528667859
528667860
528667861
528667862
528667863
528667864
528667865
528667866
528667867
528667868
528667869
528676891
528676892
528676893
528676894
528676895
528676896
528676897
528676898
528676900
528676901
528676902
528676903
528676904
528676905
528676906
528676907
528676908
528676909
528676910
528676914
528676915
528680764
528680768
528680769
528680770
528680781
528680782
528680783
528680784
528680785
528680786
528680787
528680788
528680789
528680790
528680791
528682708
528682709
528682710
528682711
528682712
528682713
528682714
528682715
528682716
528682717
528682718
528682719
528682720
528682721
528682722
528682723
528682724
528682725
528682726
528682727
528682728
528682729
528682730
528682731
528682732
528682733
528682734
528682735
528682736
528699572
528699574
528699575
528699576
528699577
528699578
528699579
528699580
528756727
528756730
528756731
528756733
528756735
528756736
528756737
528756738
528756739
528756740
528756741
528756742
528757431
528757433
528757435
528757439
528757441
528757444
528757446
528757449
528757451
528757453
528757460
528757462
528757464
529377059
529377062
529377063
529377064
529377065
529377066
529377073
529377075
529377098
529377108
529377109
529377110
529377112
529377126
529377127
529377156
529377157
529377163
529386369
529386370
529386371
529386372
529386373
529386375
529386376
529386377
529386380
529386382
529386386
529386388
529386389
529386390
529386392
529386393
529386394
529386395
529386397
529386414
529386415
529386418
529386422
529386423
529386424
529386427
529386429
529386430
529386433
529386434
529386436
529480013
529480018
529480019
529480020
529480021
529480022
529480023
529480024
529480025
529480026
529480032
529480036
529480057
529480066
529480067
529480068
529480069
529480103
529480104
529482897
529482898
529482899
529482900
529482902
529482911
529482912
529482913
529482914
529482915
529482916
529482917
529482918
529482919
529482920
529482921
529482922
529482923
529482924
529482925
529482926
529482934
529482968
529482969
529482970
529486368
529486370
529486373
529486375
529486384
529486385
529486386
529486395
529492789
529492801
529492817
529492818
529492839
529713368
529713375
529713384
529713389
529713396
529713405
529713406
529713414
529713418
529713420
529713421
529713422
529713423
529713425
529713426
529713910
529713911
529713914
529928729
531619780
531619798
531619800
531619808
531619810
531619812
531619817
531619820
531619836
531619857
531619868
531619877
531619878
531619879
531619881
531619882
531619886
531619887
531629764
531629765
531629766
531629767
531629768
531629769
531629770
531629771
531629772
531629773
531629774
531629775
531629776
531629777
531629778
531629779
531629780
531629781
531629782
531629783
531629784
531629785
531629786
531629787
531629788
531629789
531629790
531629791
531629792
531629793
531629795
531629796
531629798
531629799
531629800
531629802
531629803
531629805
531629806
531629808
531629809
531629810
531629812
531629813
531629815
531629816
531629817
531629819
531629821
531629822
531629823
531629825
531629826
531629827
531629829
531629830
531629831
531629833
531629834
531629836
531629837
531629838
531629840
531629841
531629842
531629867
531630774
531630775
531630776
531630777
531630778
531630779
531630780
531630781
531632607
531632609
531632611
531632613
531632615
532421492
532421493
532421494
532421495
533207844
533207845
533207846
533207847
533207848
533207849
533207850
533207851
533207852
533207853
533207854
533207855
533207856
533207857
533207858
533207859
533207860
533207869
536711330
536711331
536711332
536711333
536711334
537730823
537730857
537730863
537730864
537734022
537734023
537734025
537734053
539329879
539329880
539331515
540030213
540030214
540030219
540030221
540030223
540030226
540030227
540030229
540077407
540077410
540077412
540077414
540077416
540077419
540077421
540077424
540077427
540077430
540077432
540077435
540077437
540077439
540077442
540077445
540077448
540077451
540077455
540077457
540077460
540077463
540077466
540077468
540077471
540077474
540077476
540077479
540078722
540078723
540078724
540078725
540078726
540078727
540078728
540078729
540078730
540078731
540515280
540515282
540515284
540515290
540518793
541581207
541581208
541581211
541581213
541581214
541599835
541599837
541599840
541599843
541599852
541599853
541599855
541599859
541599861
542962833
542962836
542962838
542962840
542962841
542962842
542962843
542962844
542962846
542962849
542962851
542962854
542962857
542962860
542962861
542962862
542962863
542962864
542962866
542962869
542962872
542962874
542962877
542962880
542962881
542962882
542962883
543406213
543406214
543504418
543743180
545194118
545194119
545194120
545194121
545194122
545194124
545194126
545194132
545194133
545194134
545194135
545194136
545194138
545194139
545194140
545194141
545194143
545194145
545194147
545194151
545194152
545194153
545194154
545194155
545194156
545194157
545194159
545194160
545194162
545194166
545194168
545194169
545194170
545194171
545194172
545194177
545194178
545194179
545194180
545194736
545194743
545194744
545194746
545196053
545198517
545198518
545198519
545198520
545198521
545198522
545198523
545198524
545198525
545198526
545198527
545198528
545198529
545198530
545198531
545198532
545198533
545198534
545198535
545198536
545198537
545198538
545198539
545198540
545198541
545477650
545477651
545477652
545477653
545477654
545477655
545477656
545477657
545477658
545477659
545477661
545477663
545477665
545477667
545477669
545477671
545477674
545477676
545477678
545477680
545477683
545477685
545477687
545477690
545477692
545477693
545477694
545477695
545477696
545477697
545477698
545477699
545477700
545477701
545477702
545477703
545477704
545477705
545477706
545477707
545477708
545477709
545477710
545477711
545477712
545477713
545478206
545478207
545478208
545478209
545478210
545478211
545478213
545478214
545478711
545479821
545479822
545479823
545479824
545479825
545479826
545479827
545479828
545479829
545479830
545479831
545479832
545479833
547477717
550257368
550257370
550257371
550257375
550257377
550257379
550257380
550257383
550257390
550257400
552376553
560332138
560332139
560544940
572666986
573656823
573658009
573658012
577090745
577090747
585774668
585774670
585774672
585774673
585774676
596409313
596409314
596409315
596409316
599069432
605575071
605575072
605575073
605575074
605575075
605575076
605575077
605575078
605575079
605575080
605575081
605575082
605575083
605575084
605575549
606230742
606235268
606235269
606235270
606235271
606235272
606238370
606238371
606238372
606238373
606238374
606238375
606238376
606238377
606239972
606239973
606239974
606239975
606239976
606239977
613619467
613645221
620530576
620530577
620678536
630380467
630380468
630380469
630380471
630380472
636760809
636760810
636760811
636760812
636760813
636760815
636760818
638943793
639668812
639668814
639668816
639668817
639668819
639668821
639668823
639668825
639668827
639668829
639668831
639668833
639668835
639668837
639668839
639668841
639668843
639668845
639668847
639668849
639668851
639668853
639668854
639668855
639668856
639668857
639668858
639668859
639668860
639668861
639668863
639668865
639668867
639668868
639668869
639668870
639668871
639668872
639668873
639668874
639668875
639668876
639668877
639668878
639668879
639668880
639668881
639668882
639668883
639668884
639668885
639668886
639668887
639668888
639668889
639668890
639668891
639668892
639668893
639668894
639668895
639668896
639668897
639668898
639668899
639668900
639668901
639668902
639668903
639668904
639668905
639668906
639668907
639668908
639668909
639668910
639668911
639668912
639668913
639668914
639668915
639668916
639668917
639668918
639668919
639668920
639668921
639668922
639668923
639668924
639668925
639668926
639668927
639668928
639668931
639668933
639668935
639668936
639668937
639668938
639668939
639668940
639668941
639668942
639668943
639668944
639668945
639668946
639668947
639668948
639668949
639668950
639668951
639668952
639668953
639668954
639668955
639668956
639668957
639668958
639668959
639668960
639668961
639668962
639668963
639668964
639668965
639668966
639668967
639668968
639668969
639668970
639668971
639668972
639668973
639668974
639668975
639668976
639668977
639668978
639668979
639668980
639668981
639668982
639668983
639668984
639668985
639668987
639668988
639668989
640206487
640206488
640206489
640206491
640206492
640208963
640208964
661621776
661621778
661621779
669596199
670237802
670237803
670237804
670237805
670237806
670237807
670357510
670418157
672524961
672803324
672803325
672803326
672803327
672803328
672803329
672830716
673168341
673168343
673168346
673168348
673168350
673168352
673173918
673173919
673176455
673176456
673176457
673176458
673176459
673268057
673268058
673268059
673268060
673268061
673268062
673268063
673536167
673536168
673536169
674584883
674584884
675163257
675163258
675163259
676150021
676150022
676150024
677563589
677563590
677563591
677590829
677590830
677590831
677590832
677590833
677727281
678902339
678902340
679202802
679203352
679203353
679924507
681305602
683081592
683088389
683088392
683860571
683860572
683860573
683860574
683860575
683860576
683860577
683860578
683860579
683860580
683860581
683860582
683860583
683860584
683860585
683860586
683860587
683860588
683860589
683860591
683860592
683860593
683860594
683860595
683860596
683860597
683884165
683884166
683884167
683884168
683884169
683884170
683884172
683884214
683884215
683884216
683884217
683884218
683884219
683884220
683884221
683884222
683884223
683884224
683884225
683884226
683884227
683884228
683884229
683884230
683884231
683884232
683884233
683884234
683884235
683884236
683884237
683884238
683884239
683884240
683884241
683884242
683884243
683884244
683884245
683884246
683884247
683884248
683884249
683884250
683884251
683884252
683884253
683884254
683884255
683884256
683884257
683884258
683884259
683884260
683884261
683884262
683884263
683884264
683884265
683884266
683884267
683884268
683884269
683884270
683884271
683884272
683884273
683884276
683884277
683884278
683884279
683884280
685562138
685562139
685562140
685562141
685562142
685562143
685562144
685562145
685562146
685562147
685562148
685562149
685562150
685562151
685562152
685562153
685562154
685562155
685562156
685562157
685562158
685562159
685562160
685562161
685562162
685562163
685562164
685562166
685562168
685562169
685562170
685562171
685562172
685562173
685562174
685562175
685562176
685562177
685565130
685565131
685565132
685565133
685565134
685565135
685565136
685565137
685565138
685565139
685565140
685565141
685565142
685565143
685565144
685565145
685565146
685565148
685565150
685565151
685565152
685565153
685565154
685565155
685565156
685565157
685565158
685565159
685565160
685565161
685565162
685565163
685565164
685565165
685565166
685565167
685565168
685565169
685565170
685565171
685565172
685565173
685565174
685565175
685565176
685565177
685569051
685569052
685569053
685569054
685569055
685569056
685569057
685569058
685569059
685569060
685569061
685569062
685569063
685569064
685569065
685569066
685569067
685569068
685569069
685569070
685569071
685569072
685569073
685569074
685569075
685569076
685569077
685569078
685569079
685569080
685569081
685569082
685569083
685569084
685569085
685569086
685569087
685569088
685569089
685569090
685569091
685569092
685569093
685569094
685569095
685569096
685569097
685569098
685569099
685569100
685569101
685569102
685569103
685569104
685569105
685569106
685569107
685569108
685569109
685569110
685569111
685569112
685569113
685569114
685569115
685569116
685569117
685569118
685569119
685569120
685569121
685569122
685569123
685569124
685569125
685569127
685569130
685569131
685569132
685569133
685569134
685569135
685569136
685569137
685569139
685569140
685569141
685569142
685569143
685569144
685569145
685569146
685569147
685569148
685569149
685569150
685569151
685569152
685569153
685569154
685569155
685569156
685569157
685569158
685569159
685569160
685569161
685569162
685569163
685569164
685569165
685569166
685569167
685569168
685569169
685569170
685569171
685569172
685569173
685569174
685569175
685569176
685569177
685569178
685569180
685569181
685569182
685569183
685569185
685569186
685569187
685569188
685569189
685569190
685569191
685569192
685569194
685569195
685569196
685569197
685569198
685569199
685569200
685569201
685569202
685569203
685569204
685569205
685569206
685569207
685569208
685569209
685569210
685569211
685569212
685569213
685569214
685569216
685569217
685569218
685569219
685569220
685571183
685571184
685571185
685571224
685925097
685925101
687311775
687467487
687467488
687467489
687467490
687515503
687515504
687606152
687606153
687606154
687606155
687606156
687606368
687646412
687674414
687674415
687674416
687674417
687674418
687674419
687674420
687674421
687674422
687674423
687674424
687674425
687676587
687676588
687676589
687676591
687685021
687685022
687685023
687685024
687685025
687685026
687685027
687685028
687685030
687685031
687685034
687738315
687738316
687738317
687738318
687738319
687738320
687739786
687739787
688172108
688172109
688172110
688172111
688172113
688172115
688172116
688172117
688172118
688172119
688172120
688172122
688172124
688172125
688172126
688172127
688172128
688172129
688172130
688172131
688172132
688172133
688172134
688172135
688172136
688172137
688172138
688172139
688172140
688172141
688172142
688172143
688172144
688172145
688172146
688172147
688172148
688172149
688172150
688172151
688172152
688172153
688172154
688172155
688172156
688172157
688172158
688172159
688172160
688172161
688172162
688172163
688172164
688172166
688172169
688172170
688172171
688172172
688172173
688172174
688172175
688172176
688172177
688172178
688172179
688172180
688172181
688172182
688172183
688172184
688172185
688172186
688172187
688172188
688172189
688178183
688178184
688178185
688178186
688178187
688178188
689482416
689482599
689482648
689482894
690631281
690631283
690631284
690678112
690827320
690827321
690827322
690827323
690827324
690827325
691340166
691342893
691342894
691345296
691858070
691858071
691902172
691911759
691912634
691912821
691912822
691919454
691919455
691919456
691919457
691919458
691919459
691919460
691946117
692747705
694625130
694625131
694627330
694627331
694627332
694627333
694627334
694627335
694636231
694720466
694720467
694720468
694720469
694720471
694720476
694721562
694724260
694724261
694724265
694724266
694724268
694724271
694724272
694724273
694724274
694724276
694724277
694724279
694724284
694724285
694724286
694724287
694724289
694724290
694724291
694724292
694724293
694724297
694845908
694847504
694847802
694847803
696592869
696593870
696594205
696594206
696616869
696617358
696618302
696618303
696618304
696624949
696624950
696624951
696624952
698304206
698304207
698807165
698807166
698807167
698807168
698807169
698807170
698807171
698937867
698937868
699196062
699196063
701043710
701837504
704270144
705012355
705012356
705012357
705012358
706082305
706090538
706090539
706090540
706090541
706090542
706479866
707072852
711155123
711155124
713804553
713804554
713804560
713809151
713809152
713809153
717282666
717282667
717282668
717282669
717282670
717282671
717282672
717282673
717282674
717493894
717712911
718030924
719666245
719680984
719680985
719680986
719680987
719935740
719935741
720147772
722270964
723719371
723719372
724395564
724448096
724448097
727237501
727237502
727237503
727246794
727302952
727471161
727493904
728502122
729382111
729382112
729382113
729383218
729385489
729385971
729386314
729386476
729386744
729386782
729387071
729387237
729388779
729388800
729390949
732941359
732941360
732941361
732941362
732941363
733533098
733559075
733561461
733561462
733561463
734463020
734476517
734778991
734778992
734778993
734778994
734778995
734778996
734778997
734835917
735437900
736157555
736157556
736157557
736157558
736354473
736375195
736883361
736883687
737100181
737289331
737289332
737462791
737462792
737535526
737535527
737535528
737535529
737535530
737535531
737643517
737643518
737792639
737792640
737792641
737792642
737792643
737825597
741226638
741226639
742238430
742964011
742964012
742964013
742964014
742964015
742964016
742964017
742964018
742964019
744759388
744759389
749371911
750387034
750775247
753061663
753804580
753804581
753804582
754219474
754219475
754219476
754513375
754572174
754572175
756422402
756498346
757987688
758486238
758506455
758506456
758841893
758943195
758943196
760105499
760487899
761463836
761467316
761467317
761641837
761641838
762137887
762137888
762146814
762160943
762254827
762254828
762254829
762254830
763736062
765609457
765609458
765609459
765609460
765609461
765609462
765609463
765609464
768969749
770119194
770119195
771209212
773158729
773158730
773158731
773158732
773761584
773761585
775026220
775026221
775257565
775315501
775336268
776506873
776506874
776506875
776506876
776506877
776506878
776508786
776508787
776514122
776717382
777576283
777657719
777657720
777657721
777657722
779338488
780064419
780064420
780170569
780170570
780541008
782102983
782102984
782616525
782616527
783989977
784102312
784102313
784102314
784424598
784424599
784424600
784424601
787286289
787286290
787286291
787286292
787286293
787286294
787286295
787286296
787286297
787286298
787286299
787286300
787286301
787286302
787286303
787286304
787286305
787286306
787286307
787286308
787286309
787286310
787286311
787286312
787286313
787286314
787286315
787286316
787286317
787293032
787293033
787293034
787293035
787293036
787293037
787293038
787293039
787293040
787293041
787293042
787293043
787293044
787293045
787293046
787293047
787293048
787293049
787293050
787293051
787293052
787293053
787293054
787293055
787293056
787293057
787293058
787293059
787293060
787293061
787293062
787293063
787293064
787293065
787293066
787293067
787293068
787293069
787293070
787293071
787293072
787293073
787293074
787294833
787294834
787294835
787294836
787294837
787294838
787294839
787294840
787294841
787294842
787294843
787294844
787294845
787294846
787294847
787294848
787294849
787294850
787294851
787294852
787294853
787294854
787299695
787299696
787299697
787299698
787299699
787299700
787299701
787299702
787299703
787299704
787299705
787299706
787299707
787299708
787299709
787299710
787299711
787299712
787299713
787299714
787299715
787299716
787299717
788030552
788030553
788030554
788030555
788030556
788030557
788030558
788030559
788030560
788030561
788030562
788030563
788030564
788030565
788030566
788039505
788039506
788039507
788039508
788039509
788039510
788039511
788039512
788039513
788039514
788039515
788039516
788039517
788039518
788039519
788039520
788039521
788039522
788039523
788039524
788039525
788039526
788039527
788039528
788039529
788039530
788039531
788039532
788039533
788039534
788039535
788039536
788039537
788039538
788039539
788039540
788039541
788039542
788039543
788039544
788039545
788039546
788039547
788039548
788039549
788039550
788039551
788039552
788039553
788039554
788039555
788039556
788039557
788039558
788039559
788039560
788039561
788039562
788039563
788039564
788039565
788039566
788039567
788039568
788039569
788039570
788039571
788039572
788039573
788039574
788039575
788039576
788039577
788039578
788039579
788039580
788039581
788039582
788039583
788039584
788039585
788039586
788039587
788187753
788187754
788187755
788187756
788187757
788187758
788187759
788187760
788187761
788187762
788187763
788187764
788187765
788187766
788187767
788187768
788209390
788209391
788209392
788209393
788209394
788209395
788209396
788209397
788209398
788209399
788209400
788209401
788209402
788209403
788209404
788209405
788209406
788209407
788209408
788209409
788209410
788209411
788209412
788209413
788209414
788209415
788209416
788209417
788215268
788215269
788215270
788215271
788215272
788215273
788215274
788215276
788215277
788215278
788215279
788215280
788215281
788215282
788215283
788215284
788215285
788215286
788215287
788215288
788215289
788215290
788215291
788215292
788215293
788675129
788675130
791486142
793208238
793479411
793479412
793479413
793479414
793479415
793479416
793479417
793479418
793479419
793479420
793479421
793479422
793479423
793479424
793479425
793496260
793496261
793496265
793496267
793496268
793496269
793496270
793496271
793496272
793496273
793496274
793501662
793501663
793501664
793501665
793501666
793501667
793501668
793501669
793501670
793501671
793501672
793501673
793501674
793501675
793501676
793501677
793501678
793501679
793501680
793501681
793501682
793501683
793617796
793617797
793617798
793617799
793617800
793617801
793617802
793617803
793617804
793617805
793617806
793617807
793617808
793617809
793617810
793617811
793617812
793617813
793617814
793617815
793617816
793617817
794556238
794556239
794556240
794556241
794556242
794556243
794556244
794556245
794556246
794556247
794556248
794556249
794556250
794556251
794556252
794556253
794556254
794556255
794556256
794556257
794556258
794556259
794561667
794561668
794561669
794561670
794561671
794561672
794561673
794561675
794561676
794561677
794561678
794561679
794561681
794561682
794561683
794561685
794561686
794561687
794634392
794634393
794634394
796518877
796518880
796518884
796518885
796518888
796518889
796518890
796518891
796518892
796518894
796518896
797077341
797077342
797077343
797077344
797077345
797077346
797077347
797077348
797077349
797077350
797077351
797077352
797077353
797077354
797077355
797077356
797077357
797077358
797077359
797077360
797077361
797077362
797077363
797077364
797077365
797077366
797077367
797077368
797077369
797077370
797077371
797077372
797077373
797077374
797077375
797077376
797077377
797077378
797077379
797077380
797077381
797146877
797146878
797146879
797146880
797146881
797146882
797146883
797146884
797146885
797146886
797146887
797146888
797146889
797146890
797146891
797146892
797146893
797146894
797146895
797146896
797146897
797146898
797146899
797146900
797146901
797146902
797146903
797146904
797146905
797146906
797150513
797150514
797150515
797150516
797150517
797150518
797150519
797150520
797150521
797150522
797150523
797150524
797900773
798055984
798055985
798055986
798055987
798055988
798055989
798055990
798055991
798055992
798055993
798055994
798055995
798055996
798097836
798097837
798097838
798097839
798097840
798097841
798097842
798097843
798097844
798097845
798097846
798097847
798097848
798097849
798097850
798097851
798097852
798097853
798097854
798097855
798097856
798097857
798097858
798097859
798097860
798097861
798217454
798521774
798521775
798521776
798521777
798521778
798521779
798521780
798521781
798521782
798521783
798521784
798521785
798521786
798521787
798521788
798521789
798521790
798521791
798521792
798521793
798521794
798521795
798521796
798521797
798521798
798521799
798521800
798521801
798521802
798521803
798521804
798521805
798521806
798521807
798521808
798521809
798521810
799618216
802111775
806785631
807810442
808447783
808447784
808447785
808447786
808447789
810756059
812825769
812825770
812825771
812825772
812825773
815943575
817468330
817468331
823108700
823108701
824456232
824456233
824456234
824456235
824463721
824463863
825180391
825180392
826014290
826028013
826585995
826585996
826585997
827400106
827400107
827400108
827400109
827400110
827400111
827400112
827485537
827485538
827562135
827562136
827562137
827562138
827562139
827562140
827562141
827562142
827682280
827682281
827706241
827706242
827706243
827706244
827706245
827706246
827706247
827706248
830422366
830422367
830422368
830422369
830425019
831403935
831403937
831403938
831403939
831403940
831403941
831403942
831403943
831403944
831403945
831403946
831403947
831403948
831403949
831403950
831403951
831403952
833671443
835003339
835608148
839520064
839520065
839520066
839520067
839520068
839520070
839520071
839520072
839520073
839520074
839645293
839645294
839645295
839645296
839823494
839823495
839823496
839823497
839823498
839823499
839823500
840165163
840579878
840580932
840583581
840586970
840586971
840586972
840586973
840586974
840883240
840883241
840884762
840886262
840886263
840886264
840886265
840889496
840890229
840891371
840891372
840891373
840891374
840891375
840891376
840891377
840891378
840891379
840891380
840899223
840899224
840899225
840899226
840899227
840900675
840917526
840917527
840917528
840917529
846300344
846300345
846903461
846986525
846986526
846986527
846986528
846986529
846986530
846986531
846986532
846986997
848341154
848594974
848594975
848594976
848594977
848594978
848594979
848594980
848594981
848594982
848594984
848594985
848594986
848594987
848594988
848594989
848594990
848594991
848594992
848594993
848594994
848594995
848770797
848770798
848770799
848770800
848770801
848770802
848770803
848770804
848770805
848770806
848770807
848770808
849117420
849117421
849117422
849117423
849117424
849117425
849117426
849693029
849693030
849693031
849693032
849693033
849693034
849693035
849693036
849693037
849693038
849693039
849977100
849977108
850092036
850092037
850453082
850453083
850453084
850453085
850453086
850453087
850453088
850453089
850453090
850453091
850453092
850753914
850753915
850753916
850862573
850862574
850862575
851367929
851367930
851367931
851367932
851792118
852024707
852271891
852271892
852271893
852271894
852271895
852271896
852697730
852697731
852697732
853106953
853106954
853106955
853106956
853106957
853328549
853328550
853328551
853328552
853678608
853678609
853678610
853689343
855350131
855350132
855350133
856086600
856326910
856359471
856359472
856607289
856607290
856607291
856625378
856633908
857175050
857175051
857175052
857176172
857177330
857177331
857177332
857198071
857198072
857198073
857198074
857205614
857421277
857421278
857421279
857421280
857421281
857421282
857421283
857421284
857421285
857421286
857421287
857430192
857430193
857444722
857444723
857710388
857860576
857959852
857959853
857959854
857959855
857977569
858016022
859705417
859742762
859742763
859742764
859745705
859745706
859745707
859745708
859745709
859745710
860030477
860376991
860376992
860376993
860376994
860376995
860376996
860376997
860376998
860376999
860377000
860377001
860377002
860377003
860377004
860545074
860560293
860560294
860560295
860566594
860566595
860695579
860863476
860863477
860863478
860863479
860863480
860863481
860863482
860863483
860863484
860863485
860863486
860863487
860937572
861141696
861241684
861266388
862376244
862397256
862397257
862417447
862417448
862419404
862419405
862419406
862448221
862466693
863565384
865298537
866618173
866618174
867162814
867180550
867627645
868627695
868627696
874692220
874692221
876455684
876599232
876599233
876599234
877423872
877423873
877423874
877423875
877596270
878066919
878066920
878598506
878598507
878601389
878601390
878601391
881062160
881062161
881062162
881062163
881062164
881062165
881062166
881062167
883080105
883662973
883662974
885016405
885016406
885244097
885244098
885244099
885244100
885244101
885244102
885244103
885244104
885244105
885244106
885244107
885244108
885244109
885244110
885828447
885833874
885839669
885839670
885839671
885841006
885841478
885841479
885841480
885854571
885889940
885961620
886065730
886074443
886074444
886074445
886094056
886094057
886094058
886094931
886101222
886101223
886109011
886110356
886116866
886120087
886120088
886123697
886123698
886124041
886124042
886124043
886124044
886125272
886136694
886136695
886136703
888051207
888051208
888051209
888051210
888051211
888051212
888140265
888140266
888140267
888140268
888364966
889426298
890999528
890999529
891584575
892223508
896096064
896096065
896096066
896096067
896096068
896290389
896559981
896559982
897248144
897248145
898014964
898014965
899823017
902576128
902636617
902636618
902636619
902652624
902653017
902670428
902670429
902680798
902688316
902688317
902688318
902703027
902909696
902909697
902910803
902910804
902910805
902936405
902990257
903046046
903046047
903298773
903364547
903364548
903402246
903402247
903402248
903650416
903930720
905358242
905358243
905358244
905861998
909885248
909885249
909885250
909885251
909885252
909905947
909905948
909916384
909916385
909916386
909997644
910230880
910230881
910230882
910335130
910380066
910429829
910432400
910432401
910432402
910432403
910432404
910434002
910445091
910488181
910509625
914448130
919176774
919177874
919177875
919177876
919310378
919310379
919310380
920566871
921181300
921181301
921181302
922686847
922891026
922975110
922975111
922975112
922975113
922975114
922975115
922975116
922975117
922975118
922975119
922975120
923092289
923342005
923342006
923342007
923342008
923342009
923342010
923342011
923342012
923342013
931089316
931089317
931089318
931089319
931089320
931089321
931089322
931089323
931089324
931089325
931089326
931089327
931090398
931090399
931090400
931090401
931090402
931494274
931494275
931494276
931494277
931494278
931494279
931494280
931494281
931494282
931494283
931494284
931494285
931494286
931494287
931494288
931494289
931494290
931494291
931494292
931494293
931494294
931494295
931494296
931494297
931494298
931494299
931494300
931494301
931494302
931494303
931494304
931494305
931733674
931733675
931733676
931733677
931733678
931733679
931733680
931733681
931733682
936219797
936627506
936627507
936627508
936627509
936627510
936717508
937458698
940373725
940373726
940373727
940373732
941443074
941445082
941445083
941768000
942782013
942782014
942782015
942782016
942782017
942782018
942782019
943259756
944217907
944728681
944728682
945210421
945210422
945492489
945492490
945492491
945492492
945492493
946751225
946751226
946751227
947614968
947614969
947743473
947743474
947749975
948059357
950288084
951802441
951802442
952258355
952258356
952258357
952258358
952347085
952348703
952348704
952348705
952584318
954128834
954490159
954490160
954490161
954490162
954490163
954527955
954831145
954837258
955573716
955573717
956076888
956076889
961064956
961115999
961116000
961116001
961116002
964491917
964491918
964824537
964824538
964824539
964824540
966541635
966905716
966905717
967860874
970311762
971099892
972863363
973415368
973415369
973556171
973969844
974059837
974061259
974244353
974532794
974532795
974532796
974532797
974532798
974532799
974532800
974532801
974538354
974538355
974538356
974538357
974538358
974538359
974538360
974538361
974538362
974550427
974553721
974598352
974610569
974610570
974610571
974610572
974610573
974610574
974610575
974621095
974621096
974621097
974641236
974649535
974649536
974662755
974662756
974821817
974821827
974831692
974904852
974904854
974904855
974907417
974907418
974907419
974907420
974940408
974940409
974940410
974940411
974972149
974972150
974972151
974991127
974991128
974991129
974991130
974991131
974991132
975030694
975906406
975906407
975906408
975906409
975906410
975906411
975906412
976513448
976521476
976521477
976521478
976697754
977107092
977427267
977427268
977427269
977427270
977435312
977436485
977442200
978094396
978181443
978181444
978344022
978344023
978348575
980069190
980069191
980069192
981274584
981369205
981548599
982013903
982013904
982013905
982013906
982013907
982013908
982013909
982013910
982013911
982013912
982013913
982013914
982013915
982013916
983026441
983026442
983026443
983026444
983026445
983026446
983026447
983026448
983026449
983026450
983026451
983026452
983026453
983026454
983026455
983026456
983026457
983026458
983026459
983026460
983026462
984695283
984695284
984695285
984695286
984695287
984695288
984695289
984695290
984695291
984695292
984864916
984864917
984893911
984893912
984893913
984893914
984966544
984966545
988844776
988844777
988844778
988844779
988844780
988844781
988844782
988844783
988844784
988844785
988844786
988844787
988844788
988844789
988844790
988844791
988844792
988844793
988844794
988844795
988844796
988844797
988844798
988844799
988844800
988844801
988844802
988844803
988844804
988844805
988844806
988844807
988846418
988846419
988846420
988850087
988850088
988850089
988850090
988850091
988850092
988850093
988850094
988850095
988850096
988850097
988850098
988850099
988850100
988854061
988854062
988854063
988854064
988854065
988854066
988854067
988854068
988854069
988854070
988854071
988854072
988854073
988854074
988854075
988854076
988858070
988858071
988858072
988858073
988858074
988858075
988858076
988858077
988858078
988858079
988858080
988858081
988858082
988858083
988858084
988858085
988858086
988858087
988858088
988858089
988858090
988858091
988858092
988862032
988862033
988862034
988862035
988862036
988862037
988863098
988866998
988866999
988867000
988867001
988867002
988867003
988867004
988867005
988867006
988867007
988867008
988867009
988867010
988868211
988868212
988868213
988868214
988868215
988868216
988868217
988868218
988868219
988868220
988868221
988869964
988869965
988869966
988869967
989056104
989056105
989056106
989056107
989056108
989056109
989056110
989056111
989056112
989056113
989056114
989056115
989056116
989056117
989056118
989056119
989056120
989056121
989056122
989056123
989056124
989056125
989056126
989056128
989056129
989056130
989056131
989056132
989056133
989056134
989056135
989056136
989056137
989056138
989056139
989056140
989056141
989056142
989056143
989056144
989056145
989056146
989056147
989056148
989056149
989056150
989056151
989069840
989069841
989069842
989069843
989069844
989069845
989069846
989069847
989069848
989069849
989069850
989069851
989069852
989069853
989069854
989069855
989069856
989069857
989069858
989069859
989069860
989069861
989102737
989102738
989102739
989102740
989102741
989102742
989102743
989102744
989102745
989102746
989102747
989102748
989102749
989102750
989102751
989102752
989102753
989102754
989102755
989102756
989102757
989102758
989102759
989102760
989102761
989102762
989102763
989102764
989102765
989102766
989102767
989102768
989102769
989102770
989102771
989102772
989102773
989102774
989102775
989102776
989192467
989192468
989192469
989192470
989192471
989192472
989192473
989192474
989192475
989192476
989192477
989192478
989192479
989192480
989192481
989192482
989192483
989192484
989192485
989192486
989192487
989192488
989192489
989192490
989192491
989192492
989192493
989192494
989192495
989192496
989192497
989192498
989192499
989192500
989192501
989192502
989192504
989192505
989192506
989192507
989192508
989192509
989192510
989192511
989192512
989192513
989192514
989192515
989192516
989192517
989192518
989192519
989192520
989199340
989199341
989199342
989199343
989199344
989199345
989199346
989199347
989199348
989199349
989199350
989199351
989199352
989199353
989199354
989199355
989199356
989199357
989199358
989199359
989199360
989199361
989199362
989199363
989199364
989199365
989199366
989199367
989199368
989199369
989199370
989199371
989199372
989199373
989199374
989199375
989199376
989199377
989199378
989199379
989199380
989199381
989199382
989326430
989326431
989700798
989700799
989700800
989700801
989700802
989700803
989700804
989700805
989700806
989700807
989700808
989700809
989700810
989700811
989700812
989700813
989700814
989700815
989700816
989700817
989700818
989700819
989700820
989700821
989700822
989700823
989700824
989700825
989700826
989700827
989700828
989700829
989700830
989700831
989700832
989700833
989752544
989752545
989752546
989752547
989752548
989752549
989752550
989752551
989752552
989752553
989752554
989752555
989752556
989752557
989752558
989752559
989806044
989806045
989806046
989806047
989806048
989806049
989806050
989806051
989806052
989806053
989806054
989806055
989806056
989806057
989806058
989806059
989806060
989806061
989806062
989806063
989806064
989806065
989806066
989808193
989808194
990149287
990149288
990149289
990149290
990149291
990149292
990149293
990149294
990149295
990149296
990149297
990149298
990149299
990149300
990149301
990149302
990149303
990149304
990149305
990149306
990149307
990166624
990166625
990166626
990166627
990166628
990166629
990166630
990166631
990166632
990166633
990166638
990166639
990166640
990166641
990166642
990166643
990166644
990166645
990166646
990166647
990166648
990166649
990166650
990166651
990166652
990166653
990166654
990166655
990166657
990166658
990166659
990166660
990166661
990169564
990169565
990169566
990169567
990169568
990169569
990169570
990169571
990169572
990169573
990169574
990169575
990169576
990169577
990169578
990169579
990169580
990169581
990169582
990178894
990178895
990178896
990178897
990178898
990178899
990178900
990178901
990178902
990178903
990178904
990178905
990178906
990180571
990180572
990180573
990180574
990180575
990180576
990180577
990180578
990180579
990180580
990181660
990181661
990181662
990181663
990181664
990181665
990181666
990181667
990181668
990181669
990181670
990181671
990181672
990181673
990181674
990181675
990181676
990181677
990544639
990570111
990575050
990575051
990575052
990575053
990575054
990575055
990575056
990575057
990575058
990575059
990575060
990575061
990575062
990575063
990575064
990575065
990575066
990575067
990575068
990575069
990575070
990575071
990575072
990575073
990575074
990575075
990575076
990575077
990575078
990575079
990575080
990575081
990575082
990575083
990575084
990575085
990575086
990575087
990575088
990576941
990576942
990576943
990576944
990576945
990576946
990576947
990576948
990576949
990576950
990576951
990576952
990576953
990576954
990576955
990590054
990590056
990590057
990590058
990590059
990590060
990590061
990590062
990590063
990590064
990590065
990590066
990590067
990590068
990590069
990590070
990590071
990590072
990590073
990590074
990590075
990590076
990590077
990590078
990590079
990590080
990590081
990590082
990590083
990590084
990590085
990590086
990590087
990590088
990590089
990590090
990590091
990590092
990590093
990590094
990590095
990590096
990590097
990590098
990965207
990965208
990965209
990965210
990975047
990975048
990975049
990975050
990975051
990975052
990975053
990975054
990975055
990975056
990975057
990975058
990975059
990975060
990975061
990975062
990975063
990975064
990975065
990975066
990975067
990975068
990975069
990975070
990989870
991105739
991105740
991105741
991105742
991105743
991105744
991105745
991105746
991105747
991105748
991105749
991105750
991332910
991332911
991332912
991332913
991332914
991332915
991332916
991332917
991332918
991332919
991332920
991332921
991332922
991332923
991332924
991332925
991332926
991332927
991332928
991332929
991332930
991332931
991332932
991332933
991332934
991332935
991332936
991332937
991332938
991332939
991332940
991332941
991332942
991332943
991332944
991332945
991332946
991332947
991332948
991332949
991332950
991332951
991332952
991332953
991332954
991332955
991332956
991332957
991332958
991332959
991338179
991338180
991338181
991338182
991338183
991338184
991338185
991338186
991338187
991338188
991338189
991338190
991338191
991338192
991338193
991338194
991338195
991338196
991338197
991338198
991338199
991338200
991338201
991338202
991338203
991338204
991338205
991338206
991338207
991338208
991338209
991338210
991338211
991338212
991338213
991338214
991338215
991338216
991338217
991338218
991340086
991340087
991340088
991340089
991340090
991340091
991340092
991340093
991340094
991441018
991441019
991442760
991444916
991460802
991460803
991460804
991460805
991460806
991460807
991460808
991460809
991460810
991460811
991460812
991460813
991460814
991471506
991471507
991471508
991471509
991471510
991471511
991471512
991471513
991471514
991471515
991471516
991471517
991471518
991471519
991471520
991471521
991471522
991471523
991471524
991471525
991471526
991471527
991471528
991471529
991471530
991471531
991471532
991471533
991471534
991471535
991471536
991471537
991471538
991471539
991471540
991471541
991471543
991471544
991471545
991471546
991471547
991471548
991471549
991471550
991520649
991520650
991520651
991520652
991520653
991531074
991531075
991531076
991531077
991531078
991531079
991531080
991531081
991531082
991531083
991531084
991531085
991531086
991531087
991531088
991531089
991531090
991531091
991531092
991531093
991531094
991531095
991531096
991531097
991531098
991531099
991531100
991531101
991531102
991531103
991531104
991531105
991531106
991531107
991531108
991531109
991531110
991531111
991531112
991531113
991531114
991531115
991531116
991531117
991531118
991531119
991531120
991653713
991875404
991875405
991875406
991875407
991875408
991875409
991875410
991875411
991875412
991875413
991875414
991875415
991875416
991875417
991875418
991997201
991997202
991997203
991997204
991997205
991997206
992045746
992045747
992045748
992045749
992045750
992045751
992045752
992045753
992045754
992045755
992045756
992045757
992045758
992045759
992045760
992045761
992045762
992045763
992045764
992045765
992045766
992045767
992047363
992047364
992047365
992047366
992047367
992047368
992047369
992049417
992049418
992049419
992049420
992049421
992049422
992049423
992049424
992049895
992057796
992057797
992057798
992057799
992057800
992057801
992057802
992057803
992057804
992057805
992057806
992057807
992057808
992057809
992057810
992057811
992057812
992057813
992057814
992057815
992057816
992057817
992057818
992057819
992057820
992057821
992057822
992057823
992057824
992057825
992057826
992057827
992057828
992057829
992057830
992057831
992057832
992057833
992057834
992057835
992057836
992057837
992057838
992057839
992057840
992057841
992057842
992057843
992057844
992057845
992057846
992057847
992057848
992057849
992057850
992057851
992057852
992057853
992057854
992057855
992057856
992057857
992057858
992057859
992057860
992057861
992057862
992057863
992057864
992057865
992057866
992057867
992057868
992057869
992057870
992057871
992057872
992057873
992057874
992057875
992057876
992057877
992057878
992057879
992057880
992062076
992062077
992062078
992062079
992062080
992062081
992062082
992062083
992062084
992062085
992062086
992062087
992062088
992062089
992062090
992062091
992062092
992062093
992062094
992062095
992062096
992062097
992062098
992062099
992062100
992062101
992062102
992062103
992062104
992062105
992062106
992062107
992062108
992062109
992062110
992062111
992062112
992062113
992062114
992062115
992062116
992062117
992062118
992062119
992062120
992062121
992062122
992062123
992062124
992062125
992304686
992304687
992304688
992304689
992304690
992304691
992304692
992304693
992304694
992304695
992304696
992304697
992304698
992304699
992304700
992304701
992304702
992304703
992304704
992304705
992304706
992304707
992304708
992304709
992304710
992304711
992304712
992304713
992304714
992304715
992304716
992304717
992304718
992309684
992309685
992309686
992309687
992309688
992309689
992309690
992309691
992309692
992309693
992309694
992309695
992309696
992309697
992309698
992309699
992309700
992309701
992309702
992309703
992309704
992309705
992309706
992309707
992309708
992309709
992309710
992309711
992309712
992309713
992322199
992322200
992322201
992322202
992322203
992322205
992322206
992322207
992322208
992322209
992322210
992322211
992322212
992322213
992322214
992322215
992322216
992322217
992322218
992322219
992322220
992322221
992322222
992322223
992322224
992322225
992322226
992322227
992322228
992322229
992322230
992322231
992322232
992322233
992322234
992322235
992322236
992322237
992322238
992322239
992322240
992322241
992322242
992322243
992322244
992322245
992322246
992322247
992322248
992322249
992322250
992322251
992322252
992322253
992322254
992322255
992322256
992322257
992322258
992322259
992322260
992322261
992322262
992322263
992325157
992325158
992325159
992325160
992325161
992325162
992325163
992325164
992325165
992325166
992325167
992325168
992325169
992325170
992325171
992325172
992325173
992325174
992325175
992325176
992325177
992325178
992325179
992325180
992325181
992325182
992325183
992325184
992325185
992325186
992325187
992325188
992325189
992325190
992325191
992325192
992325193
992325194
992325195
992325196
992325197
992325198
992325199
992325200
992325201
992328219
992328220
992328221
992328222
992328223
992328224
992328225
992328226
992328227
992564824
992564825
992564826
992564827
992564828
992564829
992564830
992564831
992564832
992564833
992564834
992564835
992564836
992564837
992564838
992564839
992564840
992564841
992564842
992564843
992564844
992564845
992564846
992564847
992564848
992564849
992564850
992564851
992564852
992564853
992564854
992564855
992564856
992564857
992564858
992564859
992564860
992564861
992564862
992564863
992564864
992564865
992564866
992564867
992564868
992564869
992564870
992564871
992564872
992564873
992564874
992564875
992564876
992564877
992564878
992564879
992564880
992564881
992564882
992564883
992564884
992564885
992564886
992564887
992564888
992564889
992564890
992564891
992564892
992564893
992564894
992564895
992564896
992564897
992564898
992564907
992564908
992564909
992564910
992564911
992564912
992564913
992564914
992564915
992564916
992564917
992564918
992564919
992564920
992564921
992564922
992564923
992564924
992564925
992564926
992564927
992564928
992564929
992564930
992564931
992564932
992564933
992564934
992564935
992566411
992566412
992566413
992566414
992566415
992566416
992566417
992566418
992566419
992566420
992566421
992567829
992567830
992567831
992567832
992567833
992567834
992567835
992569895
992569896
992569897
992569898
992569899
992569900
992569901
992912425
992912426
993136701
993136702
993152973
993152974
993152975
993152976
993152977
993152978
993152979
993152980
993152981
993152982
993152983
993152984
993152985
993152986
993152987
993152988
993152989
993152990
993152991
993152992
993152993
993152994
993152995
993152996
993152997
993152998
993152999
993153000
993153001
993153002
993153003
993153004
993153005
993153006
993153007
993153008
993153009
993153010
993153011
993153012
993153013
993153014
993153015
993153016
993153017
993153018
993153019
993153020
993153021
993153022
993153023
993153024
993153025
993153027
993153028
993153029
993153030
993153031
993153032
993162879
993162880
993162881
993162882
993162883
993162884
993162885
993162886
993162887
993162888
993162889
993162890
993162891
993162892
993162893
993162894
993162895
993162896
993162897
993162898
993162899
993162900
993162901
993162902
993162903
993162904
993162905
993162906
993162907
993162908
993162909
993162910
993162911
993162912
993162913
993162914
993162915
993162916
993162917
993162918
993162919
993162920
993162921
993162922
993162923
993310612
993310613
993310614
993310615
993310616
993310617
993310618
993310619
993310620
993310621
993310622
993310623
993310624
993310625
993310626
993310627
993310628
993310629
993310630
993310631
993310632
993310633
993310634
993310635
993310636
993310637
993310638
993310639
993310640
993310641
993310642
993310643
993310644
993310645
993310646
993310647
993310648
993310649
993310650
993310651
993310652
993310653
993310655
993310657
993310658
993313994
993313995
993313996
993313997
993313998
993313999
993314000
993314001
993314002
993314003
993314004
993345515
993345516
993345517
993345518
993345519
993345520
993345521
993345522
993345523
993345524
993345525
993345526
993345527
993345528
993345529
993345530
993345531
993345532
993345533
993345534
993345535
993345536
993345537
993345538
993345539
993345540
993345541
993345542
993345543
993345544
993345545
993345546
993345547
993345548
993345549
993345550
993345551
993345552
993345553
993345554
993345555
993345556
993345557
993345558
993345559
993345560
993345561
993345562
993345563
993345564
993345565
993345566
993345567
993345568
993345569
993345570
993345571
993345572
993345573
993345574
993345575
993345576
993345577
993345578
993345579
993345580
993345581
993345582
993345583
993345584
993345585
993345586
993345587
993345588
993345589
993345590
993345591
993345592
993345593
993345594
993345595
993345596
993345597
993345598
993345599
993345600
993345601
993345602
993345603
993345604
993345605
993345606
993345607
993345608
993345609
993345610
993345611
993345612
993345613
993345614
993345615
993345616
993345617
993345618
993345619
993345620
993345621
993345622
993345623
993345624
993345625
993345626
993345627
993345628
993345629
993345630
993345631
993345632
993345633
993345634
993345635
993345636
993345637
993345638
993345639
993345640
993345641
993345642
993345643
993345644
993345645
993345646
993345647
993345648
993345649
993345650
993345651
993345652
993345653
993345654
993345655
993345656
993345659
993345660
993345661
993345662
993345663
993345664
993345665
993345666
993345667
993345668
993345669
993345670
993345671
993345672
993345673
993345674
993345675
993345676
993345677
993345678
993345679
993345680
993345681
993345682
993345683
993345684
993345685
993345686
993345687
993345688
993345689
993345690
993345691
993345692
993345693
993345694
993345695
993345696
993345697
993345698
993431827
993431828
993439120
993439121
993439122
993439123
993439124
993439125
993439126
993439127
993440970
993443073
993480820
993480821
993480822
993480823
993480824
993480825
993480826
993480827
993480828
993480829
993480830
993480831
993480832
993480833
993480834
993480835
993480836
993480837
993480838
993480839
993480840
993480841
993480842
993480843
993480844
993480845
993480846
993480847
993480848
993480849
993480850
993480851
993480852
993480853
993480854
993480855
993480856
993480857
993480858
993480859
993480860
993480861
993480862
993480863
993480864
993480865
993480866
993480867
993480868
993480869
993480870
993480871
993480872
993480873
993480874
993480875
993480876
993480877
993480878
993480879
993480880
993480881
993480882
993480883
993480884
993480885
993480886
993480887
993480888
993480889
993480890
993480891
993480892
993480893
993480894
993480895
993480896
993480897
993480898
993480899
993480900
993480901
993480902
993482467
993482468
993482469
993482470
993482969
993482970
993482971
993482972
993482973
993482974
993482975
993482976
993482977
993482978
993482979
993482980
993482981
993482982
993482983
993482984
993482985
993482986
993482987
993482988
993482989
993482990
993482991
993482992
993482993
993482994
993482995
993482996
993482997
993482998
993482999
993496999
993497000
993497001
993497002
993497003
993497004
993497005
993497006
993497007
993497008
993497009
993497010
993497011
993497012
993497013
993497014
993497015
993497016
993497017
993497018
993497019
993497020
993497021
993497022
993497023
993497024
993497025
993497026
993497027
993497028
993497029
993497030
993497031
993497032
993497033
993497034
993497035
993497036
993497037
993497038
993497039
993497040
993497041
993497042
993497043
993497044
993497045
993497046
993497047
993497048
993497049
993503073
993503074
993503075
993503076
993503077
993503078
993503079
993503080
993503081
993503082
993503083
993503084
993503085
993503086
993503087
993503088
993503089
993503090
993503091
993503092
993503093
993503094
993503095
993503096
993503097
993503098
993503099
993503100
993503101
993503102
993503103
993503104
993503105
993503106
993503107
993503108
993503109
993503110
993503111
993503112
993503113
993503114
993503115
993503116
993503117
993503118
993503119
993503120
993503121
993503122
993503123
993503124
993503125
993503126
993503127
993503128
993503129
993503130
993503131
993503132
993503133
993503134
993503135
993503136
993503137
993503138
993503139
993503140
993504593
993504594
993504595
993504597
993504598
993504599
993504600
993504601
993504602
993504603
993504604
993504605
993504606
993504607
993504608
993504609
993504610
993504611
993504612
993504613
993504614
993509226
993509227
993509228
993509229
993509230
993509231
993509232
993509233
993509234
993509235
993509236
993509237
993509238
993509239
993509240
993509241
993509242
993509243
993509244
993509245
993509246
993509247
993509248
993509249
993509250
993509251
993509252
993509253
993509254
993509255
993509256
993509257
993509258
993509259
993509260
993509261
993509262
993509263
993509264
993509265
993509266
993509267
993509268
993509269
993509270
993509271
993509272
993509273
993509274
993509275
993509276
993509277
993509278
993509601
993509602
993509603
993509604
993509605
993509606
993509607
993512836
993512837
993512838
993512839
993512840
993512841
993512842
993512843
993512844
993512845
993512846
993512847
993512848
993512849
993512850
993512851
993512852
993512853
993512854
993512855
993512856
993512857
993512858
993512859
993512860
993512861
993512862
993512863
993512864
993512865
993512866
993512867
993512868
993512869
993512870
993512871
993512872
993512873
993512874
993512875
993512876
993512877
993512878
993512879
993512880
993512881
993513871
993513872
993513873
993513874
993513875
993513876
993513877
993513878
993513879
993513880
993513881
993513882
993513883
993513884
993513885
993513886
993513887
993513888
993513889
993513890
993513891
993513892
993513893
993513894
993513895
993513896
993513897
993513898
993513899
993513900
993513901
993513902
993516319
993516320
993516321
993516322
993516323
993516324
993516325
993516326
993516327
993516328
993516329
993516330
993516331
993516332
993516333
993516334
993516335
993516336
993516337
993516338
993516339
993516340
993516341
993516342
993516343
993516344
993516345
993516346
993516347
993516348
993516349
993516350
993516351
993516352
993516353
993516354
993516355
993516356
993516357
993516358
993516359
993516360
993516361
993516362
993516363
993516364
993516365
993516366
993516367
993516368
993516369
993516370
993516371
993516372
993516373
993516374
993516375
993518817
993518818
993518819
993518820
993518822
993518823
993518824
993518825
993518826
993518827
993518828
993518829
993518830
993518831
993518832
993518833
993518834
993518835
993518836
993518837
993518838
993518839
993518840
993518841
993518842
993518843
993518844
993518845
993518846
993518847
993518848
993518849
993518850
993518851
993518852
993518853
993518854
993518855
993518856
993518857
993518858
993518859
993518860
993518861
993518862
993518863
993518864
993518865
993518866
993518867
993518868
993518869
993518870
993518871
993518872
993518873
993518874
993518875
993518876
993518877
993518878
993518879
993518880
993518881
993518882
993518883
993518884
993518885
993518886
993518887
993518888
993518889
993518890
993519710
993519711
993519712
993519713
993519714
993519715
993519716
993519717
993519718
993519719
993658519
993737359
993737360
993737361
993737362
993737363
993737364
993737365
993737366
993737367
993737368
993737369
993737370
993737371
993737372
993737373
993737374
993737375
993737376
993737377
993737378
993737379
993737380
993737381
993737382
993737383
993737384
993737385
993737386
993737387
993737389
993737390
993737391
993737392
993739278
993739279
993739280
993739281
993739282
993739283
993739284
993739285
993739286
993739287
993739288
993739289
993739290
993739291
993739292
993739293
993739294
993739295
993739296
993739297
993739298
993739299
993739300
993751710
993751711
993751712
993751713
993751714
993751715
993751716
993751717
993751718
993751719
993751720
993751721
993751722
993751723
993751724
993751725
993751726
993751727
993751728
993751729
993751730
993751731
993751732
993751733
993751734
993751735
993751736
993751737
993751738
993751739
993751740
993751741
993751742
993751743
993751744
993751745
993751746
993751747
993751748
993751749
993751750
993751751
993751752
993751753
993751754
993751755
993751756
993751757
993751758
993751759
993751760
993751761
993751762
993751763
993751764
993751765
993751766
993752943
993752944
993752945
993752946
993752947
993752948
993752949
993752950
993752951
993752952
993752953
993752955
993752956
993752957
993758452
993758453
993758454
993758455
993758456
993758457
993758458
993758459
993758460
993758461
993758462
993758463
993758464
993758465
993758466
993758467
993758468
993758469
993758470
993758471
993758472
993758473
993758474
993758475
993758476
993758477
993758478
993758479
993758480
993758481
993758482
993758483
993758484
993758485
993758486
993758487
993758488
993758489
993758490
993758491
993758492
993758493
993758494
993758495
993758496
993758497
993758498
993758499
993758500
994049911
994049912
994049913
994049914
994049915
994049916
994049917
994049918
994049919
994049920
994049921
994049922
994049923
994049924
994049925
994049926
994049927
994049928
994049929
994049930
994049931
994049932
994049933
994049934
994049935
994049936
994049937
994049938
994049939
994049940
994049941
994049942
994049943
994049944
994049945
994049946
994049947
994049948
994049949
994049950
994049951
994049952
994049953
994049954
994049955
994049956
994049957
994049958
994049959
994049960
994049961
994049962
994049963
994049964
994049965
994049966
994049967
994049968
994049969
994049970
994049971
994049972
994049973
994049974
994049975
994049976
994049977
994049978
994049979
994049980
994049981
994049982
994049983
994049984
994049985
994049986
994049987
994049988
994049989
994049990
994049991
994049992
994049993
994049994
994049995
994049996
994049997
994049998
994049999
994050000
994050001
994050002
994050003
994050004
994050005
994050006
994050007
994050008
994050009
994050010
994050011
994050012
994050013
994050014
994050015
994050016
994050017
994050018
994052663
994052664
994052665
994052666
994052667
994052668
994052669
994052670
994052671
994052672
994052673
994052674
994052675
994052676
994052677
994052678
994052679
994052680
994052681
994052682
994052683
994052684
994052685
994052686
994052687
994052688
994052689
994052690
994052691
994052692
994052693
995031125
995031126
995031127
995031128
995031129
995031130
995031131
995031132
995031133
995031134
995031135
995031136
995031137
995031138
995031139
995031140
995031141
995031142
995031143
995031144
995031145
995031146
995031147
995031148
995031149
995031150
995031151
995031152
995031153
995031154
995031155
995031156
995031157
995031158
995031159
995031160
995031161
995031162
995031163
995031164
995031165
995031166
995031167
995031168
995031169
995031595
995031596
995031597
995031598
995031599
995031600
995031601
995031602
995031603
995031604
995031605
995033353
995033354
995033355
995033356
995033357
995033358
995033359
995033360
995033361
995035265
995035266
995035267
995035268
995035269
995035270
995035271
995035272
995035273
995035274
995035275
995035276
995035277
995035278
995035279
995035280
995035281
995341625
995735746
995735747
995735748
995735749
995735750
995735751
995735752
995735753
995735754
995735755
995735756
995735757
995735758
995735759
995735760
995735761
995735762
995735763
995735764
995735765
995735766
995735767
995735768
995735769
995735770
995735771
995735772
995735773
995735774
995735775
995735776
995735777
995735778
995735779
995735780
995735781
995735782
995735783
995735784
995735785
995735786
995735787
995735788
995735789
995735790
995735791
995735792
995735793
995735794
995735795
995735796
995735797
995735798
995735799
995735800
995735801
995735802
995735803
995735804
995735805
995735806
995735807
995735808
995735809
995735810
995735811
995735812
995911912
995911913
995911914
995911915
995911916
995911917
995911918
995911919
995911920
995911921
995911922
995911923
995911924
995911925
995911926
995911927
995911928
995911929
995911930
995911931
995911932
995911933
995911934
995911935
995911936
995911937
995911938
995911939
995911940
995911941
995911942
995911943
995911944
995911945
995911946
995911947
995911948
995911949
995911950
995911951
995911952
995911953
995911954
995911955
995911956
995911957
995911958
995911959
995911960
995911961
995911962
995911963
995911964
995911965
995911966
995911967
995911968
995911969
995911970
995911971
995911972
995911973
995911974
995911975
995911976
995911977
995911978
995911979
995911980
995911981
995911982
995911983
995911984
995911985
995911986
995911987
995911988
995911989
995911990
995911991
995911992
995911993
995911994
995911995
995911996
995911997
995911998
995911999
995912000
995912001
995912002
995912003
995912004
995912005
995912006
995912007
995912008
995913669
995913670
995913671
995913672
995913673
995913674
995913675
995913676
995913677
995913678
995913679
995913680
995913681
995913682
995913683
995913684
995913685
995913686
995913687
995913688
995913689
995913690
995913691
995913692
995913693
995913694
995913695
995913696
995913697
995913698
995913699
995913700
995913701
995913702
995913703
995913704
995913705
995913706
995913707
995913708
995913709
995913710
995913711
995913712
995913713
995913714
995913715
995913716
995913717
995913718
995913719
995913720
995913721
995913722
995913723
995913724
995913725
995913726
995913727
995913728
995913729
995913730
995913731
995913732
995913733
995913734
995913735
995913736
995913737
995913738
995913739
995913740
995913741
995914415
995914416
995914417
995914418
995914419
995914420
995914421
995914422
995914423
995914424
995914425
995914426
995914427
995914428
995914429
995914430
995914431
995914432
995914433
995914434
995914435
995914436
995914437
995914438
995914439
995914440
995914441
995914442
995914443
995914444
995914445
995914446
995914447
995914448
995914449
995914450
995914451
995914452
995914453
995914454
995914455
995914456
995914457
995914458
995914459
995914460
995914461
995914462
995914463
995915376
995915377
995915378
995915379
995915380
995915381
995915382
995915383
995915384
995915385
995915386
995915387
995915388
995915389
995915390
995915391
995915392
995915393
995915394
995915395
995915396
995915397
995915398
995915399
995915400
995915401
995915402
995915403
995915404
995915405
995915406
995915407
995915408
995915409
995915410
995915411
995915412
995916485
995916486
995916487
995916488
995916489
995916490
995916491
995916492
995916493
995916494
995916495
995916496
995916497
995916498
995916499
995916500
995916501
995916502
995916503
995916504
995916505
995916506
995916507
995916508
995916509
995916510
995916511
995916512
995916513
995916514
995916515
995916516
995916517
995916518
995916519
995916520
995916521
995916522
995916523
995916524
995916525
995916526
995916527
995916528
995916529
995916530
995916531
995916532
995916533
995916534
995916535
995916536
995916537
995916538
995916539
995916540
995916541
995916542
995916543
995916544
995916545
995916578
995916920
995916921
995916922
995916923
995916924
995916925
995916926
995916927
995916928
995916929
995916930
995916931
995916932
995916933
995916934
995916935
995916936
995916937
995916938
995916939
995916940
995916941
995916942
995916943
995916944
995916945
995916946
995916947
995916948
995917390
995917391
995917392
995917393
995917394
995917395
995917396
995917397
995917398
995917399
995917400
995917401
995917402
995917403
995917404
995917405
995917406
995917407
995917408
995919177
995919178
995919179
995919180
995919181
995919182
995919183
995919184
995919185
995919186
995919187
995919188
995919189
995919190
995919191
995919192
995919193
995919194
995919195
995919196
995919197
995919198
995919199
995919200
995919201
995919202
995919203
995919204
995919205
995919206
995919207
995919208
995919209
995919210
995919211
995919212
995919213
995919214
995919215
995919216
995919217
995919218
995919219
995919220
995919221
995919222
995919223
995919224
995919225
995919314
995919315
995919316
995919317
995919318
995919746
995919747
995919748
995919749
995919750
995919751
995919752
995919753
995919754
995919755
995919756
995919757
995919758
995919759
995919760
995919761
995919762
995919763
995919764
995919765
995919766
995919767
995919768
995919769
995925138
995925139
995925140
995925141
995925142
995925143
995925144
995925145
995925146
995925147
995925148
995925149
995925150
995925151
995925152
995925153
995925154
995925155
995925156
995925157
995925158
995925159
995925160
995925161
995925162
995925163
995925164
995925165
995925166
995925167
995925168
995925169
995925170
995925171
995925172
995925173
995925174
995925175
995925176
995925177
995925178
995925179
995925180
995925181
995925182
995925183
995925184
995925185
995925186
995925187
995925188
995925189
995925190
995925191
995925192
995925193
995925194
995925195
995925196
995925197
995925198
995925199
995925200
995925201
995925202
995925203
995926264
995926265
995926266
995926267
995926268
995926269
995926270
995926271
995926272
995926273
995926274
995926275
995926276
995926277
995926278
995926279
995926280
995926281
995926282
995926283
995926284
995926285
995926286
995926287
995926288
995926289
995926290
995926291
995926292
995926293
995926294
995926295
995926296
995926297
995926298
995926299
995926300
995927455
995927456
995927457
995927458
995927459
995927460
995927461
995927462
995927463
995927464
995927465
995927466
995927467
995927468
995927469
995927470
995927471
995927472
995927473
995927474
995927475
995927476
995927477
995927478
995927479
995927480
995927481
995927482
995927483
995927484
995927485
995927486
995927487
995927488
995927489
995927490
995927491
995927492
995927493
995927494
995927495
995927496
995927497
995927498
995927499
995927500
995927501
995927502
995927503
995927504
995927505
995927506
995927507
995927508
995927509
995927915
995927916
995927917
995927918
995927919
995927920
995927921
995927922
995927923
995927924
995927925
995927926
995927927
995927928
995927929
995927930
995927931
995927932
995927933
995927934
995927935
995927936
995927937
995927938
995927939
995927940
995927941
995927942
995927943
995927944
995927945
995927946
995927947
995927948
995927949
995927950
995927951
995927952
995927953
995927954
995927955
995927956
995927957
995927958
995927959
995927960
995927961
995927962
995927963
995927964
995928087
995928088
995928089
995928090
995928447
995928448
995928449
995928450
995928451
995928452
995928453
995928454
995928455
995928456
995928457
995928458
995928459
995928460
995928461
995928462
995928463
995928464
995928465
995928466
995928467
995928468
995928469
995928470
995928471
995928472
995928473
995928474
995928475
995928476
995928477
995928478
995928479
995928480
995928481
995928482
995928483
995928484
995928485
995928486
995928487
995928488
995928489
995928490
995928491
995928492
995928493
995928494
995928495
995928496
995928497
995928498
995931675
995931676
995931677
995931678
995931679
995931680
995931681
995931682
995931683
995931684
995931685
995931686
995931687
995931688
995931689
995931690
995931691
995931692
995931693
995931694
995931695
995931696
995931697
995931698
995931699
995931700
995931701
995931702
995931703
995931704
995931705
995931706
995931707
995931708
995931709
995931710
995931711
995931712
995931713
995931714
995931715
995931716
995931717
995931718
995931719
995931720
995931721
995931722
995931723
995931724
995932747
995932748
995932749
995932750
995932751
995932752
995932753
995932754
995932755
995932756
995932757
995932758
995932759
995932760
995932761
995932762
995932763
995932764
995932765
995932766
995932767
995932768
995932769
995932770
995932771
995932772
995932773
995932774
995932775
995932776
995932777
995932778
995932779
995932780
995932781
995932782
995932783
995932784
995932785
995932786
995932787
995932788
995932789
995932790
995932791
995932792
995932793
995932794
995932795
996021201
996021202
996023462
996023463
996023464
996023465
996023466
996023467
996023468
996023469
996023470
996023471
996023472
996023473
996023474
996023475
996023476
996023477
996023478
996023479
996023480
996023481
996023482
996023483
996023484
996023485
996023486
996023487
996023488
996023489
996023490
996023491
996023492
996023493
996023494
996023495
996023496
996023497
996023498
996032043
996032044
996032045
996032046
996032047
996032048
996032049
996032050
996032051
996032052
996032053
996040906
996040907
996040908
996040909
996040910
996040911
996040912
996040913
996040914
996040915
996040916
996040917
996040918
996040919
996040920
996040921
996040922
996040923
996040924
996040925
996040926
996040927
996040928
996040929
996040930
996040931
996040932
996040933
996040934
996040935
996040936
996040937
996040938
996040939
996040940
996040941
996048124
996048125
996048126
996048127
996048128
996048129
996048130
996048131
996048132
996048133
996048134
996048135
996048136
996048137
996048138
996048139
996048140
996048141
996048142
996048143
996048144
996048145
996048146
996048147
996048148
996048149
996048150
996048151
996048152
996048153
996048154
996048155
996048156
996048157
996048158
996048718
996048719
996048720
996048721
996048722
996048723
996048724
996048725
996048726
996048727
996048728
996048729
996048730
996048731
996048732
996048733
996048734
996048735
996048736
996048737
996048738
996048739
996048740
996048741
996048742
996057015
996057016
996057017
996057018
996057019
996057020
996057021
996057022
996057023
996057024
996057025
996057026
996057027
996057028
996057029
996057030
996057031
996057032
996057033
996057034
996057035
996057036
996057037
996057038
996057039
996057040
996057041
996057042
996057043
996057044
996057045
996057046
996057047
996057048
996057049
996057050
996057051
996057052
996057053
996057054
996057055
996057056
996057057
996057058
996057059
996059655
996059656
996059657
996059658
996059659
996059660
996059661
996059662
996059663
996059664
996059665
996059666
996059667
996059668
996059669
996059670
996059671
996059672
996059673
996059674
996059675
996059676
996059677
996059678
996059679
996059680
996059681
996059682
996059684
996059685
996059686
996059687
996059688
996059689
996059690
996059691
996059692
996059693
996059694
996059695
996059696
996059697
996059698
996059699
996059700
996059701
996059702
996060118
996060119
996060120
996060121
996268436
996285801
996285802
996292097
996292098
996292099
996323965
996323966
996323967
996323968
996323969
996323970
996323971
996323972
996323973
996323974
996323975
996323976
996323977
996323978
996323979
996323980
996323981
996323982
996479166
996479167
996479168
996479169
996479170
996479171
996479172
996479173
996479174
996479175
996479176
996479177
996483061
996483062
996483063
996483064
996483065
996483066
996483067
996483068
996483069
996483070
996483071
996483072
996483073
996483074
996483075
996483076
996483077
996483078
996483079
996483080
996483081
996483082
996483083
996483084
996483085
996483086
996483087
996483088
996483089
996483090
996483091
996483092
996483093
996483094
996483095
996483096
996483097
996483098
996483099
996483100
996483101
996483102
996483103
996483104
996483105
996483106
996483107
996483108
996483109
996483110
996483111
996483112
996483113
996483114
996483115
996483116
996483117
996483118
996483119
996483120
996483121
996483122
996483123
996483124
996483125
996483126
996483127
996483128
996483129
996483130
996483131
996483132
996483133
996483134
996483135
996483136
996483137
996483138
996483139
996483140
996483141
996483142
996483143
996483144
996483145
996483146
996485562
996485563
996485564
996485565
996485566
996485567
996485568
996485569
996485570
996485571
996485572
996485573
996485574
996485575
996485576
996485577
996485578
996485579
996485580
996485581
996485582
996485583
996485584
996485585
996485586
996485587
996485588
996485589
996485590
996485591
996485592
996485593
996485594
996485595
996485596
996485597
996485598
996485599
996485600
996485601
996485602
996485603
996485604
996487957
996487958
996487959
996487960
996487961
996487962
996487963
996487964
996487965
996487966
996487967
996487968
996487969
996487970
996487971
996487972
996487973
996646241
996649355
996649356
996649357
996725266
996725267
996725268
996725269
996725270
996725271
996725272
996725273
996725274
996725275
996725276
996725277
996725278
996725279
996725280
996725281
996725282
996725283
996725284
996725285
996725286
996725287
996725831
996725832
996725833
996725834
996725835
996725836
996725837
996725838
996725839
996725840
996725841
996726379
996726380
996726381
997007933
997007934
997007935
997007936
997007937
997007938
997015975
997015976
997015977
997015980
997015981
997015982
997015983
997015984
997015985
997015986
997015987
997015988
997015989
997015990
997015991
997015992
997015993
997015994
997015995
997015996
997015997
997015998
997015999
997016000
997016001
997016002
997016003
997016004
997016005
997016006
997016007
997016008
997016009
997016010
997016011
997016012
997016013
997016014
997016015
997016016
997016017
997016018
997016019
997016020
997016022
997016023
997016024
997016025
997016026
997016027
997016028
997016029
997016030
997016031
997016032
997016033
997016034
997016035
997016036
997016037
997016038
997016039
997016040
997016041
997016042
997016043
997016044
997016045
997016046
997016047
997016048
997016049
997016050
997016051
997016052
997016053
997016054
997016055
997016056
997016057
997016867
997016868
997029367
997029368
997029369
997029370
997029371
997029372
997029373
997029374
997029375
997029376
997029377
997029378
997029379
997029380
997029381
997029382
997029383
997029384
997029385
997029386
997029387
997029388
997029389
997029390
997029391
997029392
997029393
997029394
997029395
997029396
997029397
997029398
997029399
997029400
997029401
997029402
997029403
997029404
997029405
997029406
997029407
997029408
997029409
997029410
997029411
997029412
997029413
997029414
997029415
997029416
997029417
997155727
997155728
997155729
997560983
997560984
997560985
997560986
997560987
997560988
997560989
997560990
997560991
997560992
997560993
997560994
997560995
997560996
997560997
997560998
997560999
997561000
997561001
997561003
997561004
997561005
997561006
997561007
997561008
997561009
997561010
997561011
997561012
997561013
997561014
997561015
997561016
997561017
997561018
997562470
997562471
997562472
997562473
997562474
997562475
997562476
997562477
997562478
997562479
997562480
997562481
997562482
997563808
997563809
997563810
997563811
997563812
997563813
997563814
997563815
997563816
997563817
997563818
997563819
997563820
997563821
997563822
997563823
997563824
997563825
997563826
997563827
997563828
997563829
997563830
997563831
997563832
997563833
997563834
997563835
997563836
997563837
997563838
997563839
997563840
997563841
997563842
997563843
997563844
997563845
997563846
997563847
997563848
997563849
997563850
997563851
997563852
997563853
997563854
997563855
997564818
997564819
997564820
997564821
997564822
997564823
997564824
997564825
997564826
997564827
997564828
997564829
997564830
997564831
997564832
997564833
997564834
997564835
997567652
997567653
997567654
997567655
997567656
997567657
997567658
997567659
997567660
997567661
997567662
997567663
997567664
997567665
997567666
997567667
997567668
997567669
997567670
997567671
997567672
997567673
997567674
997567675
997567676
997567677
997567678
997567679
997567680
997567681
997567682
997567683
997567684
997567685
997567686
997567687
997567688
997567689
997567690
997567691
997567692
997567693
997567694
997569404
997569405
997569406
997569407
997569408
997569409
997569410
997569411
997569412
997569413
997569414
997569415
997569416
997569417
997569418
997569419
997569420
997569421
997569422
997569423
997569424
997569425
997569426
997569427
997569428
997569430
997569431
997569432
997569433
997569434
997569435
997569436
997569437
997569438
997569439
997569440
997569441
997569442
997569443
997569444
997569445
997569446
997569447
997569448
997569449
997569450
997569451
997569452
997569453
997569454
997569455
997569456
997569457
997569458
997569459
997569460
997569461
997569462
997569463
997569464
997569465
997569466
997569467
997569468
997569469
997569470
997569471
997569472
997569473
997569474
997569475
997569476
997569477
997569478
997569479
997569480
997569481
997569482
997569483
997569484
997569485
997569486
997569487
997571107
997571108
997571109
997571110
997571111
997571112
997571113
997571114
997571115
997571116
997571117
997571118
997571119
997571120
997571121
997571122
997571123
997571124
997571125
997571126
997571127
997571128
997571129
997571130
997571131
997571132
997571133
997571134
997571135
997571136
997571137
997571138
997571139
997571140
997571141
997571142
997571143
997571144
997571145
997571146
997571147
997571148
997571149
997571150
997571151
997571152
997571153
997571154
997571155
997571156
997571157
997571158
997571159
997571160
997571161
997571162
997571163
997571164
997571165
997571166
997571167
997571168
997571169
997571170
997571171
997571172
997571173
997571174
997571175
997571176
997571177
997571178
997571179
997571180
997571181
997571182
997571183
997571184
997571185
997571186
997573173
997573174
997575899
997575900
997575901
997575902
997575903
997575904
997575905
997575906
997575907
997575908
997575909
997575910
997575911
997575912
997575913
997575914
997575915
997575916
997575917
997575918
997575919
997575920
997575921
997575922
997575923
997575924
997575925
997575926
997575927
997575928
997575929
997575930
997575931
997575932
997575933
997575934
997575935
997575936
997575937
997575938
997575939
997575940
997575941
997575942
997575943
997575944
997575945
997575946
997575947
997575948
997575949
997575950
997575951
997575952
997575953
997575954
997575955
997575956
997575957
997575958
997575959
997575960
997575961
997575962
997575963
997575964
997575965
997575966
997575967
997575968
997575969
997575970
997575971
997575972
997575973
997575974
997575975
997575976
997575977
997575978
997575979
997575980
997575981
997575982
997575983
997575984
997575985
997575986
997575987
997575988
997575989
997575990
997575991
997575992
997575993
997575994
997575995
997575996
997575997
997575998
997575999
997576000
997576001
997576002
997576003
997576004
997576005
997576006
997576007
997576499
997576500
997576501
997576502
997576503
997576504
997576505
997576506
997576507
997576508
997576509
997578301
997578302
997578303
997578304
997578305
997578306
997578307
997578308
997578309
997578310
997578311
997578312
997578313
997578314
997578315
997578316
997578317
997578318
997578319
997578321
997578322
997578323
997578324
997578325
997578326
997578327
997578328
997578647
997578648
997578649
997578650
997580647
997580648
997580649
997580650
997580651
997580652
997580653
997580654
997580655
997580656
997580657
997580658
997580659
997580660
997580661
997580662
997580663
997580664
997580665
997580666
997580667
997580668
997580669
997580670
997580671
997580672
997580673
997580674
997580675
997580676
997580677
997580678
997581390
997581391
997581392
997581393
997581394
997581395
997581396
997581397
997581398
997581399
997581400
997581401
997581402
997581403
997581404
997581405
997581406
997581407
997581408
997581409
997581410
997581411
997581412
997581413
997581414
997581415
997581416
997581417
997581418
997581419
997581420
997582136
997582137
997582138
997582139
997582140
997582141
997582142
997582143
997582144
997582145
997582146
997582147
997582148
997582149
997582150
997582151
997582152
997582153
997582154
997582155
997582156
997582157
997582158
997582159
997582160
997582161
997582162
997582589
997582811
997652276
997652277
997652278
997652279
997652280
997652281
997652282
997652283
997652284
997652285
997652286
997652287
997652288
997652289
997652290
997652291
997652292
997652293
997652294
997652295
997652296
997652297
997652298
997652299
997652300
997652301
997652302
997652303
997652304
997652305
997652306
997652307
997652308
997652309
997652310
997652311
997652312
997652313
997652314
997652315
997652316
997652317
997652318
997652319
997652320
997652321
997652322
997652323
997652324
997652325
997652326
997652327
997652328
997652329
997652330
997652331
997652332
997652333
997652334
997652335
997652336
997652337
997652338
997652339
997652340
997652341
997652342
997652343
997652344
997652345
997652346
997652347
997652348
997652349
997652350
997652351
997652352
997652353
997652354
997652355
997652356
997652357
997652358
997652359
997652360
997652361
997652362
997652363
997652364
997652950
997652951
997652952
997652953
997652954
997652955
997652956
997652957
997652958
997652959
997652960
997652961
997652962
997652963
997652964
997652965
997652966
997652967
997652968
997652969
997652970
997652971
997652972
997652973
997652974
997652975
997652976
997652977
997652978
997652979
997652980
997652981
997652982
997652983
997652984
997653433
997653434
997653435
997653436
997653437
997653438
997653439
997653440
997653441
997654621
997654622
997654623
997654624
997654625
997654626
997654627
997654628
997654629
997654630
997654631
997654632
997654633
997654634
997654635
997654636
997654637
997654638
997654639
997654640
997654641
997654642
997654643
997654644
997654645
997654646
997654647
997654648
997654649
997654650
997654651
997654652
997654653
997654654
997654655
997654656
997654657
997654658
997654659
997654660
997654661
997654662
997654663
997654664
997654665
997654666
997654667
997654668
997654669
997654670
997654671
997654672
997654673
997654674
997654675
997654676
997654677
997654678
997654929
997654930
997654931
997655181
997655182
997655183
997655184
997655185
997655186
997655187
997655188
997655189
997655190
997655191
997655192
997655193
997655194
997655195
997655196
997655197
997655198
997655199
997655200
997655201
997655202
997655203
997655204
997655205
997655206
997655207
997655208
997655209
997655210
997655211
997655212
997655213
997655214
997655215
997655216
997656304
997656305
997656306
997656307
997656308
997656309
997656310
997656311
997656312
997656313
997656314
997656315
997656316
997656317
997656318
997656319
997656320
997656321
997656322
997656323
997656324
997656325
997656326
997656327
997656328
997656330
997656331
997656332
997656333
997656334
997656335
997656336
997656337
997656338
997656339
997656340
997656341
997656342
997656343
997657783
997657784
997657785
997657786
997657787
997657788
997657791
997657792
997657794
997657795
997657796
997657797
997657798
997657800
997657801
997657803
997658778
997658779
997658780
997658781
997658782
997658783
997658784
997658785
997658786
997658787
997658788
997658789
997658790
997658791
997658792
997658793
997658794
997658795
997658796
997658797
997658798
997658799
997658800
997658801
997658802
997658803
997658804
997658805
997658806
997658807
997658808
997658809
997658810
997658811
997658812
997658813
997658814
997658815
997658816
997658818
997658819
997658820
997658821
997658822
997658823
997658824
997658825
997658826
997658827
997658828
997658829
997658830
997658831
997658832
997658833
997658834
997658835
997658836
997658837
997658838
997658839
997659483
997659484
997659485
997659486
997659487
997659488
997659489
997659490
997659491
997659492
997659493
997659494
997659495
997659496
997659497
997659498
997659499
997659501
997659502
997659503
997659504
997659505
997659506
997659507
997659508
997659509
997659510
997659511
997659512
997659961
997659962
997659963
997659964
997659965
997659966
997659967
997659968
997659969
997659970
997659971
997659972
997659973
997659974
997659975
997659976
997659977
997659978
997659979
997659980
997659981
997659982
997659983
997659984
997659985
997660754
997660755
997660756
997660757
997660758
997660759
997660760
997660761
997660762
997660763
997660764
997660766
997660767
997660768
997660769
997660770
997660771
997660772
997661666
997661667
997661668
997661669
997661670
997661671
997661672
997661673
997661674
997661675
997661676
997661677
997661678
997661679
997661680
997661681
997661682
997661683
997661684
997661685
997661686
997663205
997663206
997663207
997663208
997663209
997663210
997663211
997663212
997663213
997663214
997663215
997663216
997663217
997663218
997663219
997663220
997663221
997663222
997663223
997663224
997663225
997663226
997663227
997663228
997663229
997663230
997663231
997663232
997663233
997663234
997663235
997663236
997663237
997663238
997663239
997663240
997663241
997663242
997663243
997663244
997663245
997663246
997663247
997663248
997663249
997663250
997663251
997663252
997663253
997663254
997663255
997663256
997663257
997663258
997663259
997663260
997663261
997663262
997663263
997663264
997663265
997663266
997663267
997663268
997663269
997663270
997663271
997663272
997663273
997663274
997663275
997663276
997663277
997663278
997663279
997663280
997663281
997663282
997727216
997727217
997727218
997727219
998027939
998027940
998027941
998027942
998027943
998027944
998027945
998027946
998027947
998027948
998027949
998027950
998027951
998027952
998027953
998027954
998027955
998027956
998027957
998027958
998027959
998027960
998027961
998027962
998027963
998027964
998027965
998027966
998027967
998027968
998027969
998027970
998027971
998027972
998027973
998027974
998027975
998027976
998027977
998027979
998027980
998027981
998027982
998027983
998027984
998027985
998027986
998027987
998027988
998027989
998027990
998028095
998028096
998028097
998028098
998028099
998028100
998028101
998028102
998152020
998152021
998152022
998152023
998152024
998152025
998152026
998223147
998223148
998223149
998223150
998223151
998223152
998223153
998223154
998223155
998234678
998234679
998234680
998234681
998234682
998234683
998234684
998234685
998234686
998234687
998234688
998234689
998234690
998234691
998234692
998234693
998234694
998234695
998234696
998234697
998234698
998234699
998234700
998234701
998234702
998234703
998234704
998234705
998234706
998234707
998234708
998234709
998234710
998234711
998234712
998234713
998234714
998234715
998234716
998234717
998234718
998234719
998234720
998234721
998234722
998234723
998234724
998234725
998234726
998234727
998234728
998234729
998234730
998234731
998234732
998234733
998234734
998234735
998234736
998234737
998234738
998234739
998234740
998234741
998234742
998234743
998234744
998234745
998234746
998234747
998234748
998234749
998234750
998234751
998234752
998234753
998234754
998234755
998234756
998234757
998234758
998234759
998234760
998234761
998248383
998248384
998248385
998248386
998248387
998248388
998248389
998248390
998248391
998248392
998248393
998248394
998248395
998248396
998248397
998248398
998248399
998248400
998248401
998248402
998248403
998248404
998248405
998248406
998248407
998248408
998248409
998248410
998248411
998248412
998248413
998248414
998248415
998248416
998248417
998248418
998248419
998248420
998248421
998248422
998248423
998248424
998248425
998248426
998248427
998248428
998248429
998248430
998248431
998254540
998254541
998254542
998254543
998254544
998254545
998254546
998254547
998254548
998254549
998254550
998254551
998254552
998254553
998254554
998254555
998254556
998254557
998254558
998254559
998254560
998254561
998254562
998254563
998254564
998254565
998254566
998254567
998254568
998254569
998254570
998254571
998254572
998254573
998254574
998254575
998254576
998254577
998254578
998254579
998254580
998254581
998254582
998254583
998254584
998254585
998254586
998254587
998254588
998254589
998254590
998254591
998254592
998254593
998254594
998254595
998254596
998254597
998254598
998254599
998254600
998254601
998254602
998254603
998254604
998254605
998254606
998254607
998254608
998254609
998254610
998254611
998254612
998254613
998254614
998254615
998254616
998254617
998254618
998254619
998254620
998254621
998254622
998254623
998254624
998254625
998254626
998574233
998574234
998574235
998574236
998574237
998574238
998574239
998574240
998574241
998574242
998574243
998574244
998574245
998574246
998574247
998574248
998574249
998574250
998574251
998574252
998574253
998574254
998574255
998574256
998574257
998574258
998574259
998574260
998574261
998574262
998574263
998691818
998796801
998796802
998796803
998796804
998796805
998796806
998796807
998796808
998796809
998796810
998796811
998796812
998796813
998796814
998796815
998796816
998796817
998796818
998796819
998796820
998796821
998796822
998796823
998796824
998796825
998796826
998796827
998796828
998796829
998796830
998796831
998796832
998796833
998796834
998796835
998796836
998796837
998796838
998796839
998796840
998796841
998796842
998796843
998796844
998796845
998796846
998796847
998796848
998796849
998796850
998796851
998796852
998796853
998796854
998796855
998796856
998796857
998796858
998796859
998796860
998796861
998796862
998796863
998796864
998796865
998796866
998796867
998796868
998796869
998796870
998796871
998796872
998796873
998796874
998796875
998796876
998796877
998796878
998796879
998796880
998798658
998798659
998798660
998798661
998798662
998798663
998798664
998798665
998798666
998798667
998798668
998798669
998798670
998798671
998798672
998798673
998798674
998798675
998798676
998798677
998798678
998798679
998798680
998798681
998798682
998798683
998798684
998798685
998798686
998798687
998798688
998798689
998798690
998798691
998798692
998798693
998798694
998798695
998798696
998798697
998798698
998798699
998798700
998798701
998798702
998798703
998798704
998798705
998798706
998798707
998798708
998798709
998798710
998798711
998798712
998798713
998798714
998798715
998798716
998798717
998798718
998798719
998798720
998798721
998798722
998798723
998798724
998798725
998798726
998798727
998798728
998798729
998800405
998800406
998800407
998800408
998800409
998800410
998800411
998800412
998800413
998800414
998800415
998800416
998800417
998800418
998800419
998800420
998800421
998800422
998800423
998800424
998800425
998800426
998800427
998800428
998800429
998800430
998800431
998800432
998800433
998800434
998800435
998800436
998800437
998800438
998800439
998800440
998800441
998800442
998800443
998800444
998800445
998800446
998800447
998800448
998800449
998800450
998800451
998800452
998800453
998800454
998800455
998800456
998800457
998801656
998801657
998801658
998801659
998801660
998801661
998801662
998801663
998801664
998801665
998801666
998801667
998801668
998801669
998801670
998801671
998801672
998801673
998801674
998801675
998801676
998801677
998801678
998801679
998801680
998801681
998801682
998801683
998801684
998801685
998801686
998801687
998801688
998801689
998801690
998801691
998801692
998801693
998801694
998801695
998801696
998801697
998801698
998801699
998801700
998801701
998801702
998801703
998801704
998801705
998801706
998801707
998801708
998801709
998801710
998801711
998801712
998801713
998801714
998801715
998801716
998801717
998801718
998801719
998801720
998801721
998801722
998801723
998801724
998801725
998801726
998801727
998801728
998801729
998801730
998801731
999054612
999054613
999054614
999054615
999266788
999348557
999348558
999348559
999348560
999348561
999348562
999348563
999348564
999348565
999348566
999348567
999348568
999348569
999348570
999348571
999348572
999348573
999348574
999348575
999348576
999348577
999348578
999348579
999348580
999348581
999348582
999348583
999348584
999348585
999348586
999348587
999527440
999527441
999527442
999527443
999527444
999527445
999527446
999527447
999527449
999527450
999527451
999527452
999527453
999613462
999613463
999706668
999706669
999706670
999706671
999706672
999706673
999706674
999706675
999706676
999706677
999706678
999706679
999706680
999706681
999706682
999706684
999706685
999706686
999706687
999706688
999706689
999706690
999706691
999706692
999706693
999706694
999706695
999706696
999706697
999706698
999706699
999706700
999706701
999706702
999706703
999706704
999706705
999706707
999706708
999706709
999706710
999706711
999706712
999706713
999706714
999706715
999706716
999706717
999706718
999706719
999706720
999706721
999706722
999706723
999706724
999706725
999706726
999706727
999706728
999706729
999706730
999706731
999706732
999706733
999706734
999706735
999706736
999706737
999706738
999706739
999706740
999706741
999706742
999706743
999706744
999706745
999706746
999706747
999706748
999706749
999706750
999706751
999706752
999706753
999706754
999706755
999706756
999706757
999706758
999706759
999706760
999706761
999706762
999706763
999706764
999706765
999706766
999706767
999706768
999706769
999706770
999706771
999706772
999706773
999706774
999706775
999706776
999706777
999706778
999706779
999706780
999706781
999706782
999706783
999706784
999706785
999708885
999708886
999708887
999708888
999708889
999708890
999708891
999708892
999708893
999708894
999708895
999708896
999708897
999708898
999708899
999708900
999708901
999708902
999708903
999708904
999708905
999708906
999708907
999708908
999708909
999708910
999708911
999708912
999708913
999708914
999708915
999708916
999708917
999708918
999708919
999708920
999708921
999708922
999708923
999708924
999708925
999708926
999708927
999708928
999708929
999708930
999708931
999708932
999708933
999708934
999708935
999708936
999708937
999708938
999708939
999708940
999708941
999708942
1000295771
1000295772
1000295773
1000295774
1000295775
1000295776
1000295777
1000295778
1000295779
1000295780
1000295781
1000295782
1000295783
1000295784
1000295785
1000298358
1000298359
1000298360
1000298361
1000298362
1000298363
1000298364
1000298365
1000298366
1000298367
1000298368
1000298369
1000298370
1000298371
1000298372
1000298373
1000298374
1000298375
1000298376
1000298377
1000298378
1000298379
1000298380
1000298381
1000298382
1000298383
1000298384
1000298385
1000298386
1000298387
1000298388
1000300100
1000300101
1000300102
1000300103
1000300104
1000300105
1000300106
1000300107
1000300108
1000300109
1000300110
1000300111
1000300112
1000300113
1000300114
1000302820
1000302821
1000302822
1000302823
1000302824
1000302825
1000302826
1000302827
1000302828
1000302829
1000302830
1000302831
1000302832
1000302833
1000302834
1000302835
1000302836
1000302837
1000302838
1000302839
1000302840
1000302841
1000302842
1000302843
1000302844
1000302845
1000302846
1000302847
1000302848
1000302849
1000302850
1000302851
1000302852
1000302853
1000302854
1000302855
1000302856
1000302857
1000302858
1000302859
1000302860
1000302861
1000304056
1000304057
1000304058
1000304059
1000369796
1000369797
1000369798
1000369799
1000369800
1000369801
1000369802
1000369803
1000369804
1000369805
1000369806
1000369807
1000369808
1000369809
1000369810
1000369811
1000369812
1000369813
1000369814
1000369815
1000369816
1000369817
1000369818
1000369819
1000369820
1000369821
1000369822
1000369823
1000369824
1000369825
1000369826
1000369827
1000369828
1000369829
1000369830
1000369831
1000371209
1000371210
1000371211
1000371212
1000371213
1000371214
1000371215
1000614225
1000617093
1000617094
1000617095
1000617096
1000634338
1000634339
1000634340
1000634341
1000634342
1000634343
1000634344
1000634345
1000634346
1000634347
1000634348
1000634349
1000634350
1000634351
1000634352
1000634353
1000634354
1000634355
1000634356
1000634357
1000634358
1000634359
1000634360
1000634361
1000634362
1000634363
1000634364
1000634365
1000634366
1000634367
1000634368
1000634369
1000634370
1000634371
1000634372
1000634373
1000634374
1000634375
1000634376
1000634377
1000634378
1000634379
1000634380
1000634381
1000634382
1000634383
1000634384
1000636677
1000636678
1000636679
1000636680
1000636681
1000636682
1000636683
1000636684
1000636685
1000636686
1000636687
1000636688
1000636689
1000636690
1000636691
1000636692
1000636693
1000636694
1000636695
1000636696
1000636697
1000636698
1000636699
1000636700
1000636701
1000636702
1000636703
1000636704
1000636705
1000636706
1000636707
1000636708
1000636709
1000636710
1000636711
1000636712
1000636713
1000636714
1000636715
1000636716
1000636717
1000636718
1000636719
1000636720
1000636721
1000636722
1000640172
1000640173
1000640174
1000640175
1000640176
1000640177
1000640178
1000640179
1000640180
1000640181
1000640182
1000640183
1000640184
1000640185
1000640186
1000640187
1000640188
1000640189
1000640190
1000640191
1000640192
1000640193
1000640194
1000640195
1000640196
1000640197
1000640198
1000640199
1000640200
1000640201
1000640202
1000640203
1000640204
1000841123
1000883853
1000883854
1000883855
1000883856
1000883857
1000883858
1000883859
1000883860
1000883861
1000883862
1000883863
1000883864
1000883865
1000883866
1000883867
1000883868
1000883869
1000883870
1000883871
1000883872
1000883873
1000883874
1000883875
1000883876
1000883877
1000883878
1000883879
1000883880
1000883881
1000883882
1000883883
1000883884
1000898356
1000898357
1000898358
1000898359
1000898360
1000898361
1000898362
1000898363
1000898364
1000898365
1000898366
1000898367
1000898368
1000898369
1000898370
1000898371
1000898372
1000898373
1000898374
1000898375
1000898376
1000898377
1000898378
1000898379
1000898380
1000898381
1000898382
1000898383
1000898384
1000898385
1000898386
1000898387
1000898388
1000898389
1000898390
1000898391
1000898392
1000898393
1000898394
1000898395
1000898396
1000898397
1000898398
1000898399
1000898400
1000898401
1000898402
1000898403
1000898404
1000898405
1000898406
1000898407
1000898408
1000898409
1000898410
1000898411
1000898412
1000898413
1000898414
1000898415
1000898416
1000898417
1000898418
1000898419
1000898420
1000898421
1000898422
1000898423
1000898424
1000898425
1000898426
1000898427
1000898428
1000898429
1000898430
1000898431
1000898432
1000898433
1000898434
1000898435
1000898436
1001213286
1001213287
1001213288
1001213289
1001213290
1001213291
1001213292
1001213293
1001213294
1001213295
1001213296
1001214706
1001214708
1001214709
1001214710
1001214711
1001214712
1001214713
1001214714
1001214715
1001214716
1001214717
1001214718
1001214719
1001214720
1001214721
1001214722
1001214723
1001214724
1001214725
1001214726
1001214727
1001214728
1001214729
1001214730
1001214731
1001218514
1001218515
1001218516
1001218517
1001218518
1001218519
1001218520
1001218521
1001218522
1001218523
1001218524
1001218525
1001218526
1001218527
1001218528
1001218529
1001218530
1001218531
1001218532
1001218533
1001218534
1001218535
1001218536
1001218537
1001218538
1001218539
1001218540
1001218541
1001218542
1001218543
1001218544
1001218545
1001218546
1001218547
1001218548
1001218549
1001218550
1001239978
1001239979
1001239980
1001239981
1001239982
1001239983
1001239984
1001239985
1001239986
1001239987
1001239988
1001239989
1001239990
1001239991
1001239992
1001239993
1001239994
1001239995
1001239996
1001239997
1001239998
1001239999
1001240000
1001240001
1001240002
1001240003
1001240004
1001240005
1001240006
1001240007
1001240008
1001240009
1001240010
1001240011
1001240012
1001240013
1001240014
1001240015
1001240016
1001240017
1001240018
1001240019
1001240020
1001240021
1001240022
1001240023
1001240025
1001240026
1001240027
1001240028
1001240029
1001240030
1001240031
1001240032
1001240033
1001550581
1001551490
1001551491
1001551492
1001551493
1001551494
1001551495
1001551496
1001551497
1001551498
1001551499
1001551500
1001551501
1001551502
1001551503
1001551504
1001551505
1001551506
1001554312
1001554313
1001554314
1001554315
1001554316
1001554317
1001554318
1001554319
1001554321
1001554322
1001554323
1001554324
1001554325
1001554326
1001554327
1001554328
1001554329
1001554330
1001554331
1001554332
1001554334
1001554335
1001554336
1001554337
1001554338
1001554339
1001554340
1001554341
1001554342
1001554343
1001554344
1001554345
1001554346
1001554347
1001554348
1001554349
1001554350
1001554351
1001554352
1001554353
1001554354
1001554356
1001554357
1001554358
1001557325
1001557326
1001557327
1001557328
1001557329
1001557330
1001557331
1001557332
1001557333
1001571932
1001775003
1001775004
1001809321
1001809322
1001809323
1001809324
1001809325
1001809326
1001809327
1001809328
1001809329
1001809330
1001809331
1001809332
1001809333
1001809334
1001809335
1001809336
1001809337
1001809338
1001809339
1001809340
1001809341
1001809342
1001809343
1001809344
1001809345
1001809347
1001809349
1001809350
1001809352
1001809354
1001809355
1001809356
1001809357
1001809358
1001809359
1001809360
1001809361
1001809362
1001809363
1001809364
1001809365
1001809366
1001809367
1001809368
1001809369
1001809370
1001809371
1001809372
1001809373
1001809374
1001809375
1001809376
1001809377
1001809378
1001809379
1001809380
1001809381
1001809382
1001809383
1001809384
1001809385
1001809386
1001809387
1001809388
1001809389
1001809390
1001809391
1001809392
1001809393
1001809394
1001809395
1001809396
1001809397
1001809398
1001809399
1001809400
1001809401
1001809402
1001809403
1001809404
1001809405
1001809406
1001809407
1001809408
1001809409
1001809410
1001809411
1001809412
1001809413
1001809414
1001809415
1001811650
1001813527
1001813528
1001813529
1001813530
1001813531
1001813532
1001813533
1001813534
1001813535
1001813536
1001813537
1001813538
1001813539
1001813540
1001813541
1001813542
1001813543
1001813544
1001813545
1001813546
1001813547
1001813548
1001813549
1001813550
1001813551
1001813552
1001813553
1001813554
1001813555
1001813556
1001813557
1001813558
1001813559
1001828678
1001828679
1001828680
1001828681
1001828682
1001828683
1001828684
1001828685
1001828686
1001828687
1001828688
1001828689
1001900701
1001900702
1001900792
1002007993
1002087859
1002087860
1002087861
1002087862
1002087863
1002087864
1002087865
1002087866
1002087867
1002087868
1002087869
1002087870
1002087871
1002087872
1002087873
1002087874
1002087875
1002087876
1002087877
1002087878
1002087879
1002087880
1002087881
1002087882
1002087883
1002087884
1002087885
1002087886
1002087887
1002087888
1002087889
1002087890
1002087891
1002087892
1002087893
1002087894
1002087895
1002087896
1002087897
1002087898
1002087899
1002087900
1002087901
1002087902
1002087903
1002087904
1002087905
1002087906
1002087907
1002087908
1002087909
1002087910
1002087911
1002087912
1002087913
1002087914
1002087915
1002087916
1002087917
1002087918
1002087919
1002087920
1002087921
1002087922
1002087923
1002087924
1002087925
1002087926
1002087927
1002087928
1002087929
1002087930
1002087931
1002087932
1002087933
1002087934
1002087935
1002087936
1002087937
1002087938
1002087939
1002087940
1002087941
1002087942
1002087943
1002087944
1002087945
1002087946
1002087947
1002087948
1002087949
1002087950
1002087951
1002087952
1002087953
1002087954
1002087955
1002087956
1002087957
1002087958
1002089850
1002089851
1002089853
1002089854
1002089855
1002089856
1002089857
1002089858
1002089859
1002089860
1002089861
1002089862
1002089863
1002089864
1002089865
1002089866
1002089867
1002089868
1002089869
1002089870
1002089871
1002089872
1002089873
1002089874
1002089875
1002089876
1002089877
1002107927
1002107928
1002107929
1002107930
1002107931
1002107932
1002107933
1002107934
1002107935
1002107936
1002107937
1002107938
1002107939
1002107940
1002107941
1002107942
1002107943
1002107944
1002107945
1002107946
1002107947
1002107948
1002107949
1002107950
1002107951
1002107952
1002107953
1002107954
1002107955
1002107956
1002107957
1002107958
1002107959
1002107960
1002107961
1002107962
1002107963
1002107964
1002107965
1002107966
1002107967
1002107968
1002107969
1002107970
1002107971
1002107972
1002107973
1002107974
1002107975
1002107976
1002107977
1002107978
1002107979
1002107980
1002107981
1002107982
1002107983
1002107984
1002107985
1002107986
1002107987
1002107988
1002107989
1002107990
1002107991
1002107992
1002107993
1002107994
1002107995
1002107996
1002107997
1002107998
1002132110
1002132111
1002132112
1002132113
1002132114
1002132115
1002132116
1002132117
1002132118
1002132119
1002132120
1002132121
1002132122
1002132123
1002132124
1002132125
1002132126
1002132127
1002132128
1002132129
1002132130
1002132131
1002132132
1002132133
1002132134
1002132135
1002132136
1002132137
1002132138
1002132139
1002132140
1002132141
1002132142
1002132143
1002132144
1002132145
1002132146
1002132147
1002132148
1002132149
1002132150
1002132151
1002132152
1002132153
1002132154
1002132155
1002132156
1002552221
1002553425
1002554800
1002554801
1002554802
1002554803
1002554804
1002554805
1002554806
1002554807
1002567901
1002738941
1002738942
1002738943
1002738944
1002738945
1002738946
1002738947
1002738948
1002738949
1002738950
1002738951
1002738952
1002738953
1002738954
1002738955
1002738956
1002738957
1002738958
1002738959
1002738960
1002738961
1002738962
1002738963
1002738964
1002738965
1002738966
1002738967
1002738968
1002738969
1002738970
1002738971
1002738972
1002738973
1002738974
1002738975
1002738976
1002738977
1002738978
1002738979
1002738980
1002738981
1002738982
1002738983
1002738984
1002738985
1002738986
1002738987
1002738988
1002738989
1002738990
1002738991
1002738992
1002738993
1002738994
1002738995
1002738996
1002738997
1002738998
1002738999
1002739000
1002739001
1002739002
1002739003
1002739004
1002739005
1002739006
1002739007
1002739008
1002739009
1002739010
1002739011
1002739012
1002739013
1002739014
1002739015
1002739016
1002739017
1002739018
1002739019
1002739020
1002739021
1002739022
1003037640
1003204573
1003204574
1003204575
1003204576
1003204577
1003204578
1003204579
1003204580
1003204581
1003204582
1003204583
1003204584
1003204585
1003204586
1003204587
1003204588
1003204589
1003204590
1003204591
1003204592
1003204593
1003204594
1003204595
1003204596
1003204597
1003204598
1003204599
1003204600
1003204601
1003204602
1003204603
1003204604
1003204605
1003204606
1003204607
1003204608
1003204609
1003204610
1003204611
1003204612
1003204613
1003204614
1003204615
1003204616
1003204617
1003204618
1003204619
1003204620
1003204621
1003204622
1003204623
1003209459
1003209460
1003209461
1003209462
1003209463
1003209464
1003209465
1003209466
1003209467
1003209468
1003209469
1003209470
1003209471
1003209472
1003209473
1003209474
1003209475
1003209476
1003209477
1003209478
1003209479
1003209480
1003209481
1003209482
1003209483
1003209484
1003209485
1003209486
1003209487
1003209488
1003209489
1003209490
1003209491
1003209492
1003209493
1003209494
1003209495
1003209496
1003209497
1003209498
1003209499
1003209500
1003209501
1003209502
1003213927
1003213928
1003213929
1003213930
1003213931
1003213932
1003213933
1003213934
1003213935
1003213936
1003213937
1003213938
1003213939
1003213940
1003213941
1003213942
1003213943
1003213944
1003213945
1003213946
1003213947
1003213948
1003213949
1003213950
1003213951
1003213952
1003213953
1003213954
1003213955
1003213956
1003559472
1003561619
1003562838
1003668435
1003689553
1003689554
1003689555
1003689556
1003689557
1003689558
1003689559
1003689560
1003689561
1003689562
1003689563
1003689564
1003689565
1003689566
1003689567
1003689568
1003689569
1003689570
1003689571
1003689572
1003689573
1003689574
1003689575
1003689576
1003689577
1003689578
1003689579
1003689580
1003689581
1003689582
1003689583
1003689584
1003689585
1003689586
1003689587
1003689588
1003689589
1003689590
1003689591
1003689592
1003689593
1003689594
1003689595
1003689596
1003689597
1003689598
1003689599
1003689600
1003689601
1003689602
1003689603
1003689604
1003689605
1003689606
1003689607
1003689608
1003689609
1003689610
1003689611
1003689612
1003689613
1003689614
1003689615
1003689616
1003689617
1003689618
1003689619
1003689620
1003689621
1003689622
1003689623
1003689624
1003689625
1003689626
1003689627
1003689628
1003689629
1003689630
1003689631
1003689632
1003689633
1003689634
1003689635
1003689636
1003689637
1003689638
1003689639
1003709168
1003709169
1003709170
1003709171
1003709172
1003709173
1003709174
1003709175
1003709176
1003709177
1003709178
1003709179
1003709180
1003709181
1003709182
1003709183
1003709184
1003709185
1003709186
1003709187
1003709188
1003709189
1003709190
1003709191
1003709192
1003709193
1003709194
1003709195
1003709196
1003709197
1003709198
1003709199
1003709200
1003709201
1003709202
1003709203
1003709204
1003709205
1003709206
1003709207
1003709208
1003709209
1003709210
1003709211
1003709212
1003709213
1003709214
1003709215
1003709216
1003709217
1004150980
1004379737
1004379738
1004384591
1004387149
1004394352
1005288418
1005298572
1005299244
1005396583
1005408427
1005408428
1005408429
1005408430
1005408431
1005408432
1005408433
1005408434
1005408435
1005408436
1005408437
1005408438
1005408439
1005408440
1005408441
1005408442
1005408443
1005408444
1005408445
1005408446
1005408447
1005408448
1005408449
1005408450
1005408451
1005408452
1005408453
1005408454
1005408455
1005408456
1005408457
1005408458
1005408459
1005408460
1005408461
1005408462
1005408463
1005408464
1005408465
1005408466
1005408467
1005408468
1005408469
1005409663
1005409664
1005409665
1005409666
1005409667
1005409668
1005409669
1005414462
1005414463
1005414464
1005414465
1005414466
1005414467
1005414468
1005414469
1005414470
1005414471
1005414472
1005414473
1005414474
1005414475
1005414476
1005414477
1005414478
1005414479
1005414480
1005420967
1005697625
1005697626
1005697627
1005697628
1005697629
1005697630
1005697631
1005959830
1005959831
1005959832
1005959833
1005959834
1005959835
1005959836
1005959837
1005959838
1005959839
1005959840
1005959841
1005959842
1005959843
1005959844
1005959845
1005959846
1005959847
1005959848
1005959849
1005959850
1005959851
1005959852
1005959853
1006300408
1006300409
1006527666
1006527667
1006527668
1006527669
1006527670
1006527671
1006527672
1006527673
1006527674
1006527675
1006527676
1006527677
1006527678
1006527679
1006545664
1006545665
1006545666
1006545667
1006545668
1006545669
1006545670
1006545671
1006545672
1006545673
1006545674
1006545675
1006545676
1006545677
1006545678
1006545679
1006545680
1006545681
1006545682
1006545683
1006545684
1006545685
1006545686
1006545687
1006545688
1006545689
1006545690
1006545691
1006545692
1006545693
1006545694
1006545695
1006545696
1006545697
1006545698
1006545699
1006545700
1006545701
1006545702
1006545703
1006545704
1006545705
1006545706
1006545707
1006545708
1006545709
1006545710
1006545711
1006545712
1006545713
1006545714
1006545715
1006545716
1006545717
1006545718
1006545719
1006545720
1006545721
1006545722
1006545723
1006545724
1006545725
1006545726
1006545727
1006545728
1006545729
1006545730
1006545731
1006545732
1006545733
1006545734
1006545735
1006545736
1006545737
1006545738
1006545739
1006545740
1006545741
1006545742
1006545743
1006545744
1006545745
1006545746
1006545747
1006545748
1006545749
1006545750
1006545751
1006545752
1006545753
1006545754
1006545755
1006545756
1006545757
1006545758
1006545759
1006545760
1006545761
1006545762
1006545763
1006545764
1006545765
1006550204
1006550205
1006550206
1006550207
1006550208
1006550209
1006550210
1006550211
1006550212
1006550213
1006550214
1006550215
1006550216
1006550217
1006550218
1006550219
1006550220
1006550221
1006550222
1006550223
1006550224
1006550225
1006550226
1006550227
1006550228
1006550229
1006550230
1006550231
1006550232
1006550233
1006550234
1006550235
1006550236
1006550237
1006550238
1006550239
1006550240
1006550241
1006550242
1006554338
1006554339
1006554340
1006554341
1006554342
1006554343
1006554344
1006554345
1006554346
1006554348
1006554349
1006554350
1006554351
1006554352
1006554353
1006554354
1006554355
1006554356
1006554357
1006554358
1006554359
1006554360
1006554361
1006554362
1006554363
1006554364
1006554365
1006554366
1006554367
1006554368
1006554369
1006554370
1006554371
1006679751
1006679752
1006679753
1006679754
1006679755
1006679756
1006679757
1006682053
1006682054
1006682055
1006682056
1006682057
1006682058
1006682059
1006682060
1006682061
1006682062
1006682063
1006682064
1006682065
1006682066
1006682067
1006682068
1006682069
1006682070
1006682071
1006682072
1006682073
1006682074
1006682075
1006682076
1006682077
1006682078
1006682079
1006682080
1006682081
1006682082
1006682083
1006682084
1006683098
1006683101
1006683102
1006683103
1006683104
1006683105
1006683106
1006683107
1006683108
1006683109
1006683110
1006683111
1006683112
1006683113
1006683114
1006683115
1006683116
1006683117
1006683118
1006683119
1006683120
1006683121
1006683122
1006683123
1006683124
1006683125
1006683126
1006683127
1006683128
1006683129
1006683130
1006683131
1006683132
1006683133
1006683134
1006683135
1006683136
1006683137
1006683138
1006683139
1006683140
1006683141
1006683142
1006683143
1006683144
1006683145
1006683146
1006683147
1006683148
1006683149
1006683150
1006717648
1006717649
1006717650
1006717651
1006717657
1006717658
1006717659
1006717663
1006717664
1006717665
1006717673
1006717674
1006717675
1006717676
1006717677
1006717678
1006717679
1006717680
1006723497
1006723498
1006723499
1006723500
1006723501
1006723502
1006723503
1006723504
1006723505
1006723506
1006723507
1006723508
1006723509
1006723510
1006723511
1006723512
1006723513
1006723514
1006733125
1007582512
1007807487
1007807488
1007807489
1007807490
1007807491
1007807492
1007807493
1008180721
1008180722
1008180723
1008180724
1008713818
1008713819
1008713820
1008713821
1008713822
1008954899
1009545756
1009545757
1009699057
1009699058
1009699059
1009699060
1009699061
1009699062
1009699063
1009699064
1009699065
1009699066
1009699067
1009699068
1009699069
1009699070
1009699071
1009699072
1009699073
1009699074
1009701361
1009701362
1009701363
1009701364
1009701365
1009701366
1009701367
1009701368
1009701369
1009701370
1009701371
1009701372
1009701373
1009701374
1009701375
1009701376
1009701377
1009701378
1009701379
1009701380
1009701381
1009703652
1009703653
1009703654
1009703655
1009703656
1009703657
1009703658
1009703659
1009703660
1009708152
1009708153
1009708154
1009708155
1009708156
1009708157
1009708158
1009708159
1009708160
1009708161
1009708162
1009708163
1009708164
1009708165
1009708166
1009708167
1009708168
1009708169
1009708170
1009708171
1009708172
1009708173
1009708174
1009708175
1009708176
1009708177
1009708178
1009708179
1009708180
1009708181
1009708182
1009708183
1009708184
1009708185
1009708186
1009708187
1009708188
1009708189
1009708190
1009708191
1009708192
1009708193
1009708194
1009708195
1009708196
1009708197
1009708198
1009708199
1009708200
1009708201
1009708202
1009710648
1009710649
1009710650
1009710651
1009710652
1009710653
1009710654
1009710655
1009710656
1009710657
1009710658
1009710659
1009710660
1009710661
1009710662
1009710663
1009710664
1009710665
1009710666
1009710667
1009710668
1009710669
1009710670
1009710671
1009710672
1009710673
1009710674
1009710675
1009710676
1009710677
1009710678
1009710679
1009710680
1009710681
1009710682
1009710683
1009717495
1009717496
1009717497
1009717498
1009717499
1009717500
1009717501
1009717502
1009717503
1009717504
1009717505
1009717506
1009717507
1009717508
1009717509
1009717510
1009717511
1009717512
1009717513
1009717514
1009717515
1009717516
1009717517
1009717518
1009717519
1009717520
1009717521
1009717522
1009717523
1009717524
1009717525
1009717526
1009717527
1009717528
1009717529
1009717530
1009717531
1009717532
1009717533
1009717534
1009717535
1009717536
1009717537
1009717538
1009717539
1009717540
1009717541
1009717542
1009717543
1009722795
1009722796
1009722797
1009722798
1009722799
1009722800
1009722801
1009722802
1009722803
1009722804
1009722805
1009722806
1009722807
1009722808
1009722809
1009722810
1009722811
1009722812
1009722813
1009722814
1009722815
1009722816
1009722817
1009722818
1009722819
1009722820
1009722821
1009722822
1009722823
1009727083
1009727084
1009727085
1009727086
1009727087
1009727088
1009727089
1009727090
1009727091
1009727092
1009727093
1009727094
1009727095
1009727096
1009727097
1009727098
1009727099
1009727100
1009727101
1009727102
1009727103
1009727104
1009727105
1009727106
1009727107
1009727108
1009727109
1009727110
1009727111
1009727112
1009727113
1009727114
1009727115
1009727116
1009727117
1009727118
1009727119
1009727120
1009727121
1009727122
1009727123
1009727124
1009727125
1009727126
1009727127
1009727128
1009727129
1009727130
1009727131
1009727132
1009727133
1009727134
1009727135
1009727136
1009727137
1009727138
1009727139
1009727140
1009727141
1009727142
1009727143
1009727144
1009727145
1009727146
1009727147
1009727148
1009727149
1009727150
1009727151
1009727152
1009727153
1009727154
1009727155
1009727156
1009727157
1009727158
1009727159
1009727160
1009727161
1009727162
1009727163
1009727164
1009727165
1009727166
1009727167
1009727168
1009727169
1009727170
1009727171
1009727172
1009727173
1009727174
1009727175
1009728631
1009728632
1009728633
1009728634
1009728635
1009728636
1009728637
1009728638
1009728639
1009728640
1009728642
1009729529
1009729530
1009729531
1009729532
1009729533
1009729534
1009729535
1009735771
1009735772
1009735773
1009735774
1009735775
1009735776
1009735777
1009735778
1009735779
1009735780
1009735781
1009735782
1009735783
1009735784
1009735785
1009735786
1009735787
1009735788
1009735789
1009735790
1009735791
1009735792
1009735793
1009735794
1009735795
1009735796
1009735797
1009735798
1009735799
1009735800
1009735801
1009735802
1009735803
1009735804
1009735805
1009735806
1009735807
1009735808
1009735809
1009735810
1009735811
1009735812
1009735813
1009735814
1009735815
1009735816
1009735817
1009735818
1009735819
1009735820
1009735821
1009735822
1009735823
1009735824
1009735825
1009735826
1009735827
1009735828
1009735829
1009735830
1009735831
1009735832
1009736729
1009736730
1009736731
1009736732
1009736733
1009736734
1009737201
1009737202
1009737203
1009737204
1009740507
1009740508
1009740509
1009740510
1009740511
1009740512
1009740513
1009740514
1009740515
1009740516
1009740517
1009740518
1009740519
1009740520
1009740521
1009740522
1009740523
1009740524
1009740525
1009740526
1009740527
1009740528
1009740529
1009740530
1009740531
1009740532
1009740533
1010022133
1010022134
1010022135
1010022136
1010022137
1010022138
1010022139
1010022140
1010022141
1010022142
1010022143
1010022144
1010022145
1010022146
1010025741
1010025742
1010025743
1010025744
1010025745
1010025746
1010025747
1010025748
1010025749
1010025750
1010025751
1010025752
1010025753
1010025754
1010025755
1010025756
1010025757
1010025758
1010025759
1010025760
1010025761
1010025762
1010025763
1010025764
1010025765
1010025766
1010025767
1010025768
1010025769
1010025770
1010025771
1010025772
1010025773
1010324441
1010324442
1010324443
1010324444
1010324445
1010324446
1010324447
1010324448
1010324449
1010324450
1010324451
1010324452
1010324453
1010324454
1010324455
1010324456
1010324457
1010324458
1010324459
1010324460
1010324461
1010324462
1010324463
1010324464
1010324465
1010324466
1010324467
1010324468
1010324469
1010324470
1010324471
1010324472
1010324473
1010324474
1010324475
1010324476
1010324477
1010324478
1010324479
1010324480
1010324481
1010324482
1010324483
1010324484
1010324485
1010324486
1010324487
1010324488
1010324489
1010326490
1010326491
1010326492
1010326493
1010326494
1010327706
1010327707
1010812676
1010812677
1010812678
1010812679
1010812680
1010812681
1010812682
1010812683
1010812684
1010812685
1010812686
1010812687
1010812688
1010812689
1010812690
1011269245
1011269246
1011269247
1011269248
1011269249
1011269250
1011269251
1011269252
1011269253
1011269254
1011269255
1011292313
1011292314
1011292315
1011292316
1011292317
1011292318
1011292319
1011292320
1011292321
1011292322
1011297103
1011297104
1011297105
1011297106
1011297107
1011297108
1011297109
1011297110
1011297111
1011297112
1011297113
1011297114
1011297115
1011297116
1011297117
1011297118
1011297119
1011297120
1011297121
1011297122
1011297123
1011297124
1011297125
1011297126
1011297127
1011297128
1011297129
1011297130
1011297131
1011297132
1011297133
1011297134
1011339458
1011339459
1011339461
1011339462
1011339463
1011853333
1011853334
1011858523
1011858524
1011858525
1011858526
1011858527
1011858528
1011858529
1011859438
1011859439
1011859440
1011859441
1011859442
1011859443
1011859444
1011859445
1011859446
1011860185
1011860186
1011860187
1011860188
1011860189
1011860190
1011860191
1011860192
1011860193
1011860194
1011860195
1011860196
1011860197
1011869850
1011869851
1011869852
1011869853
1011869854
1011869855
1011869856
1011869857
1011869858
1011869859
1011869860
1011869861
1011869862
1011869863
1011869864
1011869865
1011869866
1011869867
1011869868
1011869869
1011869870
1011869871
1011869872
1011869873
1011869874
1011869875
1011869876
1011869877
1011869878
1011869879
1011869880
1011869881
1011869882
1011869883
1011869884
1011869885
1011869886
1011885338
1011885339
1011885340
1011885341
1011885342
1011885343
1011885344
1011885345
1011885346
1011885347
1011885348
1011885349
1011885350
1011885351
1011885352
1011885353
1011885354
1011885355
1011885356
1011885357
1011885358
1011885359
1011885360
1011885361
1011885362
1011885363
1011885364
1011885365
1011885366
1011885367
1011885368
1011885369
1011885370
1011885371
1011885372
1011885373
1011885374
1011885375
1011885376
1011885377
1011885378
1011885379
1011885380
1011885381
1011885382
1011885383
1011885384
1011885385
1011885386
1011885387
1011885388
1012226918
1012226919
1012232974
1012232975
1012232983
1012232984
1012232985
1012232986
1012232987
1012232988
1012232989
1012232990
1012232991
1012232992
1012232993
1012232994
1012232995
1012232996
1012594062
1012594063
1012594064
1012594065
1012594066
1012594067
1012594068
1012594069
1012594070
1012594071
1012595534
1012595535
1012595536
1013849485
1013849486
1013849487
1013849488
1013849489
1013849490
1013849491
1013849492
1013849493
1013849494
1013849495
1013849496
1013849497
1013849498
1013849499
1013849500
1013849501
1013849502
1013849503
1013849504
1013849505
1013849506
1013849507
1013849508
1013849509
1013849510
1013849511
1013849512
1013849513
1013849514
1013849515
1013849516
1013849517
1013849518
1013849519
1013849520
1013849521
1013849522
1013849523
1013849524
1013849525
1013849526
1013849527
1013849528
1013849529
1013849530
1013849531
1013849532
1013849533
1013849534
1013849535
1013849536
1013849537
1013849538
1013849539
1013849540
1013849541
1013849542
1013849543
1013849544
1013849545
1013849546
1013849547
1013849548
1013849549
1013849550
1013849551
1013849552
1013849553
1013849554
1013849555
1013849556
1013849557
1013849558
1013849559
1013849560
1013849561
1013849562
1013849563
1013849564
1013849565
1013849566
1013849567
1013849568
1013849569
1013849570
1013849571
1013849572
1013849573
1013849574
1013849575
1013849576
1013849577
1013849578
1013849579
1013849580
1013849581
1013849582
1013849583
1013849584
1013849585
1013849586
1013849587
1013849588
1013849589
1013849590
1013849591
1013849592
1013849593
1013849594
1013849595
1013849596
1013849597
1013849598
1013849599
1013849600
1013858357
1013858358
1013858359
1013858360
1013858361
1013858362
1013858363
1013858364
1013858365
1013858366
1013858367
1013858368
1013858369
1013858370
1013858371
1013858372
1013858373
1013858374
1013858375
1013858376
1013858377
1013858378
1013858379
1013858380
1013858381
1013858382
1013858383
1013858384
1013858385
1013858386
1013858387
1013858388
1013858389
1013858390
1013858391
1013858392
1013858393
1013858394
1013858395
1013858396
1013858397
1013858398
1013858399
1013858400
1013858401
1013858402
1013858403
1013858404
1013858405
1013858406
1013858407
1013858408
1013858409
1013858410
1013858411
1013858412
1013858413
1013858414
1013858415
1013858416
1013858417
1013858418
1013858419
1013858420
1013858421
1013858422
1013858423
1013858424
1013858425
1013858426
1013858427
1013864633
1013864634
1013864635
1013864636
1013864637
1013864638
1013864639
1013864640
1013864641
1013864642
1013864643
1013864644
1013864645
1013864646
1013864647
1013864648
1013864649
1013864650
1013864651
1013864652
1013864653
1013864654
1013864655
1013864656
1013864657
1013864658
1013864659
1013864660
1013864661
1013864662
1013864663
1013864664
1013864665
1013864666
1013864667
1013864668
1013864669
1013864670
1013864671
1013864672
1013864673
1013864674
1013864675
1013864676
1013864677
1013864678
1013864679
1013864680
1013864681
1013864682
1013864683
1013864684
1013864685
1013864686
1013864687
1013866481
1013866482
1013866483
1013866484
1013866485
1013866486
1013866487
1013866488
1013866489
1013866490
1013866491
1013866492
1013866493
1013866494
1013866495
1013866496
1013866497
1013866498
1013866499
1013866500
1013866501
1013866502
1013866503
1013866504
1013866505
1013866506
1013866507
1013866508
1013866509
1013866510
1013866511
1013866512
1013866513
1013868174
1013868175
1013868176
1013868177
1013868178
1013868179
1013868180
1013868181
1013868182
1013868183
1013868184
1013868185
1013868186
1013868187
1013868188
1013868189
1013868190
1013869996
1013869997
1013869998
1013869999
1013870000
1013870001
1013870002
1013870003
1013870004
1013870005
1013870006
1013870007
1013870008
1013870009
1013870010
1013870011
1013870012
1013870013
1013879942
1013879943
1013879944
1013879945
1013879946
1013879947
1013879948
1013879949
1013879950
1013879951
1013879952
1013879953
1013879954
1013879955
1013879956
1013879957
1013879958
1013879959
1013879960
1013879961
1013879962
1013879963
1013879964
1013879965
1013879966
1013879967
1013879968
1013879969
1013879970
1013879971
1013879972
1013879973
1013879974
1013879975
1013879976
1013879977
1013879978
1013879979
1013879980
1013879981
1013879982
1013879983
1013879984
1013879985
1013879986
1013879987
1013879988
1013879989
1013879990
1013879991
1013879992
1013879993
1013879994
1013879995
1013879996
1013879997
1013879998
1013879999
1013880000
1013880001
1013880002
1013880003
1013880004
1013880005
1013880006
1013880007
1013880008
1013881951
1013881952
1013881953
1013881954
1013881955
1013881956
1013881957
1013881958
1013881959
1013881960
1013881961
1013881962
1013881963
1013881964
1013881965
1013881966
1013881967
1013881968
1013881969
1013881970
1013881971
1013883166
1013883167
1013883168
1013883169
1013883170
1013883171
1013883172
1013883173
1013883174
1013883175
1013883176
1013883177
1013883178
1014026348
1014026349
1014026350
1014026351
1014026352
1014026353
1014026354
1014026355
1014026356
1014026357
1014026358
1014026359
1014026360
1014026361
1014026362
1014026363
1014026364
1014026365
1014026366
1014026367
1014026368
1014026369
1014026370
1014026371
1014026372
1014026373
1014026374
1014026375
1014026376
1014026377
1014026378
1014026379
1014026380
1014026381
1014045237
1014064652
1014064653
1014064654
1014064655
1014064656
1014064657
1014064658
1014064659
1014064660
1014064661
1014064662
1014064663
1014064664
1014064665
1014064666
1014064667
1014064668
1014064669
1014064670
1014064671
1014064672
1014064673
1014064674
1014064675
1014064676
1014068630
1014068631
1014068632
1014068633
1014068634
1014068635
1014068636
1014068637
1014068638
1014068639
1014068640
1014068641
1014068642
1014068643
1014068644
1014068645
1014068646
1014068647
1014068648
1014068649
1014068650
1014068651
1014117595
1014117596
1014117597
1014117598
1014117599
1014117600
1014117601
1014117602
1014117603
1014117604
1014117605
1014117606
1014117607
1014118580
1014118581
1014118582
1014118583
1014118584
1014118585
1014118586
1014118587
1014118588
1014118589
1014118590
1014122656
1014122657
1014122658
1014122659
1014122660
1014122661
1014122662
1014122663
1014122664
1014122665
1014122666
1014122667
1014122668
1014122669
1014122670
1014122671
1014122672
1014122673
1014122674
1014122675
1014122676
1014122677
1014122678
1014122679
1014122680
1014122681
1014122682
1014122683
1014122684
1014122685
1014128259
1014128260
1014128261
1014128262
1014128263
1014128264
1014128265
1014128266
1014128267
1014128268
1014128269
1014128270
1014128271
1014128272
1014128273
1014128274
1014128275
1014128276
1014128277
1014128278
1014128279
1014128280
1014128281
1014128282
1014128283
1014128284
1014128285
1014128286
1014128287
1014128288
1014128289
1014128290
1014128291
1014128292
1014128293
1014128294
1014128295
1014128296
1014128297
1014128298
1014128299
1014128300
1014128301
1014128302
1014128303
1014128304
1014128305
1014128306
1014128307
1014128308
1014128309
1014128310
1014128311
1014128312
1014128313
1014128314
1014128315
1014285830
1014285831
1014285832
1014285833
1014285834
1014285835
1014285836
1014285837
1014285838
1014285839
1014285840
1014285841
1014285842
1014285843
1014285844
1014285845
1014285846
1014285847
1014285848
1014285849
1014285850
1014285851
1014285852
1014285853
1014285854
1014285855
1014285856
1014285857
1014285858
1014285859
1014293183
1014293184
1014293185
1014293186
1014293187
1014293188
1014293189
1014293190
1014293191
1014293192
1014293193
1014293194
1014293195
1014293196
1014293197
1014293198
1014293199
1014293200
1014293201
1014293202
1014293203
1014293204
1014293205
1014293206
1014293207
1014293208
1014293209
1014293210
1014293211
1014293212
1014293213
1014293214
1014293215
1014293216
1014293217
1014293218
1014293219
1014293220
1014293221
1014293222
1014293223
1014368449
1014368450
1014368451
1014368452
1014368453
1014368454
1014368455
1014368456
1014368457
1014368458
1014368459
1014368460
1014368461
1014368462
1014368463
1014368464
1014368465
1014368466
1014368467
1014368468
1014368469
1014368470
1014368471
1014368472
1014368473
1014372346
1014372347
1014372348
1014372349
1014372350
1014373185
1014373186
1014373187
1014373188
1014373189
1014373190
1014373191
1014375681
1014375682
1014375683
1014375684
1014375685
1014375686
1014375687
1015569734
1015569735
1015569736
1015569737
1015569738
1015843910
1015843911
1015843912
1015843913
1015843914
1016181406
1016181407
1016181408
1017573947
1017574294
1017613976
1017798834
1017798835
1017798840
1019826962
1020380195
1020598861
1020598862
1020598863
1020598864
1020598865
1020598866
1020598867
1020598868
1020598869
1020598870
1020598871
1020598872
1020598873
1020598874
1020598875
1020598876
1020598877
1020598878
1020963498
1020963499
1020963501
1020963502
1020963503
1020963504
1022069878
1022069879
1022408272
1022408273
1022863547
1022981122
1022981123
1022981124
1022981125
1022981126
1022981127
1022981128
1022981129
1022981130
1022981131
1022981132
1022981139
1022981140
1022981141
1022981142
1022981143
1022981144
1022981145
1023462628
1023462629
1023463208
1023463209
1023463210
1023463211
1023463212
1027300433
1027611155
1036079390
1036079391
1036079392
1036079393
1036079394
1036079395
1036079396
1036079397
1036079398
1036079399
1036079400
1036079401
1036079402
1036079403
1036079404
1036079405
1036079406
1036079407
1036079408
1036079409
1036079410
1036079411
1036079412
1036079413
1036079414
1036079415
1036079416
1036079417
1036079418
1036079419
1036079420
1036079421
1036079422
1036079423
1036079424
1036079425
1036079426
1036079427
1036083244
1036083245
1036083246
1036083247
1036083248
1036083249
1036083250
1036083251
1036083252
1036083253
1036083254
1036083255
1036083256
1036083257
1036083258
1036083259
1036083260
1036083261
1036083262
1036083263
1036083264
1036083265
1036083266
1036083267
1036083268
1036083269
1036083270
1036083271
1036083272
1036083273
1036083274
1036083275
1036083276
1036083277
1036083278
1036083279
1036083280
1036083281
1036083282
1036083283
1036083284
1036083285
1036083286
1036083287
1036085712
1036085713
1036085714
1036085715
1036085716
1036085717
1036085718
1036085719
1036085720
1036085721
1036085722
1036085723
1036085724
1036085725
1036085726
1036085727
1036085728
1036085729
1036085730
1036085731
1036085732
1036085733
1036085734
1036085735
1036085736
1036085737
1036085738
1036085739
1036085740
1036085741
1036091285
1036091286
1036091287
1036091288
1036091289
1036091290
1036091291
1036091292
1036091293
1036091294
1036091295
1036091296
1036091297
1036091298
1036091299
1036091300
1036091301
1036091302
1036091303
1036091304
1036091305
1036091306
1036091307
1036091308
1036091309
1036091310
1036091311
1036091312
1036091313
1036091314
1036091315
1036091316
1036091317
1036091318
1036091319
1036091320
1036091321
1036091322
1036091323
1036091324
1036091325
1036091326
1036091327
1036091328
1036091329
1036091330
1036091331
1036091332
1036091333
1036091334
1036091335
1036091336
1036091337
1036091338
1036092916
1036092917
1036092918
1036092919
1036092920
1036092921
1036092922
1036092923
1036092924
1036092925
1036092926
1036092927
1036092928
1036092929
1036092930
1036092931
1036092932
1036249393
1036250225
1036250226
1036250227
1036250228
1036250229
1036250230
1036250231
1036337771
1036337772
1036337778
1036390537
1036393835
1036393836
1036393837
1036393838
1036393839
1036393840
1036393841
1036393842
1036393843
1036393844
1036393845
1036393846
1036393847
1036393848
1036393849
1036393850
1036393851
1036393852
1036393853
1036393854
1036393855
1036393856
1036393857
1036393858
1036393859
1036393860
1036393861
1036393862
1036393863
1036393864
1036393865
1036393866
1036393867
1036393868
1036393869
1036393870
1036393871
1036393872
1036393873
1036393874
1036393875
1036393876
1036393877
1036393878
1036393879
1036395790
1036395791
1036395792
1036395793
1036395794
1036395795
1036395796
1036395797
1036395798
1036395799
1036395800
1036395801
1036395802
1036395803
1036395804
1036395805
1036395806
1036395807
1036395808
1036395809
1036395810
1036395811
1036395812
1036395813
1036395814
1036395815
1036395816
1036395817
1036395818
1036395819
1036395820
1036395821
1036395822
1036395823
1036395824
1036395825
1036395826
1036395827
1036395828
1036395829
1036395830
1036395831
1036395832
1036395833
1036395834
1036395835
1036395836
1036395837
1036395838
1036395839
1036395840
1036396527
1036396528
1036396529
1036396530
1036396531
1036396532
1036396533
1036396534
1036396535
1036396536
1036396537
1036396538
1036396539
1036396540
1036396541
1036396542
1036396543
1036396544
1036396545
1036396546
1036396547
1036396548
1036396549
1036399138
1036399139
1036399140
1036399141
1036399142
1036399143
1036399144
1036399145
1036399146
1036399147
1036399148
1036399149
1036399150
1036399151
1036399152
1036399153
1036399154
1036399155
1036399156
1036399157
1036399158
1036399159
1036399160
1036399161
1036399162
1036399163
1036399164
1036633493
1036633494
1036633495
1036633496
1036633497
1036633498
1036633499
1036633500
1036633501
1036633502
1036633503
1036633504
1036633505
1036633506
1036633507
1036633508
1036633509
1036633510
1036633511
1036633512
1036633513
1036633514
1036633515
1036633516
1036633517
1036633518
1036633519
1036633520
1036633521
1036633522
1036633523
1036633524
1036633525
1036633526
1036633527
1036633528
1036633529
1036633530
1036633531
1036633532
1036633533
1036633534
1036633535
1036633536
1036633537
1036633538
1036633539
1036633540
1036633541
1036633542
1036633543
1036633544
1036633545
1036633546
1036633547
1036633548
1036633549
1036633550
1036633551
1036633552
1036633553
1036633554
1036633555
1036633556
1036633557
1036633558
1036633559
1036633560
1036633561
1036633562
1036633563
1036633564
1036633565
1036633566
1036633567
1036633568
1036633569
1036679422
1036679423
1036679424
1036679425
1036679426
1036679427
1036679428
1036679429
1036679430
1036679431
1036679432
1036679433
1036679434
1036679435
1036679436
1036679437
1036679438
1036679439
1036679440
1036679441
1036679442
1036679443
1036679444
1036679445
1036679446
1036679447
1036679448
1036679449
1036679450
1036679451
1036679452
1036983312
1036983313
1036983314
1036983315
1036983316
1036983317
1036983318
1036983319
1036983320
1036983321
1036983322
1036983323
1036983324
1036983325
1036983326
1036983327
1036983328
1036983329
1036983330
1036983331
1036983332
1036983333
1036983334
1036983335
1036983336
1036983337
1036983338
1036983339
1036983340
1036983341
1036983342
1036983343
1036983344
1036983345
1036983346
1036983347
1036983348
1036983349
1036983350
1036983351
1036983352
1036983353
1036983354
1036983355
1036983356
1036983357
1036983358
1036983359
1036983360
1036983361
1036983362
1036983363
1036983364
1036983365
1036983366
1036983367
1036983368
1036983369
1036983370
1036983371
1036983372
1036983373
1036983374
1036983375
1036983376
1036983377
1036983378
1036983379
1036983380
1036983381
1036983382
1036983383
1036983384
1036983385
1036983386
1036983387
1036983388
1036983389
1036983390
1036983391
1036983392
1036983393
1036983394
1036983395
1036983396
1036983397
1036983398
1036983399
1036983400
1036983401
1036983402
1036983403
1036983404
1036983405
1036983406
1036983407
1036983408
1036989361
1036989362
1036989363
1036989364
1036989365
1036989366
1036989367
1036989368
1036989369
1036989370
1036989371
1036989372
1036989373
1036989374
1036989375
1036989376
1036989377
1036989378
1036989379
1036989380
1036989381
1036989382
1036989383
1036989384
1036989385
1036989386
1036989387
1036989388
1036989389
1036989390
1036989391
1036989392
1036989393
1036989394
1036989395
1036989396
1036989397
1036989398
1036989399
1036989400
1036989401
1036989402
1036989403
1036989404
1036989405
1036989406
1036989407
1036989408
1036989409
1036989410
1036989411
1036989412
1036989413
1036989414
1036989415
1036989416
1036989417
1036989418
1036989419
1036989420
1037197037
1037197038
1037197039
1037197040
1037197041
1037197042
1037197043
1037197044
1037197045
1037197046
1037197047
1037197048
1037197049
1037197050
1037197051
1037197052
1037197053
1037197054
1037197055
1037197056
1037197057
1037197058
1037197059
1037197060
1037197061
1037198219
1037198220
1037198221
1037198222
1037198223
1037198224
1037198225
1037198226
1037198227
1037198228
1037198229
1037198230
1037198231
1037198232
1037198233
1037198234
1037198235
1037198236
1037198237
1037198238
1037198239
1037198240
1037198241
1037198242
1037198243
1037198244
1037198245
1037198246
1037198247
1037198248
1037198249
1037198250
1037198251
1037198252
1037198253
1037198254
1037198255
1037198256
1037198257
1037198258
1037200821
1037200822
1037200823
1037200824
1037200825
1037200826
1037200827
1037200828
1037200829
1037200830
1037200831
1037200832
1037200833
1037200834
1037200835
1037200836
1037200837
1037200838
1037200839
1037200840
1037200841
1037200842
1037200843
1037200844
1037200845
1037200846
1037200847
1037200848
1037200849
1037200850
1037200851
1037200852
1037200853
1037200854
1037200855
1037200856
1037200857
1037200858
1037200859
1037200860
1037203669
1037203670
1037203671
1037203672
1037203673
1037203674
1037203675
1037203676
1037203677
1037203678
1037203679
1037203680
1037203681
1037203682
1037203683
1037203684
1037203685
1037203686
1037203687
1037203688
1037203689
1037203690
1037203691
1037203692
1037203693
1037203694
1037203695
1037203696
1037203697
1037203698
1037203699
1037203700
1037203701
1037203702
1037203703
1037203704
1037203705
1037203706
1037203707
1037203708
1037203709
1037203710
1037203711
1037203712
1037203713
1037203714
1037203715
1037203716
1037203717
1037203718
1037203719
1037203720
1037203721
1037203722
1037203723
1037203724
1037208332
1037208333
1037208334
1037208335
1037208336
1037208337
1037208338
1037208339
1037208340
1037208341
1037208342
1037208343
1037208344
1037208345
1037208346
1037208347
1037208348
1037208349
1037208350
1037208351
1037208352
1037208353
1037208354
1037208355
1037208356
1037208357
1037208358
1037208359
1037208360
1037208361
1037208362
1037208363
1037208364
1037208365
1037208366
1037208367
1037208368
1037208369
1037208370
1037208371
1037208372
1037208373
1037208374
1037208375
1037208376
1037208377
1037208378
1037208379
1037208380
1037208381
1037208382
1037215730
1037215731
1037215732
1037215733
1037215734
1037215735
1037215736
1037215737
1037215738
1037215739
1037215740
1037215741
1037215742
1037215743
1037215744
1037215745
1037215746
1037215747
1037215748
1037215749
1037215750
1037215751
1037215752
1037215753
1037215754
1037215755
1037215756
1037215757
1037215758
1037215759
1037215760
1037215761
1037215762
1037215763
1037215764
1037215765
1037215766
1037215767
1037215768
1037215769
1037215770
1037215771
1037215772
1037215773
1037215774
1037215775
1037215776
1037215777
1037215778
1037215779
1037215780
1037215781
1037215782
1037215783
1037215784
1037215785
1037215786
1037215787
1037215788
1037215789
1037215790
1037215791
1037215792
1037215793
1037219074
1037219075
1037219076
1037219077
1037219078
1037219079
1037219080
1037219081
1037219082
1037219083
1037219084
1037219085
1037219086
1037219087
1037219088
1037219089
1037219090
1037219091
1037219092
1037219093
1037219094
1037219095
1037219096
1037219097
1037219098
1037219099
1037219100
1037219101
1037219102
1037219103
1037219104
1037219105
1037219106
1037219107
1037219108
1037219109
1037219110
1037219111
1037219112
1037219113
1037219114
1037219115
1037219116
1037219117
1037219118
1037219119
1037219120
1037219121
1037219122
1037219123
1037219124
1037219125
1037219126
1037219127
1037219128
1037219129
1037219130
1037219131
1037219132
1037219133
1037219134
1037219135
1037219136
1037219633
1037219634
1037219635
1037219636
1037219637
1037219638
1037223780
1037223781
1037223782
1037223783
1037223784
1037223785
1037223786
1037223787
1037223788
1037223789
1037223790
1037223791
1037223792
1037223793
1037223794
1037223795
1037223796
1037223797
1037223798
1037223799
1037223800
1037223801
1037223802
1037223803
1037223804
1037223805
1037227881
1037227882
1037227883
1037227884
1037227885
1037227886
1037227887
1037227888
1037227889
1037227890
1037227891
1037227892
1037227893
1037227894
1037227895
1037227896
1037227897
1037227898
1037227899
1037227900
1037227901
1037227902
1037227903
1037227904
1037227905
1037227906
1037227907
1037227908
1037227909
1037227910
1037227911
1037227912
1037227913
1037227914
1037227915
1037227916
1037227917
1037227918
1037227919
1037227920
1037227921
1037227922
1037227923
1037227924
1037227925
1037227926
1037227927
1037227928
1037227929
1037227930
1037227931
1037227932
1037227933
1037227934
1037227935
1037227936
1037227937
1037227938
1037227939
1037227940
1037227941
1037227942
1037227943
1037227944
1037227945
1037227946
1037227947
1037227948
1037227949
1037227950
1037227951
1037227952
1037227953
1037227954
1037227955
1037227956
1037227957
1037227958
1037227959
1037227960
1037227961
1037227962
1037227963
1037227964
1037227965
1037227966
1037227967
1037227968
1037227969
1037227970
1037227971
1037227972
1037227973
1037227974
1037227975
1037227976
1037227977
1037227978
1037227979
1037227980
1037227981
1037227982
1037227983
1037227984
1037229583
1037229584
1037229585
1037229586
1037229587
1037229588
1037229589
1037229590
1037229591
1037229592
1037229593
1037229594
1037229595
1037229596
1037229597
1037229598
1037229599
1037229600
1037229601
1037229602
1037229603
1037229604
1037229605
1037229606
1037229607
1037229608
1037229609
1037229610
1037229611
1037229612
1037229613
1037229614
1037229615
1037229616
1037229617
1037229618
1037230912
1037230913
1037230914
1037230915
1037230916
1037230917
1037230918
1037230919
1037230920
1037230921
1037230922
1037230923
1037230924
1037230925
1037230926
1037230927
1037230928
1037230929
1037230930
1037230931
1037230932
1037230933
1037230934
1037230935
1037230936
1037230937
1037230938
1037231531
1037231532
1037231533
1037231534
1037231535
1037231536
1037231537
1037231538
1037231539
1037231540
1037232053
1037232054
1037232055
1037232056
1037232057
1037232058
1037232059
1037232060
1037232061
1037232062
1037232063
1037715882
1037715883
1037715884
1037715885
1037719854
1037719855
1037719856
1037719857
1037719858
1037719859
1037719860
1037719861
1037719862
1037719863
1037719864
1037719865
1037719866
1037719867
1037719868
1037719869
1037719870
1037719871
1037719872
1037719873
1037719874
1037719875
1037719876
1037719877
1037719878
1037719879
1037719880
1037719881
1037719882
1037719883
1037719884
1037719885
1037719886
1037719887
1037719888
1037719889
1037719890
1037719891
1037719892
1037719893
1037719894
1037719895
1037719896
1037719897
1037719898
1037719899
1037719900
1037719901
1037719902
1037719903
1037719904
1037719905
1037719906
1037719907
1037719908
1037719909
1037719910
1037719911
1037719912
1037719913
1037719914
1037719915
1037719916
1037719917
1037719918
1037719919
1037719920
1037719921
1037719922
1037719923
1037719924
1037719925
1037719926
1037719927
1037719928
1037719929
1037719930
1037719931
1037719932
1037719933
1037719934
1037719935
1037719936
1037719937
1037719938
1037719939
1037719940
1037719941
1037719942
1037719943
1037719944
1037719945
1037719946
1037719947
1037719948
1037719949
1037719950
1037719951
1037719952
1037719953
1037737136
1037737137
1037737138
1037737139
1037737140
1037737141
1037737142
1037737143
1037737144
1037737145
1037737146
1037737147
1037737148
1037737149
1037737150
1037737151
1037737152
1037737153
1037737154
1037737155
1037737156
1037737157
1037737158
1037737159
1037737160
1037737161
1037737162
1037737163
1037737164
1037737165
1037737166
1037737167
1037737168
1037737169
1037737170
1037737171
1037737172
1037737173
1037737174
1037737175
1037763850
1037763851
1037763852
1037763853
1037763854
1037763855
1037763856
1037763857
1037763858
1037763859
1037763860
1037763861
1037763862
1037763863
1037763864
1037763865
1037763866
1037763867
1037763868
1037763869
1037763870
1037763871
1037763872
1037763873
1037763874
1037763875
1037763876
1037763877
1037763878
1037763879
1037826171
1037826172
1037826173
1037826174
1037826175
1037826176
1037826177
1037826178
1037950890
1038063986
1038063987
1038063988
1038063989
1038063990
1038063991
1038063992
1038063993
1038063994
1038063995
1038063996
1038063997
1038063998
1038063999
1038064000
1038064001
1038064002
1038064003
1038064004
1038064005
1038064006
1038064007
1038064008
1038064009
1038064010
1038064011
1038064012
1038064013
1038064014
1038064015
1038064016
1038064017
1038064018
1038064019
1038064020
1038064021
1038064022
1038064023
1038064024
1038064025
1038064026
1038067411
1038067412
1038067413
1038067414
1038067415
1038067416
1038075911
1038075912
1038075913
1038075914
1038075915
1038075916
1038075917
1038075918
1038075919
1038075920
1038075921
1038075922
1038075923
1038075924
1038075925
1038075926
1038075927
1038075928
1038075929
1038075930
1038075931
1038080391
1038080392
1038080393
1038080394
1038080395
1038086255
1038086256
1038086257
1038086258
1038086259
1038086260
1038086261
1038086262
1038086263
1038086264
1038086265
1038086266
1038094005
1038094006
1038094007
1038094008
1038094009
1038094010
1038094011
1038094012
1038094013
1038094014
1038094015
1038094016
1038094017
1038094018
1038094019
1038094020
1038094021
1038094022
1038094023
1038099309
1038099310
1038099311
1038099312
1038099313
1038099314
1038099315
1038099316
1038099317
1038099318
1038100915
1038100916
1038100917
1038100918
1038100919
1038100920
1038100921
1038100922
1038100923
1038100924
1038103159
1038103160
1038103161
1038103162
1038103163
1038103164
1038103165
1038103166
1038103167
1038253518
1038253519
1038253520
1038253521
1038253522
1038253523
1038253524
1038253525
1038253526
1038253527
1038253528
1038253531
1038253532
1038253533
1038253534
1038253535
1038253536
1038253537
1038253539
1038253540
1038253541
1038330282
1038330283
1038330284
1038330285
1038330286
1038330287
1038330288
1038330289
1038330290
1038330291
1038330292
1038330293
1038330294
1038330295
1038330296
1038330297
1038330298
1038330299
1038330300
1038330301
1038330302
1038330303
1038330304
1038669554
1038669555
1038669556
1038669557
1038669558
1038669559
1038669560
1038669561
1038669562
1038669563
1038669564
1038669565
1038669566
1038853205
1038853206
1038853207
1038853208
1038853209
1038853210
1038853211
1038853212
1038853213
1038853214
1038853215
1038853216
1038853217
1038853218
1038853219
1038853220
1038853221
1038853222
1038853223
1038853224
1038853225
1038853226
1038853227
1038853228
1038853229
1038853230
1038853231
1038853232
1038853233
1038853234
1038853235
1038853236
1038853237
1038853238
1038853239
1038853240
1038853241
1038853242
1038853243
1038853244
1038853245
1038853246
1038853247
1038853248
1038853249
1038853250
1038853251
1038853252
1038853253
1038853254
1038853255
1038853256
1038853257
1038855463
1038855464
1038855465
1038856808
1038856809
1038856810
1038856811
1038856812
1038859561
1038859562
1038859563
1038859564
1038859565
1038863277
1038863278
1038863279
1038863280
1038863281
1038863282
1038863283
1038863284
1038863285
1038863716
1038863717
1038865715
1038865716
1038865717
1038865718
1038865719
1038865720
1038865721
1038865722
1038865723
1038865724
1038865725
1038868254
1038868255
1038868256
1038868257
1038868258
1038868259
1038868260
1038868261
1038868262
1038868263
1038868264
1038868265
1038868266
1038869878
1038869879
1038869880
1038869881
1038869882
1038869883
1038869884
1038869885
1038869886
1038869887
1038869888
1038869889
1038869890
1038869891
1038869892
1038869893
1038869894
1038869895
1038869896
1038869897
1038869898
1038869899
1038869900
1038869901
1038869902
1038869903
1038871079
1038871080
1038871081
1038871082
1038871083
1038871084
1038871085
1038871086
1038871087
1038871088
1038871089
1038871090
1038871091
1038871092
1038871093
1038871094
1038871095
1038871096
1038871097
1038871098
1038871099
1038871100
1038871101
1038871102
1038871103
1038871104
1038871105
1038871106
1038871107
1038871108
1038871109
1038871110
1038871111
1038871112
1038871113
1038871114
1038871115
1038871116
1038871117
1038871118
1038871119
1038871120
1038871121
1038871122
1038871123
1038871124
1038871125
1038871126
1038871127
1038871128
1038871129
1038871130
1038871131
1038871132
1038878109
1038878110
1038878111
1038878112
1038878113
1038878114
1038878115
1038878116
1038878117
1038878118
1038878119
1038878120
1038878121
1038878122
1038878123
1038878124
1038878125
1038878126
1038878127
1038878128
1038878129
1038878130
1038878131
1038878132
1038878133
1038878134
1038878135
1038878136
1038878137
1038878138
1038878139
1038878140
1038878141
1038878142
1038878143
1038878144
1038878145
1038878146
1038878147
1038878148
1038878149
1038878150
1038878151
1038878152
1038878153
1038878154
1038878155
1038878156
1038878157
1038878158
1038878159
1038878160
1038878161
1038878162
1038878163
1038878164
1038878165
1038878166
1038882632
1038882633
1038882634
1038882635
1038882636
1038882637
1038882638
1038882639
1038882640
1038882641
1038882642
1038882643
1038882644
1038882645
1038882646
1038882647
1038882648
1038882649
1038882650
1038882651
1038882652
1038882653
1038882654
1038882655
1038882656
1038882657
1038882658
1038882659
1038882660
1038882661
1038882662
1038882663
1038882664
1038882665
1038882666
1038882667
1038882668
1038882669
1038882670
1038882671
1038882672
1038882673
1038882674
1038882675
1038882676
1038882677
1038882678
1038882679
1038882680
1038882681
1038882682
1038882683
1038882684
1038882685
1038882686
1038882687
1038882688
1038882689
1038882690
1038882691
1038882692
1038882693
1038882694
1038882695
1038882696
1038882697
1038882698
1038882699
1038882700
1038882701
1038882702
1038882703
1038882704
1038882705
1038882706
1038882707
1038882708
1038985415
1038985416
1038985417
1038985418
1038985419
1038985420
1038985421
1038985422
1038985423
1038985424
1038985425
1038985426
1038985427
1038985428
1038985429
1038985430
1038985431
1038985432
1038985433
1038985434
1038985435
1038985436
1038985437
1038985438
1038985439
1038985440
1038985441
1038985442
1038985443
1038985444
1038989497
1038989498
1038989499
1038989500
1038989501
1038989502
1038989503
1038989504
1038989505
1038989506
1038989507
1038989508
1038989509
1038989510
1038989511
1038989512
1038989513
1038989514
1038989515
1038989516
1038989517
1038989518
1038989519
1038989520
1038989521
1038989522
1038989523
1038989524
1038989525
1038991519
1038991520
1038991521
1038991522
1038991523
1038991524
1038991525
1038991526
1038991527
1038991528
1038991529
1038991530
1038991531
1038991532
1038991533
1038991534
1038991535
1038991536
1038991537
1038991538
1038991539
1038993909
1038993910
1038993911
1038993912
1038993913
1038993914
1038993915
1038993916
1038993917
1038993918
1038993919
1038993920
1038993921
1038993922
1038993923
1038993924
1038993925
1038993926
1038993927
1038993928
1038993929
1038993930
1038993931
1038993932
1038993933
1038993934
1038993935
1038993936
1038993937
1038993938
1038993939
1038993940
1038993941
1038993942
1038997684
1038997685
1038997686
1038997687
1038997688
1038997689
1038997690
1038997691
1038997692
1038997693
1038997694
1038997695
1038997696
1038997697
1038997698
1038997699
1038997700
1038997701
1038997702
1038997703
1038997704
1038997705
1038997706
1038997707
1038997708
1038997709
1038997710
1038997711
1038997712
1038997713
1038997714
1038997715
1038997716
1038997717
1038997718
1039007195
1039007196
1039007197
1039007198
1039007199
1039007200
1039007201
1039007202
1039007203
1039007204
1039007205
1039007206
1039007207
1039007208
1039007209
1039007210
1039007211
1039007212
1039007213
1039007214
1039007215
1039007216
1039007217
1039007218
1039007219
1039007220
1039007221
1039007222
1039007223
1039007224
1039007225
1039007226
1039007227
1039007228
1039007229
1039007230
1039007231
1039007232
1039007233
1039007234
1039007235
1039007236
1039007237
1039007238
1039007239
1039007240
1039007241
1039007242
1039007243
1039007244
1039007245
1039007246
1039007247
1039007248
1039007249
1039007250
1039007251
1039007252
1039007253
1039007254
1039007255
1039007256
1039007257
1039007258
1039007259
1039007260
1039007261
1039007262
1039007263
1039099974
1039099975
1039099976
1039099977
1039099978
1039099979
1039099980
1039099981
1039099982
1039099983
1039099984
1039099985
1039162357
1039162358
1039162359
1039162360
1039162361
1039162362
1039162363
1039162364
1039162365
1039162366
1039162367
1039162368
1039162369
1039162370
1039162371
1039162372
1039162373
1039162374
1039162375
1039162376
1039162377
1039162378
1039162379
1039162380
1039162381
1039162382
1039162383
1039162384
1039162385
1039162386
1039162387
1039162388
1039162389
1039162390
1039162391
1039162392
1039162393
1039162394
1039162395
1039176886
1039176887
1039176888
1039176889
1039176890
1039176891
1039176892
1039176893
1039176894
1039176895
1039176896
1039176897
1039176898
1039176899
1039176900
1039176901
1039176902
1039176903
1039176904
1039176905
1039176906
1039176907
1039176908
1039176909
1039176910
1039176911
1039176912
1039176913
1039176914
1039176915
1039176916
1039176917
1039176918
1039176919
1039176920
1039176921
1039176922
1039176923
1039176924
1039176925
1039176926
1039176927
1039176928
1039176929
1039176930
1039176931
1039176932
1039176933
1039176934
1039176935
1039176936
1039176937
1039176938
1039176939
1039176940
1039176941
1039176942
1039176943
1039176944
1039176945
1039176946
1039176947
1039176948
1039176949
1039176950
1039176951
1039176952
1039176953
1039180838
1039180839
1039180840
1039180841
1039180842
1039180843
1039180844
1039180845
1039180846
1039180847
1039180848
1039180849
1039180850
1039180851
1039180852
1039180853
1039180854
1039180855
1039180856
1039180857
1039180858
1039180859
1039180860
1039180861
1039180862
1039180863
1039180864
1039180865
1039180866
1039180867
1039180868
1039180869
1039180870
1039180871
1039180872
1039180873
1039180874
1039180875
1039180876
1039180877
1039180878
1039180879
1039180880
1039180881
1039180882
1039180883
1039180884
1039180885
1039180886
1039180887
1039180888
1039180889
1039180890
1039180891
1039180892
1039180893
1039180894
1039180895
1039180896
1039180897
1039180898
1039180899
1039180900
1039180901
1039180902
1039182294
1039182295
1039182296
1039182297
1039182298
1039182299
1039182300
1039182301
1039182302
1039182303
1039182304
1039182305
1039182306
1039182307
1039182308
1039182309
1039182310
1039182311
1039182312
1039182313
1039182314
1039182315
1039182316
1039182317
1039182318
1039183695
1039183696
1039183697
1039183698
1039183699
1039183700
1039183701
1039183702
1039183703
1039183704
1039183705
1039183706
1039183707
1039183708
1039183709
1039183710
1039183711
1039183712
1039183713
1039183714
1039183715
1039183716
1039183717
1039183718
1039183719
1039183720
1039183721
1039183722
1039183723
1039183724
1039183725
1039183726
1039183727
1039183728
1039183729
1039183730
1039183731
1039183732
1039193092
1039193093
1039193094
1039193095
1039193096
1039193097
1039193098
1039193099
1039193100
1039193101
1039193102
1039193103
1039193104
1039193105
1039193106
1039193107
1039193108
1039193109
1039193110
1039193111
1039193112
1039193113
1039193114
1039193115
1039193116
1039193117
1039193118
1039193119
1039193120
1039193121
1039193122
1039193123
1039193124
1039193125
1039193126
1039193127
1039193128
1039193129
1039193130
1039193131
1039193132
1039193133
1039193134
1039193135
1039193136
1039193137
1039193138
1039193139
1039193140
1039193141
1039193142
1039193143
1039193144
1039193145
1039193146
1039193147
1039193148
1039193149
1039193150
1039409265
1039409266
1039409267
1039409268
1039409269
1039409270
1039409271
1039409272
1039409273
1039409274
1039409275
1039409276
1039409277
1039409278
1039409279
1039409280
1039409281
1039409282
1039409283
1039409284
1039409285
1039409286
1039409287
1039409288
1039409289
1039409290
1039409291
1039409292
1039409293
1039409294
1039409295
1039409296
1039409297
1039409298
1039409299
1039409300
1039417863
1039417864
1039417865
1039417866
1039417867
1039417868
1039417869
1039417870
1039417871
1039417872
1039417873
1039417874
1039417875
1039417876
1039417877
1039417878
1039417879
1039417880
1039417881
1039417882
1039417883
1039423679
1039423680
1039423681
1039423682
1039423683
1039423684
1039423685
1039423686
1039423687
1039423688
1039423689
1039423690
1039423691
1039423692
1039423693
1039423694
1039423695
1039423696
1039423697
1039423698
1039423699
1039423700
1039423701
1039423702
1039428526
1039428527
1039428528
1039428529
1039428530
1039428531
1039428532
1039428533
1039428534
1039428535
1039428536
1039428537
1039428538
1039428539
1039428540
1039428541
1039428542
1039428543
1039428544
1039428545
1039428546
1039428547
1039428548
1039428549
1039428550
1039428551
1039428552
1039428553
1039428554
1039428555
1039428556
1039428557
1039428558
1039439305
1039439306
1039439307
1039439308
1039439309
1039439310
1039439311
1039439312
1039439313
1039439314
1039439315
1039439316
1039439317
1039439318
1039439319
1039439320
1039439321
1039439322
1039439323
1039439324
1039439325
1039439326
1039439327
1039439328
1039439329
1039439330
1039439331
1039439332
1039439333
1039439334
1039439335
1039439336
1039439337
1039439338
1039439339
1039439340
1039439341
1039439342
1039439343
1039439344
1039439345
1039439346
1039439347
1039439348
1039439349
1039439350
1039439351
1039439352
1039439353
1039439354
1039439355
1039439356
1039439357
1039439358
1039439359
1039439360
1039439361
1039439362
1039439363
1039439989
1039439990
1039439991
1039439992
1039439993
1039439994
1039439995
1039439996
1039439997
1039439998
1039439999
1039440000
1039440001
1039440002
1039440003
1039440004
1039440005
1039441608
1039441609
1039441610
1039441611
1039441612
1039441613
1039441614
1039441615
1039441616
1039441617
1039441618
1039441619
1039441620
1039441621
1039441622
1039441623
1039441624
1039441625
1039441626
1039441627
1039441628
1039441629
1039441630
1039441631
1039441632
1039441633
1039441634
1039441635
1039441636
1039441637
1039441638
1039441639
1039441640
1039441641
1039441642
1039441643
1039441644
1039441645
1039441646
1039441647
1039443996
1039443997
1039443998
1039443999
1039444000
1039444001
1039444002
1039444003
1039444004
1039444005
1039444006
1039444007
1039444008
1039444009
1039444010
1039444011
1039444012
1039444013
1039444014
1039444015
1039444016
1039444017
1039444018
1039444019
1039444020
1039444021
1039444022
1039444023
1039444024
1039444025
1039444026
1039444027
1039444028
1039698102
1039698103
1039698104
1039698105
1039698106
1039698107
1039698108
1039698109
1039698110
1039698111
1039698112
1039698113
1039698114
1039698115
1039698116
1039698117
1039698118
1039698119
1039698120
1039698121
1039698122
1039698123
1039698124
1039698125
1039698126
1039698127
1039698128
1039698129
1039698130
1039698131
1039698132
1039698133
1039704281
1039704282
1039704283
1039704284
1039704285
1039704286
1039704287
1039704288
1039704289
1039704290
1039704291
1039704292
1039704293
1039704294
1039704295
1039704296
1039704297
1039704298
1039704299
1039704300
1039704301
1039704302
1039704303
1039704304
1039704305
1039704306
1039713063
1039713064
1039713065
1039713066
1039713067
1039713068
1039713069
1039713070
1039713071
1039717222
1039717223
1039717224
1039717225
1039717226
1039717227
1039717228
1039717229
1039717230
1039717231
1039717232
1039717233
1039717234
1039717235
1039717236
1039717237
1039717238
1039717239
1039717240
1039717241
1039717242
1039717243
1039717244
1039717245
1039717246
1039717247
1039717248
1039717249
1039717250
1039717251
1039717252
1039717253
1039717254
1039717255
1039717256
1039717257
1039719552
1039719553
1039719554
1039719555
1039719556
1039719557
1039719558
1039719559
1039719560
1039719561
1039719562
1039719563
1039719564
1039719565
1039719566
1039719567
1039719568
1039719569
1039719570
1039719571
1039719572
1039719573
1039719574
1039719575
1039719576
1039719577
1039909554
1040056486
1040056487
1040056488
1040056489
1040056490
1040056491
1040056492
1040056493
1040056494
1040056495
1040056496
1040056497
1040056498
1040057655
1040057656
1040057657
1040057658
1040057659
1040057660
1040057661
1040057662
1040057663
1040057664
1040057665
1040057666
1040057667
1040058680
1040058681
1040058682
1040058683
1040058684
1040058685
1040058686
1040058687
1040058688
1040058689
1040146979
1040146980
1040146981
1040146982
1040146983
1040146984
1040153746
1040153747
1040153748
1040153749
1040153750
1040153751
1040153752
1040153753
1040153754
1040153755
1040153756
1040153757
1040153758
1040657116
1040657117
1040657118
1040657119
1040657120
1040657121
1040657122
1040657123
1040657124
1040657125
1040657126
1040657127
1040657128
1040657129
1040657130
1040657131
1040657132
1040657133
1040657134
1040657135
1040657136
1040657137
1040657138
1040657139
1040657140
1040657141
1040657142
1040657143
1040657144
1040657145
1040657146
1040657147
1040657148
1040657149
1040659053
1040659054
1040659055
1040659056
1040659057
1040659058
1040659059
1040659060
1040659061
1040659062
1040659063
1040659064
1040659065
1040659066
1040659067
1040659068
1040659069
1040659070
1040659071
1040659072
1040659073
1040659074
1040659075
1040659076
1040659077
1040659078
1040659079
1040659080
1040659081
1040661078
1040661079
1040661080
1040661081
1040661082
1040661083
1040661084
1040661085
1040661086
1040661087
1040661088
1040661089
1040661090
1040661091
1040661092
1040661093
1040661094
1040661095
1040661096
1040661097
1040661098
1040661099
1040661100
1040661101
1040661102
1040661103
1040661104
1040661105
1040661106
1040661107
1040661108
1040661109
1040661110
1040661111
1040661112
1040661113
1040661114
1040661115
1040661116
1040661117
1040661118
1040665305
1040665306
1040665307
1040665308
1040665309
1040665310
1040665311
1040665312
1040665313
1040665314
1040665315
1040665316
1040665317
1040665318
1040665319
1040665320
1040665321
1040665322
1040665323
1040665324
1040665325
1040665326
1040665327
1040665328
1040665329
1040665330
1040665331
1040665332
1040665333
1040665334
1040665335
1040665336
1040665337
1040665338
1040665339
1040665340
1040665341
1040665342
1040665343
1040665344
1040665345
1040665346
1040665347
1040665348
1040665349
1040665350
1040665351
1040665352
1040665353
1040665354
1040665355
1040665356
1040665357
1040665358
1040665359
1040665360
1040665361
1040665362
1040665363
1040665364
1040665365
1040704121
1040704122
1040704123
1040860258
1040910162
1040910163
1040910164
1040910165
1040910166
1040910167
1040910168
1040910169
1040910170
1040910171
1040910172
1040910173
1040910174
1040910175
1040910176
1040910177
1040910178
1040910179
1040910180
1040910181
1040910182
1040910183
1040910184
1040910185
1040910186
1040910187
1040910188
1040910189
1040915519
1040915520
1040915521
1040915522
1040915523
1040915524
1040915525
1040915526
1040915527
1040915528
1040915529
1040915530
1040915531
1040915532
1040915533
1040915534
1040915535
1040915536
1040915537
1040915538
1040915539
1040915540
1040915541
1040915542
1040915543
1040915544
1040915545
1040915546
1040915547
1040915548
1040915549
1040915550
1040915551
1040915552
1040915553
1040915554
1040915555
1040915556
1040915557
1040916866
1040916867
1040916868
1040916869
1040916870
1040916871
1040916872
1040916873
1040916874
1040916875
1040916876
1040916877
1040916878
1040916879
1040916880
1040916881
1040916882
1040916883
1040916884
1040922172
1040922173
1040922174
1040922175
1040922176
1040922177
1040922178
1040922179
1040922180
1040922181
1040922182
1040922183
1040922184
1040922185
1040922186
1040922187
1040922188
1040922189
1040922190
1040922191
1040922192
1040929556
1040929557
1040929558
1040929559
1040929560
1040929561
1040929562
1040929563
1040929564
1040929565
1040929566
1040929567
1040929568
1040929569
1040929570
1040929571
1040929572
1040929573
1040929574
1040929575
1040929576
1040929577
1040929578
1040929579
1040929580
1040929581
1040929582
1040929583
1040929584
1040929585
1040929586
1040929587
1040929588
1040929589
1040929590
1040929591
1040929592
1040929593
1040929594
1040929595
1040929596
1040929597
1040929598
1040929599
1040929600
1040929601
1040929602
1040929603
1040929604
1040929605
1040929606
1040929607
1040929608
1040929609
1040929610
1040929611
1040929612
1040929613
1040929614
1040929615
1040929616
1040929617
1040929618
1040929619
1040929620
1040929621
1040929622
1040929623
1040938257
1040938258
1040938259
1040938260
1040938261
1040938262
1040938263
1040938264
1040938265
1040938266
1040938267
1040938268
1040938269
1040938270
1040938271
1040938272
1040938273
1040938274
1040938275
1040938276
1040938277
1040938278
1040938279
1040938280
1040938281
1040938282
1040938283
1040938284
1040938285
1040938286
1040938287
1040938288
1040938289
1040938290
1040938291
1040938292
1040938293
1040938294
1040938295
1040938296
1040938297
1040938298
1040938299
1040938300
1040938301
1040938302
1040938303
1040938304
1040938305
1040938306
1040938307
1040938308
1040944462
1040944463
1040944464
1040944465
1040944466
1040944467
1040944468
1040944469
1040944470
1040944471
1040944472
1040944473
1040944474
1040944475
1040944476
1040944477
1040944478
1040944479
1040944480
1040944481
1040944482
1040950570
1040950571
1040950572
1040950573
1040950574
1040950575
1040950576
1040950577
1040950578
1040950579
1040950580
1040950581
1040950582
1040950583
1040950584
1040950585
1040950586
1040950587
1040950588
1040950589
1040950590
1040950591
1040950592
1040950593
1040950594
1040950595
1040950596
1040950597
1040950598
1040950599
1040950600
1040950601
1040950602
1040950603
1040950604
1040950605
1040950606
1040950607
1040950608
1040950609
1040950610
1040950611
1041038824
1041038825
1041038826
1041038827
1041038828
1041038829
1041038830
1041038831
1041038832
1041038833
1041038834
1041038835
1041038836
1041038837
1041038838
1041038839
1041038840
1041038841
1041038842
1041038843
1041038844
1041038845
1041038846
1041038847
1041038848
1041038849
1041038850
1041038851
1041038852
1041038853
1041038854
1041038855
1041038856
1041039906
1041039907
1041039908
1041039909
1041039910
1041039911
1041039912
1041039913
1041039914
1041039915
1041039916
1041039917
1041039918
1041039919
1041039920
1041039921
1041039922
1041039923
1041039924
1041039925
1041039926
1041054143
1041054144
1041054145
1041054146
1041054147
1041054148
1041054149
1041054150
1041054151
1041054152
1041054153
1041054154
1041054155
1041054156
1041054157
1041054158
1041054159
1041054160
1041054161
1041054162
1041054163
1041054164
1041054165
1041054166
1041054167
1041054168
1041054169
1041054170
1041054171
1041054172
1041054173
1041054174
1041054175
1041054176
1041054177
1041054178
1041054179
1041054180
1041054181
1041054182
1041054183
1041054184
1041054185
1041054186
1041054187
1041054188
1041054189
1041054190
1041054191
1041054192
1041054193
1041062663
1041062664
1041062665
1041062666
1041062667
1041062668
1041062669
1041062670
1041062671
1041062672
1041062673
1041062674
1041062675
1041062676
1041062677
1041062678
1041062679
1041062680
1041062681
1041062682
1041062683
1041062684
1041062685
1041062686
1041062687
1041065579
1041065580
1041065581
1041065582
1041065583
1041065584
1041065585
1041065586
1041065587
1041065588
1041065589
1041065590
1041065591
1041065592
1041065593
1041065594
1041065595
1041065596
1041065597
1041065598
1041065599
1041065600
1041065601
1041065602
1041065603
1041065604
1041065605
1041065606
1041065607
1041065608
1041065609
1041065610
1041065611
1041065612
1041068717
1041068718
1041068719
1041068720
1041068721
1041068722
1041068723
1041068724
1041068725
1041068726
1041068727
1041068728
1041068729
1041068730
1041068731
1041068732
1041068733
1041068734
1041068735
1041068736
1041068737
1041068738
1041068739
1041068740
1041068741
1041068742
1041068743
1041068744
1041068745
1041068746
1041068747
1041068748
1041068749
1041068750
1041068751
1041068752
1041068753
1041068754
1041068755
1041070738
1041070739
1041070740
1041070741
1041070742
1041070743
1041070744
1041070745
1041070746
1041070747
1041070748
1041070749
1041070750
1041070751
1041070752
1041070753
1041074204
1041074205
1041074206
1041074207
1041074208
1041074209
1041074210
1041074211
1041074212
1041074213
1041074214
1041074215
1041074216
1041074217
1041074218
1041074219
1041074220
1041074221
1041074222
1041074223
1041074224
1041074225
1041074226
1041074227
1041074228
1041074229
1041074230
1041074231
1041074232
1041074233
1041074234
1041074235
1041077047
1041077048
1041077049
1041077050
1041077051
1041077052
1041077053
1041077054
1041077055
1041077056
1041077057
1041077058
1041077059
1041077060
1041077061
1041077062
1041077063
1041077064
1041077065
1041077066
1041077067
1041077068
1041077069
1041077070
1041077071
1041077072
1041077073
1041077074
1041077075
1041077076
1041077077
1041077078
1041077079
1041077080
1041077081
1041077082
1041077083
1041077084
1041077085
1041077086
1041077087
1041077088
1041077089
1041078472
1041078473
1041078474
1041078475
1041078476
1041078477
1041078478
1041078479
1041078480
1041078481
1041078482
1041078483
1041078484
1041078485
1041078486
1041078487
1041078488
1041078489
1041078490
1041078491
1041078492
1041078493
1041078494
1041078495
1041078496
1041078497
1041078498
1041078499
1041078500
1041078501
1041078502
1041078503
1041078504
1041078505
1041078506
1041078507
1041078508
1041078509
1041078510
1041078511
1041078512
1041078513
1041078514
1041078515
1041078516
1041082314
1041082315
1041082316
1041082317
1041082318
1041082319
1041082320
1041082321
1041082322
1041082323
1041082324
1041082325
1041082326
1041082327
1041082328
1041082329
1041082330
1041082331
1041082332
1041082333
1041082334
1041082335
1041082336
1041082337
1041082338
1041082339
1041082340
1041082341
1041082342
1041082343
1041082344
1041082345
1041082346
1041082347
1041082348
1041082349
1041082350
1041082351
1041082352
1041082353
1041082354
1041082355
1041082356
1041082357
1041082358
1041082359
1041082360
1041082361
1041082362
1041082363
1041082364
1041082365
1041082366
1041082367
1041082368
1041082369
1041082370
1041082371
1041082372
1041082373
1041082374
1041082375
1041082376
1041082377
1041082378
1041082379
1041082380
1041082381
1041518937
1041518938
1041518939
1041518940
1041518941
1041518942
1041518943
1041518944
1041518945
1041518946
1041518947
1041518948
1041518949
1041518950
1041518951
1041518952
1041518953
1041518954
1041518955
1041518956
1041518957
1041518958
1041518959
1041518960
1041518961
1041518962
1041518963
1041518964
1041518965
1041518966
1041518967
1041518968
1041518969
1041518970
1041518971
1041518972
1041518973
1041518974
1041518975
1041518976
1041518977
1041518978
1041518979
1041518980
1041518981
1041518982
1041518983
1041518984
1041518985
1041518986
1041518987
1041518988
1041518989
1041518990
1041518991
1041518992
1041518993
1041518994
1041518995
1041518996
1041518997
1041518998
1041518999
1041519000
1041519001
1041519002
1041521324
1041521325
1041521326
1041521327
1041521328
1041521329
1041521330
1041521331
1041521332
1041521333
1041521334
1041521335
1041521336
1041521337
1041524204
1041524205
1041524206
1041524207
1041524208
1041524209
1041524210
1041524211
1041524212
1041524213
1041524214
1041524215
1041524216
1041524217
1041524218
1041524219
1041524220
1041524221
1041524222
1041524223
1041524224
1041524225
1041524226
1041524227
1041525939
1041525940
1041525941
1041525942
1041525943
1041525944
1041525945
1041525946
1041525947
1041525948
1041525949
1041525950
1041525951
1041525952
1041525953
1041525954
1041525955
1041525956
1041525957
1041525958
1041525959
1041525960
1041525961
1041525962
1041529329
1041529330
1041529331
1041529332
1041529333
1041529334
1041529335
1041529336
1041529337
1041529338
1041529339
1041529340
1041529341
1041529342
1041529343
1041529344
1041529345
1041529346
1041529347
1041529348
1041529349
1041529350
1041529351
1041529352
1041529353
1041529354
1041530452
1041530453
1041530454
1041530455
1041530456
1041530457
1041530458
1041530459
1041530460
1041530461
1041530462
1041530463
1041532958
1041532959
1041532960
1041532961
1041532962
1041532963
1041532964
1041532965
1041532966
1041532967
1041532968
1041532969
1041532970
1041532971
1041532972
1041532973
1041532974
1041532975
1041532976
1041532977
1041532978
1041532979
1041532980
1041532981
1041532982
1041532983
1041532984
1041532985
1041532986
1041532987
1041532988
1041532989
1041532990
1041532991
1041532992
1041532993
1041532994
1041688790
1041688791
1041688792
1041688793
1041688794
1041688795
1041688796
1041688797
1041688798
1041688799
1041688800
1041688801
1041688802
1041688803
1041688804
1041688805
1041688806
1041688807
1041688808
1041688809
1041688810
1041688811
1041688812
1041688813
1041688814
1041688815
1041688816
1041688817
1041688818
1041688819
1041688820
1041688821
1041688822
1041688823
1041690797
1041690798
1041690799
1041690800
1041690801
1041690802
1041690803
1041690804
1041690805
1041690806
1041690807
1041690808
1041690809
1041690810
1041690811
1041690812
1041690813
1041690814
1041690815
1041690816
1041693172
1041693173
1041693174
1041693175
1041693176
1041693177
1041693178
1041693179
1041693180
1041693181
1041693182
1041693183
1041693184
1041701212
1041701213
1041701214
1041701215
1041701216
1041701217
1041701218
1041701219
1041701220
1041701221
1041701222
1041701223
1041701224
1041701225
1041701226
1041701227
1041701228
1041701229
1041701230
1041701231
1041701232
1041701233
1041701234
1041701235
1041701236
1041701237
1041701238
1041701239
1041701240
1041701241
1041701242
1041701243
1041701244
1041701245
1041701246
1041701247
1041701248
1041701249
1041701250
1041701251
1041701252
1041701253
1041701254
1041701255
1041701256
1041701257
1041701258
1041701259
1041705742
1041705743
1041705744
1041705745
1041705746
1041705747
1041705748
1041705749
1041705750
1041705751
1041705752
1041705753
1041705754
1041705755
1041705756
1041705757
1041705758
1041705759
1041705760
1041705761
1041705762
1041705763
1041705764
1041705765
1041705766
1041705767
1041705768
1041705769
1041705770
1041705771
1041705772
1041705773
1041705774
1041759641
1041759642
1041759643
1041898501
1041898502
1041898503
1041899819
1041899820
1041899821
1041899822
1041899823
1041899824
1041899825
1041899826
1041899827
1041899828
1041899829
1041900669
1041904132
1041904133
1041904134
1041904135
1041904136
1041962226
1041962227
1041962228
1041962229
1041962230
1041962231
1041962232
1041962233
1041962234
1041962235
1041962236
1041962237
1041962238
1041962239
1041962240
1041962241
1041962242
1041962243
1041962244
1041962245
1041962246
1041962247
1041962248
1041962249
1041962250
1041962251
1041962252
1041962253
1041962254
1041962255
1041962256
1041962257
1041962258
1041962259
1041962260
1041962261
1041962262
1041962263
1041962264
1041962265
1041962266
1041962267
1041962268
1041962269
1041962270
1041962271
1041962272
1041962273
1041962274
1041962275
1041962276
1041962277
1041962278
1041962279
1041962280
1041962281
1041962282
1041962283
1041962284
1041962285
1041962286
1041962287
1041962288
1041962289
1041962290
1041962291
1041962292
1041962293
1041962294
1041967620
1041967621
1041967622
1041967623
1041967624
1041967625
1041967626
1041967627
1041967628
1041967629
1041967630
1041967631
1041967632
1041967633
1041967634
1041967635
1041967636
1041967637
1041967638
1041967639
1041967640
1041967641
1041967642
1041967643
1041967644
1041967645
1041967646
1041967647
1041967648
1041967649
1041967650
1041967651
1041967652
1041967653
1041967654
1041967655
1041967656
1041967657
1041967658
1041967659
1041967660
1041967661
1041967662
1041967663
1041967664
1041967665
1041967666
1041967667
1041967668
1041967669
1041967670
1041967671
1041967672
1041967673
1041967674
1041967675
1041967676
1041967677
1041970227
1041970228
1041970229
1041970230
1041970231
1041970232
1041970233
1041970234
1041970235
1041970236
1041970237
1041970238
1041970239
1041970240
1041970241
1041970242
1041970243
1041970244
1041970245
1041970246
1041970247
1041970248
1041970249
1041970250
1041970251
1041970252
1041970253
1041970254
1041970255
1041970256
1041970257
1041970258
1041970259
1041970260
1041970261
1041970262
1041970263
1041970264
1041970265
1041970266
1041970267
1041970268
1041970269
1041970270
1041970271
1041970272
1041970273
1041970274
1041970275
1041970276
1041970277
1041970278
1041970279
1041970280
1041974958
1041974959
1041974960
1041974961
1041974962
1041974963
1041974964
1041974965
1041974966
1041974967
1041974968
1041974969
1041974970
1041974971
1041974972
1041974973
1041974974
1041974975
1041974976
1041974977
1041974978
1041974979
1041974980
1041974981
1041974982
1041974983
1041974984
1041974985
1041974986
1041974987
1041974988
1041974989
1041974990
1041974991
1041974992
1041974993
1041974994
1041974995
1041974996
1041974997
1041976779
1041976780
1041976781
1041976782
1041976783
1041976784
1041976785
1041976786
1041976787
1041976788
1041976789
1041976790
1041976791
1041976792
1041976793
1041976794
1041976795
1041976796
1041976797
1041981815
1041981816
1041981817
1041981818
1041981819
1041981820
1041981821
1041981822
1041981823
1041981824
1041981825
1041981826
1041981827
1041981828
1041981829
1041981830
1041981831
1041981832
1041981833
1041981834
1041981835
1041981836
1041981837
1041981838
1041981839
1041981840
1041981841
1041981842
1041981843
1041981844
1041983402
1041983403
1041983404
1041983405
1041983406
1041983407
1041983408
1041983409
1041983410
1041983411
1041983412
1041983413
1041983414
1041983415
1041983416
1041983417
1041983418
1041983419
1041983420
1041987240
1042166746
1042166747
1042166748
1042166749
1042166750
1042166751
1042166752
1042166753
1042166754
1042166755
1042166756
1042166757
1042166758
1042166759
1042166760
1042166761
1042166762
1042166763
1042166764
1042166765
1042166766
1042166768
1042166769
1042166770
1042166771
1042166772
1042166773
1042166774
1042166775
1042166776
1042166777
1042166778
1042166779
1042166780
1042166781
1042166782
1042166783
1042166784
1042166785
1042166786
1042201389
1042560179
1042560181
1042560182
1042560183
1042560184
1042560185
1042560186
1042560187
1042560188
1042560189
1042560190
1042560191
1042560192
1042560193
1042560194
1042560195
1042560196
1042560197
1042560198
1042560199
1042560200
1042560201
1042560202
1042560203
1042568723
1042568724
1042568725
1042568726
1042568727
1042568728
1042568729
1042568730
1042568731
1042568732
1042568733
1042568734
1042568735
1042568736
1042568737
1042568738
1042568739
1042568740
1042568741
1042568742
1042568743
1042568744
1042568745
1042568746
1042568747
1042568748
1042568749
1042568750
1042568751
1042568752
1042568753
1042568754
1042568755
1042568756
1042568757
1042568758
1042568759
1042568760
1042568761
1042568762
1042568763
1042568764
1042568765
1042568766
1042568767
1042568768
1042734384
1042734385
1042734386
1042734387
1042734388
1042734389
1042734390
1042734391
1042734392
1042734393
1042734394
1042734395
1042734396
1042734397
1042734398
1042734399
1042734400
1042734401
1042734402
1042734403
1042734404
1042734405
1042734406
1042734407
1042734408
1042734409
1042734410
1042734411
1042734412
1042734413
1042734414
1042734415
1042734416
1042734417
1042734418
1042734419
1042734420
1042734421
1042734422
1042738434
1042738435
1042738436
1042738437
1042738438
1042738439
1042738440
1042738441
1042738442
1042738443
1042738444
1042738445
1042738446
1042738447
1042738448
1042738449
1042738450
1042738451
1042738452
1042738453
1042738454
1042738455
1042738456
1042738457
1042738458
1042738459
1042738460
1042738461
1042738462
1042738463
1042738464
1042738465
1042738466
1042738467
1042738468
1042738469
1042738470
1042738471
1042858867
1042858868
1042858869
1042858870
1042858871
1042858872
1042858873
1042858874
1042858875
1042858876
1042858877
1042858878
1042858879
1042858880
1042858881
1042858882
1042858883
1042858884
1042858885
1042858886
1042858887
1042858888
1042858889
1042858890
1042858891
1042858892
1042858893
1042858894
1042858895
1042858896
1042858897
1042858898
1043105449
1043105450
1043105451
1043105452
1043105453
1043105454
1043105455
1043105456
1043108066
1043108067
1043108068
1043108069
1043108070
1043108071
1043108072
1043108073
1043108074
1043108075
1043108076
1043113188
1043113189
1043113190
1043113191
1043113192
1043113193
1043113194
1043113195
1043113196
1043113197
1043113198
1043113199
1043113200
1043113201
1043113202
1043113203
1043113204
1043113205
1043113206
1043113207
1043113208
1043113209
1043113210
1043113211
1043113212
1043113213
1043113214
1043113215
1043113216
1043113217
1043113218
1043113219
1043113220
1043113221
1043113222
1043153798
1043153799
1043153800
1043153801
1043153802
1043153803
1043153804
1043153805
1043153806
1043153807
1043153808
1043153809
1043153810
1043153811
1043153812
1043153813
1043153814
1043153815
1043153816
1043153817
1043153818
1043153819
1043153820
1043153821
1043153822
1043153823
1043153824
1043153825
1043242820
1043251904
1043251905
1043255098
1043374190
1043374191
1043374192
1043374193
1043374194
1043374195
1043374196
1043374197
1043374198
1043374199
1043446870
1043446871
1043446872
1043446873
1043446874
1043446875
1043446876
1043446877
1043473702
1043525022
1043525023
1043531622
1043546493
1043546494
1043546495
1043546496
1043546497
1043546498
1043546499
1043658631
1043658632
1043658633
1043658634
1043658635
1043658636
1043658637
1043658638
1043658639
1043658640
1043658641
1043658642
1043658643
1043658644
1043666303
1043666304
1043666305
1043666306
1043666307
1043666308
1043666309
1043666310
1043666311
1043666312
1043666313
1043666314
1043666315
1043666316
1043666317
1043666318
1043666319
1043666320
1043666321
1043666322
1043666323
1043666324
1043666325
1043666326
1043666327
1043666328
1043666329
1043666737
1043677857
1043677858
1043677859
1043677860
1043677861
1043677862
1043677863
1043677864
1043677865
1043677866
1043677867
1043677868
1043677869
1043677870
1043677871
1043677872
1043677873
1043677874
1043677875
1043677876
1043677877
1043677878
1044060549
1044060550
1044060551
1044060552
1044060553
1044060554
1044060555
1044060556
1044060557
1044060558
1044060559
1044060560
1044060561
1044060562
1044060563
1044060564
1044060565
1044060566
1044060567
1044060568
1044060569
1044060570
1044068426
1044068427
1044068428
1044068429
1044068430
1044068431
1044068432
1044068433
1044068434
1044068435
1044068436
1044068437
1044068438
1044068439
1044068440
1044068441
1044068442
1044068443
1044068444
1044068445
1044068446
1044068447
1044068448
1044068449
1044068450
1044068451
1044068452
1044068453
1044068454
1044068455
1044068456
1044068457
1044068458
1044068459
1044068460
1044068461
1044068462
1044068463
1044068464
1044068465
1044068466
1044068467
1044068468
1044068469
1044068470
1044068471
1044068472
1044068473
1044068474
1044068475
1044068476
1044068477
1044068478
1044068479
1044068480
1044068481
1044068482
1044068483
1044068484
1044068485
1044068486
1044068487
1044068488
1044068489
1044068490
1044068491
1044068492
1044155580
1044155581
1044155582
1044155583
1044155584
1044155585
1044155586
1044155587
1044155588
1044155589
1044155590
1044155591
1044155592
1044155593
1044269203
1044269204
1044269205
1044269206
1044269207
1044269208
1044269209
1044269210
1044269211
1044269212
1044269213
1044269214
1044269215
1044269216
1044269217
1044269218
1044269219
1044269220
1044269221
1044269222
1044269223
1044269224
1044269225
1044270498
1044270499
1044270500
1044270501
1044270502
1044270503
1044270504
1044270505
1044270506
1044270507
1044270508
1044270509
1044270510
1044270511
1044270512
1044270513
1044270514
1044270515
1044270516
1044270517
1044270518
1044270519
1044270520
1044270521
1044270522
1044270523
1044270524
1044270525
1044270526
1044270527
1044270528
1044270529
1044270530
1044270531
1044270532
1044274147
1044274148
1044274149
1044274150
1044274151
1044274152
1044274153
1044274154
1044274155
1044274156
1044274157
1044274158
1044274159
1044274160
1044274161
1044274162
1044274163
1044274164
1044274165
1044274166
1044274167
1044274168
1044274169
1044274170
1044274171
1044274172
1044274173
1044274174
1044274175
1044274176
1044274177
1044274178
1044274179
1044274180
1044274181
1044274182
1044274183
1044274184
1044274185
1044274186
1044274187
1044274188
1044274189
1044274190
1044274191
1044274192
1044274193
1044274194
1044274195
1044274196
1044274197
1044274198
1044274199
1044274200
1044274201
1044274202
1044274203
1044274204
1044274205
1044274206
1044274207
1044274208
1044274209
1044274210
1044274211
1044274212
1044274213
1044274214
1044274215
1044274216
1044274217
1044274218
1044274219
1044274220
1044274221
1044274222
1044274223
1044274224
1044274225
1044276245
1044276246
1044276247
1044276248
1044276249
1044276250
1044276251
1044276252
1044276253
1044276254
1044276255
1044276256
1044276257
1044276258
1044276259
1044276260
1044276261
1044276262
1044276263
1044276264
1044276265
1044276266
1044276267
1044276268
1044276269
1044276270
1044276271
1044276272
1044276273
1044276274
1044276275
1044276276
1044276902
1044276903
1044276904
1044276905
1044276906
1044276907
1044276908
1044276909
1044276910
1044276911
1044276912
1044276913
1044276914
1044276915
1044276916
1044276917
1044278857
1044278858
1044347787
1044347788
1044347789
1044347790
1044347791
1044347792
1044347793
1044347794
1044347795
1044347796
1044347797
1044347798
1044347799
1044347800
1044347801
1044347802
1044347803
1044347804
1044347805
1044347806
1044347807
1044347808
1044347809
1044347810
1044347811
1044347812
1044347813
1044347814
1044347815
1044347816
1044347817
1044347818
1044347819
1044347820
1044347821
1044347822
1044347823
1044347824
1044347825
1044347826
1044347827
1044347828
1044347829
1044347830
1044347831
1044349377
1044349378
1044349379
1044349380
1044349381
1044349382
1044349383
1044349384
1044349385
1044349386
1044349387
1044349388
1044349389
1044349390
1044349391
1044349392
1044349393
1044349394
1044349395
1044349396
1044349397
1044349398
1044349399
1044349400
1044349401
1044349402
1044349403
1044349404
1044349405
1044352937
1044352938
1044352939
1044352940
1044352941
1044352942
1044352943
1044352944
1044352945
1044352946
1044352947
1044352948
1044352949
1044352950
1044352951
1044352952
1044352953
1044352954
1044352955
1044352956
1044352957
1044352958
1044352959
1044352960
1044352961
1044355483
1044355484
1044355485
1044355486
1044355487
1044355488
1044355489
1044355490
1044355491
1044355492
1044355493
1044355494
1044355495
1044355496
1044355497
1044355498
1044436673
1044439178
1044439179
1044439180
1044439181
1044439182
1044439183
1044439184
1044439185
1044439186
1044440898
1044440899
1044440900
1044440901
1044440902
1044440903
1044440904
1044440905
1044440906
1044440907
1044440908
1044440909
1044440910
1044440911
1044440912
1044440913
1044440914
1044440915
1044440916
1044440917
1044440918
1044440919
1044440920
1044440921
1044440922
1044440923
1044440924
1044440925
1044440926
1044440927
1044440928
1044440929
1044440930
1044440931
1044440932
1044440933
1044440934
1044440935
1044440936
1044468093
1044468094
1044468095
1044468096
1044468097
1044468098
1044468099
1044468100
1044468101
1044468102
1044468103
1044468104
1044468105
1044468106
1044468107
1044468108
1044468109
1044468110
1044468111
1044468112
1044468113
1044468114
1044468115
1044468116
1044468117
1044468118
1044468119
1044468120
1044468121
1044468122
1044469925
1044469926
1044469927
1044469928
1044469929
1044469930
1044469931
1044469932
1044469933
1044469934
1044469935
1044469936
1044469937
1044469938
1044469939
1044469940
1044469941
1044469942
1044469943
1044469944
1044469945
1044469946
1044469947
1044471998
1044471999
1044472000
1044472001
1044472002
1044472003
1044472004
1044472005
1044472006
1044472007
1044472008
1044472009
1044472010
1044472011
1044472012
1044474159
1044474160
1044474161
1044474162
1044474163
1044474164
1044474165
1044474166
1044474167
1044474168
1044474169
1044474170
1044474171
1044474172
1044474173
1044474174
1044474175
1044474176
1044474177
1044474178
1044474179
1044474180
1044474181
1044474182
1044474183
1044474184
1044474185
1044474186
1044474187
1044474188
1044474189
1044477219
1044477220
1044477221
1044477222
1044477223
1044477224
1044477225
1044477226
1044477227
1044477228
1044477229
1044477230
1044477231
1044477232
1044477233
1044477234
1044477235
1044477236
1044477237
1044477238
1044477239
1044477240
1044477241
1044477242
1044477243
1044477244
1044477245
1044477246
1044477247
1044477248
1044477249
1044477250
1044477251
1044477252
1044477253
1044477254
1044477255
1044477256
1044477257
1044477258
1044478926
1044478927
1044478928
1044478929
1044478930
1044478931
1044478932
1044478933
1044547588
1044547589
1044547590
1044547591
1044547592
1044547593
1044547594
1044547595
1044547596
1044547597
1044547598
1044547599
1044547600
1044547601
1044547602
1044547603
1044547604
1044547605
1044547606
1044547607
1044547608
1044547609
1044547610
1044547611
1044547612
1044547613
1044547614
1044547615
1044547616
1044547617
1044547618
1044547619
1044547620
1044547621
1044547622
1044549337
1044549338
1044549339
1044549340
1044549341
1044549342
1044549343
1044549344
1044549345
1044549346
1044549347
1044549348
1044549349
1044549350
1044549351
1044549352
1044549353
1044549354
1044549355
1044549356
1044549357
1044549358
1044549359
1044549360
1044549361
1046813237
1047418650
1047418651
1047418652
1047418653
1047418654
1047418655
1047418656
1047418657
1047424279
1047424280
1047424281
1047424282
1047424283
1047424284
1047424285
1047424286
1047424287
1047424288
1047424289
1047424290
1047424291
1047424292
1047424293
1047424294
1047424295
1047424296
1047424297
1047424298
1047424299
1047424300
1047424301
1047424302
1047424303
1047424304
1047424305
1047424306
1047424307
1047424308
1047424309
1047424310
1047424311
1047424312
1047424313
1047424314
1047424315
1047424316
1047424317
1047447612
1047447613
1047447614
1047447615
1047447616
1047447617
1047447618
1047447619
1047447620
1047447621
1047447622
1047447623
1047447624
1047447625
1047447626
1047447627
1047447628
1047447629
1047447630
1047447631
1047447632
1047447633
1047447634
1047447635
1047447636
1047447637
1047447638
1047447639
1047447640
1047447641
1047447642
1047447643
1047447644
1047447645
1047447646
1047447647
1047447648
1047447649
1047447650
1047447651
1047447652
1047447653
1047447654
1047447655
1047447656
1047447657
1047447658
1047447659
1047449241
1047449242
1047449243
1047449244
1047449245
1047449246
1047449247
1047449248
1047449249
1047449250
1047449251
1047449252
1047449253
1047449254
1047449255
1047449256
1047449257
1047449258
1047449259
1047449260
1047449261
1047449262
1047449263
1047449264
1047449265
1047449266
1047449267
1047449268
1047449269
1047449270
1047449271
1047449272
1047449273
1047449274
1047449275
1047449276
1047449277
1047449278
1047449279
1047449280
1047449281
1047449282
1047449283
1047449744
1047449745
1047449746
1047449747
1047449748
1047449749
1047449750
1047449751
1047449752
1047449753
1047449754
1047449755
1047449756
1047449757
1047449758
1047449759
1047449760
1047449761
1047449762
1047449763
1047449764
1047449765
1047449766
1047449767
1047449768
1047449769
1047449770
1047449771
1047449772
1047449773
1047449774
1047449775
1047449776
1047449777
1047449778
1047449779
1047450765
1047450766
1047450767
1047450768
1047450769
1047450770
1047450771
1047450772
1047450773
1047450774
1047450775
1047450776
1047450777
1047450778
1047450779
1047450780
1047450781
1047450782
1047450783
1047450784
1047450785
1047450786
1047465542
1047465543
1047465544
1047465545
1047465546
1047465547
1047465548
1047465549
1047465550
1047465551
1047465552
1047465553
1047465554
1047465555
1047465556
1047465557
1047465558
1047465559
1047465560
1047465561
1047465562
1047465563
1047465564
1047465565
1047465566
1047465567
1047465569
1047465570
1047465571
1047465572
1047465573
1047465574
1047465575
1047465576
1047465577
1047467924
1047467925
1047467926
1047467927
1047467928
1047467929
1047467930
1047467931
1047467932
1047467933
1047467934
1047467935
1047467936
1047467937
1047467938
1047467939
1047467940
1047467941
1047467942
1047467943
1047467944
1047467945
1047467946
1047467947
1047467948
1047467949
1047467950
1047467951
1047467952
1047467953
1047467954
1047467955
1047467956
1047467957
1047467958
1047467959
1047467960
1047467961
1047467962
1047467963
1047467964
1047470015
1047470016
1047470017
1047470018
1047470019
1047470020
1047470021
1047470022
1047470023
1047470024
1047470025
1047470026
1047470027
1047470028
1047470029
1047470030
1047470031
1047470032
1047470033
1047470034
1047470035
1047470036
1047470037
1047470038
1047470039
1047474575
1047474576
1047474577
1047474578
1047474579
1047474580
1047474581
1047474582
1047474583
1047474584
1047474585
1047474586
1047474587
1047474588
1047474589
1047474590
1047474591
1047474592
1047474593
1047474594
1047474595
1047474596
1047474597
1047474598
1047474599
1047474600
1047474601
1047474602
1047474603
1047474604
1047474605
1047474606
1047474607
1047474608
1047477855
1047477856
1047477857
1047477858
1047477859
1047477860
1047477861
1047477862
1047477863
1047477864
1047477865
1047477866
1047477867
1047477868
1047477869
1047477870
1047477871
1047477872
1047477873
1047477874
1047477875
1047477876
1047477877
1047477878
1047477879
1047477880
1047477881
1047477882
1047477883
1047477884
1047477885
1047477886
1047477887
1047477888
1047477889
1047477890
1047477891
1047477892
1047482410
1047482411
1047482412
1047482413
1047482414
1047482415
1047482416
1047482417
1047482418
1047482419
1047482420
1047482421
1047482422
1047482423
1047482424
1047482425
1047482426
1047482427
1047482428
1047482429
1047482430
1047482431
1047482432
1047482433
1047482434
1047482435
1047482436
1047482437
1047482438
1047482439
1047482440
1047482441
1047482442
1047482443
1047482444
1047482445
1047482446
1047482447
1047482448
1047482449
1047482450
1047482451
1047482452
1047482453
1047482454
1047482455
1047482456
1047483604
1047483605
1047483606
1047483607
1047483608
1047483609
1047483610
1047483611
1047483612
1047483614
1047506905
1047506906
1047506907
1047506908
1047506909
1047506910
1047506911
1047506912
1047506913
1047506914
1047506915
1047506916
1047506917
1047506918
1047506919
1047506920
1047508237
1047508238
1047508239
1047510575
1047510576
1047510577
1047510578
1047510579
1047510580
1047510581
1047510582
1047510583
1047510584
1047510585
1047510586
1047510587
1047510588
1047550626
1047550627
1047550628
1047550629
1047550630
1047550631
1047550632
1047550633
1047550634
1047550635
1047550636
1047550637
1047550638
1047550639
1047550640
1047550641
1047550642
1047550643
1047550644
1047550645
1047550646
1047550647
1047550648
1047550649
1047550650
1047550651
1047550652
1047550653
1047550654
1047550655
1047550656
1047550657
1047550658
1047550659
1047550660
1047550661
1047550904
1047550905
1047550906
1047550907
1047550908
1047550909
1047550910
1047550911
1047550912
1047550913
1047550914
1047550915
1047550916
1047550917
1047550918
1047550919
1047550920
1047550921
1047550922
1047550923
1047550924
1047550925
1047620559
1047622428
1047622429
1047622430
1047622431
1047622432
1047622433
1047622434
1047622435
1047622436
1047622437
1047622438
1047622439
1047622440
1047622441
1047622442
1047622443
1047622444
1047622445
1047622446
1047622447
1047622448
1047622449
1047622450
1047622740
1047622741
1047622742
1047631623
1047631624
1047631625
1047631626
1047631627
1047631628
1047631629
1047631630
1047631631
1047631632
1047631633
1047631634
1047631635
1047631636
1047631637
1047631638
1047631639
1047631640
1047631641
1047631642
1047631643
1047631644
1047631645
1047631646
1047631647
1047631648
1047631649
1047631650
1047631651
1047631652
1047631653
1047631654
1047631655
1047631656
1047631657
1047631658
1047631659
1047631660
1047631661
1047631662
1047631663
1047631664
1047631665
1047631666
1047631667
1047631668
1047631669
1047631670
1047631671
1047631672
1047631673
1047631674
1047631675
1047631676
1047632393
1047632394
1047632395
1047632396
1047632397
1047632398
1047632399
1047632400
1047632401
1047632402
1047632403
1047632404
1047632405
1047632406
1047632407
1047632408
1047632409
1047632410
1047632411
1047632412
1047632413
1047632414
1047632415
1047632416
1047632417
1047632418
1047632419
1047632420
1047632421
1047632422
1047632423
1047632424
1047632425
1047632426
1047632427
1047632428
1047632429
1047632430
1047636787
1047636788
1047636789
1047636790
1047636791
1047636792
1047636793
1047636794
1047636795
1047636796
1047636797
1047636798
1047636799
1047636800
1047636801
1047636802
1047636803
1047636804
1047636805
1047636806
1047636807
1047636808
1047636809
1047636810
1047636811
1047636812
1047636813
1047636814
1047636815
1047636816
1047636817
1047636818
1047636819
1047636820
1047636821
1047636822
1047636823
1047636824
1047636825
1047636826
1047636827
1047639942
1047639943
1047639944
1047639945
1047639946
1047639947
1047639948
1047639949
1047639950
1047639951
1047639952
1047639953
1047639954
1047639955
1047639956
1047639957
1047639958
1047639959
1047639960
1047639961
1047639962
1047639963
1047639964
1047639965
1047639966
1047639967
1047639968
1047639969
1047639970
1047639971
1047639972
1047639973
1047639974
1047639975
1047639976
1047639977
1047639978
1047639979
1047639980
1047639981
1047639982
1047639983
1047639984
1047639985
1047639986
1047639987
1047639988
1047639989
1047639990
1047639991
1047639992
1047639993
1047639994
1047639995
1047639996
1047639997
1047639998
1047639999
1047640000
1047640001
1047640002
1047640003
1047640004
1047640005
1047640006
1047640007
1047640008
1047640009
1047640010
1047640011
1047794220
1047794221
1047794222
1047794223
1047794224
1047794225
1047794226
1047794227
1047794228
1047794229
1047794230
1047794231
1047794232
1047794233
1047794234
1047794235
1047794236
1047794237
1047794238
1047794239
1047794240
1047794241
1047794242
1047794243
1047794244
1047794245
1047794246
1047794247
1047794248
1047794249
1047794250
1047794251
1047794252
1047794253
1047794254
1047794255
1047794256
1047794257
1047794258
1047794259
1047794260
1047794261
1047794262
1047794263
1047794264
1047794265
1047794266
1047794267
1047794268
1047794269
1047794270
1047794271
1047794272
1047794273
1047794274
1047794275
1047794276
1047794277
1047794278
1047794279
1047794280
1047794281
1047794282
1047794283
1047794284
1047794285
1047794286
1047794287
1047794288
1047794289
1047794290
1047794291
1047794292
1047794293
1047794294
1047794295
1047794296
1047794297
1047794298
1047794299
1047794300
1049115234
1049115235
1049115236
1049115237
1049115238
1049115239
1049115240
1049115241
1049115242
1049115243
1049115244
1049115245
1049115246
1049115247
1049115248
1049115249
1049115250
1049115251
1049115252
1049115253
1049115254
1049115255
1049115256
1049115257
1049115258
1049115259
1049115260
1049115261
1049115262
1049115263
1049115264
1049115265
1049115266
1049115267
1049115268
1049115269
1049115270
1049115271
1049115272
1049115273
1049115274
1049115275
1049115276
1049115277
1049115278
1049115279
1049115280
1049115281
1049115282
1049115283
1049115284
1049115285
1049115286
1049115287
1049115288
1049115289
1049115290
1049115291
1049115292
1049115293
1049115294
1049115295
1049115296
1049115297
1049115298
1049115299
1049115300
1049115301
1049117968
1049117969
1049117970
1049117971
1049117972
1049117973
1049117974
1049117975
1049117976
1049117977
1049117978
1049117979
1049117980
1049117981
1049117982
1049117983
1049117984
1049117985
1049117986
1049117987
1049117988
1049117989
1049117990
1049117991
1049117992
1049117993
1049117994
1049117995
1049117996
1049117997
1049120386
1049120387
1049120388
1049120389
1049120390
1049120391
1049120392
1049120393
1049120394
1049120395
1049120396
1049120397
1049120398
1049120399
1049120400
1049120401
1049120402
1049120403
1049120404
1049120405
1049120406
1049120407
1049120408
1049120409
1049120410
1049120411
1049120412
1049120413
1049120414
1049120415
1049120416
1049120417
1049120418
1049120419
1049120420
1049120421
1049120422
1049120423
1049120424
1049120425
1049120426
1049120427
1049120428
1049120429
1049120430
1049120431
1049120432
1049120433
1049120434
1049120435
1049120436
1049120437
1049120438
1049124060
1049124061
1049124062
1049124063
1049124064
1049124065
1049124066
1049124067
1049124068
1049124069
1049124070
1049124071
1049124072
1049124073
1049124074
1049124075
1049124076
1049124077
1049124078
1049124079
1049124080
1049124081
1049124082
1049124083
1049124084
1049124085
1049124086
1049124087
1049124088
1049124089
1049124090
1049124091
1049124092
1049124093
1049124094
1049124095
1049124096
1049124097
1049124098
1049124099
1049124100
1049124101
1049124102
1049126273
1049126274
1049126275
1049126276
1049126277
1049126278
1049126279
1049126280
1049126281
1049126282
1049126283
1049126284
1049126285
1049126286
1049126287
1049126288
1049126289
1049126290
1049126291
1049126292
1049126293
1049126294
1049126295
1049126296
1049126297
1049126298
1049126299
1049126300
1049126301
1049126302
1049126303
1049126304
1049126305
1049126306
1049126307
1049126308
1049126309
1049126310
1049126311
1049126312
1049126313
1049126314
1049126315
1049126316
1049126317
1049126318
1049126319
1049126320
1049126321
1049126322
1049126323
1049126324
1049126325
1049126326
1049126327
1049126328
1049126329
1049126330
1049127909
1049127910
1049127911
1049127912
1049127913
1049127914
1049127915
1049127916
1049127917
1049127918
1049127919
1049127920
1049127921
1049135156
1049135157
1049135158
1049135159
1049135160
1049135161
1049135162
1049135163
1049135164
1049135165
1049135166
1049135167
1049135168
1049135169
1049135170
1049135171
1049135172
1049135173
1049135174
1049135175
1049135176
1049135177
1049135178
1049135179
1049135180
1049135181
1049135182
1049135183
1049135184
1049135185
1049135186
1049135187
1049135188
1049135189
1049135190
1049135191
1049135192
1049135193
1049135194
1049135195
1049135196
1049135197
1049135198
1049135199
1049135200
1049135201
1049135202
1049135203
1049137195
1049137196
1049137197
1049137198
1049137199
1049137200
1049137201
1049137202
1049137203
1049137204
1049137205
1049137206
1049137207
1049137208
1049137209
1049137210
1049137211
1049137212
1049137213
1049137214
1049137215
1049137216
1049137217
1049137218
1049137219
1049137220
1049137221
1049137222
1049137223
1049137224
1049137225
1049137226
1049137227
1049137228
1049137229
1049137230
1049137231
1049137232
1049137233
1049137234
1049137235
1049137236
1049137237
1049137238
1049137239
1049137240
1049137241
1049137242
1049137243
1049137244
1049137245
1049137246
1049137247
1049137248
1049137249
1049137250
1049137251
1049137252
1049137253
1049137254
1049137709
1049137710
1049137711
1049137712
1049137713
1049137714
1049137715
1049137716
1049137717
1049137718
1049137719
1049137720
1049137721
1049229371
1049229372
1049229373
1049229374
1049229375
1049229376
1049229377
1049229378
1049229379
1049229380
1049229381
1049229382
1049229383
1049229384
1049229385
1049229386
1049229387
1049229388
1049229389
1049229390
1049229391
1049229392
1049229393
1049229394
1049229395
1049229396
1049229397
1049229398
1049229399
1049229400
1049229401
1049229402
1049229403
1049229404
1049229405
1049229406
1049229407
1049229408
1049229409
1049229410
1049229411
1049229412
1049229413
1049229414
1049229415
1049229416
1049229417
1049229418
1049229419
1049229420
1049229421
1049229422
1049229423
1049229424
1049232027
1049232028
1049232029
1049232030
1049232031
1049232032
1049232033
1049232034
1049232035
1049232036
1049232037
1049232038
1049232039
1049232040
1049232041
1049232042
1049232043
1049232044
1049232045
1049232046
1049232047
1049232048
1049232049
1049232050
1049232051
1049232052
1049232053
1049232054
1049232055
1049232056
1049232057
1049232058
1049232059
1049232060
1049232061
1049232062
1049232063
1049232064
1049232065
1049232066
1049232067
1049232068
1049232069
1049232070
1049232071
1049232072
1049232073
1049232074
1049232075
1049232076
1049232077
1049232078
1049232079
1049232080
1049232081
1049232082
1049232083
1049232084
1049232085
1049232691
1049232692
1049232693
1049232694
1049232695
1049232696
1049232697
1049232698
1049232699
1049232700
1049232701
1049238819
1049238820
1049238821
1049238822
1049238823
1049238824
1049238825
1049238826
1049238827
1049238828
1049238829
1049238830
1049238831
1049238832
1049238833
1049238834
1049238835
1049238836
1049238837
1049238838
1049238839
1049238840
1049238841
1049238842
1049238843
1049238844
1049238845
1049238846
1049238847
1049238848
1049238849
1049238850
1049238851
1049238852
1049238853
1049238854
1049238855
1049238856
1049239970
1049239971
1049239972
1049239973
1049239974
1049239975
1049239976
1049239977
1049239978
1049239979
1049239980
1049239981
1049239982
1049239983
1049239984
1049247393
1049247394
1049247395
1049247396
1049247397
1049247398
1049247399
1049247400
1049247401
1049247402
1049247403
1049247404
1049247405
1049247406
1049247407
1049247408
1049247409
1049247410
1049247411
1049247412
1049247413
1049247414
1049247415
1049247416
1049247417
1049247418
1049247419
1049247420
1049247421
1049247422
1049400053
1049400054
1049400055
1049400056
1049400057
1049400058
1049400059
1049400060
1049400061
1049400062
1049400063
1049400064
1049400065
1049400066
1049400067
1049400068
1049400069
1049400070
1049400071
1049400072
1049400073
1049400074
1049400075
1049400076
1049400077
1049400078
1049400079
1049400080
1049400081
1049400082
1049400083
1049400084
1049400085
1049400086
1049400087
1049400088
1049400089
1049400090
1049400091
1049400092
1049400093
1049400094
1049400095
1049400096
1049400097
1049400098
1049400099
1049400100
1049400101
1049400102
1049400103
1049400104
1049400105
1049400106
1049410599
1049410600
1049410601
1049410602
1049410603
1049410604
1049410605
1049410606
1049410607
1049410608
1049410609
1049410610
1049410611
1049410612
1049410613
1049410614
1049410615
1049410616
1049410617
1049410618
1049410619
1049410620
1049410621
1049410622
1049410623
1049410624
1049410625
1049410626
1049410627
1049410628
1049410629
1049410630
1049410631
1049410632
1049410633
1049410634
1049410635
1049410636
1049410637
1049410638
1049410639
1049410640
1049410641
1049410642
1049410643
1049410644
1049410645
1049410646
1049410647
1049410648
1049410649
1049410650
1049410651
1049410652
1049410653
1049410654
1049410655
1049410656
1049410657
1049410658
1049410659
1049410660
1049422341
1049422342
1049422343
1049422344
1049422345
1049422346
1049422347
1049422348
1049422349
1049422350
1049422351
1049422352
1049422353
1049422354
1049422355
1049422356
1049422357
1049422358
1049422359
1049422360
1049422361
1049422362
1049422363
1049422364
1049422365
1049422366
1049422367
1049422368
1049422369
1049422370
1049422371
1049422372
1049422373
1049422374
1049431390
1049431391
1049431392
1049431393
1049431394
1049431395
1049431396
1049431397
1049431398
1049431399
1049431400
1049431401
1049431402
1049431403
1049431404
1049431405
1049431406
1049431407
1049431408
1049431409
1049431410
1049431411
1049431412
1049431413
1049431414
1049431415
1049431416
1049431417
1049431418
1049431419
1049431420
1049431421
1049431422
1049431423
1049431424
1049434138
1049434139
1049434140
1049434141
1049434142
1049434143
1049434144
1049434145
1049434146
1049434147
1049434148
1049434149
1049434150
1049434151
1049434152
1049434153
1049434154
1049434155
1049434156
1049434157
1049434158
1049434159
1049434160
1049434161
1049434162
1049434163
1049434164
1049434165
1049434166
1049434167
1049434168
1049434169
1049434170
1049434171
1049434172
1049434173
1049434174
1049434175
1049434176
1049434177
1049434178
1049434179
1049434180
1049434181
1049434182
1049434183
1049434184
1049434185
1049434186
1049434187
1049434188
1049434189
1049521698
1049521699
1049521700
1049521701
1049521702
1049521703
1049521704
1049521705
1049521706
1049521707
1049521708
1049521709
1049521710
1049521711
1049521712
1049521713
1049521714
1049521715
1049521716
1049521717
1049521718
1049521719
1049521720
1049521721
1049521722
1049521723
1049521724
1049521725
1049521726
1049521727
1049521728
1049521729
1049521730
1049521731
1049521732
1049521733
1049524382
1049524383
1049524384
1049524385
1049524386
1049524387
1049524388
1049524389
1049524390
1049524391
1049524392
1049524393
1049524394
1049524395
1049524396
1049524397
1049524398
1049524399
1049524400
1049524401
1049524402
1049524403
1049524404
1049524405
1049524406
1049524407
1049524408
1049524409
1049524410
1049524411
1049524412
1049524413
1049524414
1049524415
1049524416
1049524417
1049524418
1049524419
1049524420
1049524421
1049524422
1049703552
1049703553
1049703554
1049703555
1049703556
1049703557
1049703558
1049703559
1049703560
1049703561
1049703562
1049703563
1049703564
1049703565
1049703566
1049703567
1049703568
1049703569
1049703570
1049703571
1049703572
1049703573
1049703574
1049703575
1049703576
1049703577
1049703578
1049703579
1049703580
1049703581
1049703582
1049703583
1049703584
1049703585
1049706521
1049706522
1049706523
1049706524
1049706525
1049706526
1049706527
1049706528
1049706529
1049706530
1049706531
1049706532
1049706533
1049706534
1049706535
1049706536
1049706537
1049706538
1049706539
1049706540
1049706541
1049706542
1049706543
1049706544
1049706545
1049706546
1049706547
1049706548
1049706549
1049706550
1049706551
1049706552
1049706553
1049706554
1049706555
1049706556
1049716946
1049716947
1049716948
1049716949
1049716950
1049716951
1049716952
1049716953
1049716954
1049716955
1049716956
1049716957
1049716958
1049716959
1049716960
1049716961
1049716962
1049716963
1049716964
1049716965
1049716966
1049716967
1049716968
1049716969
1049716970
1049716971
1049716972
1049716973
1049716974
1049716975
1049716976
1049716977
1049716978
1049716979
1049726029
1049726030
1049726031
1049726032
1049726033
1049726034
1049726035
1049726036
1049726037
1049726038
1049726039
1049726040
1049726041
1049726042
1049726043
1049726044
1049726045
1049726046
1049726047
1049726048
1049726049
1049726050
1049849477
1049849478
1049849479
1049849480
1049849481
1049849483
1049849484
1049849485
1049849486
1049849487
1049849488
1049849489
1049849490
1049849491
1049849492
1049849493
1049849494
1049849495
1049849496
1049849497
1049849498
1049849499
1049849500
1049849501
1049852363
1049852364
1049852365
1049852366
1049852367
1049852368
1049852369
1049852370
1049852371
1049852372
1049852373
1049852374
1049852375
1049852376
1049852377
1049852378
1049852379
1049852380
1049852381
1049852382
1049852383
1049852384
1049852385
1049852386
1049852387
1049857214
1049857215
1049857216
1049857217
1049857218
1049857219
1049857220
1049857221
1049857222
1049857223
1049857224
1049857225
1049857226
1049857227
1049857228
1049857229
1049857230
1049857231
1049857232
1049857233
1049857234
1049857235
1049857236
1049857237
1049857238
1049857239
1049857240
1049857241
1049857242
1049857243
1049857244
1049857245
1049857246
1049857247
1049878372
1050045087
1050045088
1050045089
1050045090
1050045091
1050045092
1050045093
1050045094
1050045095
1050045096
1050045097
1050045098
1050045099
1050045100
1050045101
1050045102
1050045103
1050045104
1050045105
1050045106
1050045107
1050045108
1050045109
1050045110
1050045111
1050045112
1050045113
1050045114
1050045115
1050045116
1050045117
1050045118
1050045119
1050045120
1050045121
1050045122
1050045123
1050045124
1050045125
1050045126
1050045127
1050045128
1050045129
1050045130
1050045131
1050045132
1050051627
1050051628
1050051629
1050051630
1050051631
1050051632
1050051633
1050051634
1050051635
1050051636
1050051637
1050051638
1050051639
1050051640
1050051641
1050051642
1050051643
1050051644
1050051645
1050051646
1050051647
1050051648
1050051649
1050051650
1050051651
1050051652
1050051653
1050051654
1050051655
1050051656
1050051657
1050051658
1050051659
1050051660
1050051661
1050051662
1050051663
1050051664
1050051665
1050051666
1050051667
1050051668
1050051669
1050051670
1050051671
1050051672
1050051673
1050051674
1050051675
1050051676
1050051677
1050071203
1050071204
1050071205
1050071206
1050071207
1050071208
1050071209
1050071210
1050071211
1050071212
1050071213
1050071214
1050071215
1050071216
1050071217
1050071218
1050071219
1050071220
1050071221
1050071222
1050071223
1050071224
1050080390
1050080391
1050080392
1050080393
1050080394
1050080395
1050080396
1050080397
1050080398
1050080399
1050080400
1050080401
1050080402
1050080403
1050192288
1050192289
1050192290
1050192291
1050192292
1050192293
1050192294
1050192295
1050192296
1050192297
1050192298
1050192299
1050192300
1050192301
1050192302
1050192303
1050192304
1050192305
1050192306
1050192307
1050192308
1050192309
1050194619
1050194620
1050194621
1050194622
1050194623
1050194624
1050194625
1050194626
1050194627
1050194628
1050194629
1050194630
1050194631
1050194632
1050194633
1050194634
1050194635
1050194636
1050194637
1050194638
1050197445
1050197446
1050197447
1050197448
1050197449
1050197450
1050197451
1050197452
1050197453
1050197454
1050197455
1050197456
1050197457
1050197458
1050197459
1050197461
1050197462
1050197463
1050197464
1050197465
1050197471
1050197472
1050197913
1050289864
1050289865
1050289866
1050289867
1050289868
1050289869
1050289870
1050289871
1050289872
1050291101
1050291102
1050291103
1050291104
1050291105
1050291106
1050291373
1050387850
1050387851
1050387852
1050387853
1050387854
1050387855
1050387856
1050387857
1050387858
1050387859
1050387860
1050387861
1050387862
1050387863
1050387864
1050387865
1050387866
1050387867
1050387868
1050387869
1050387870
1050387871
1050387872
1050387873
1050387874
1050387875
1050387876
1050387877
1050387878
1050387879
1050387880
1050387881
1050387882
1050387883
1050387884
1050387885
1050387886
1050387887
1050387888
1050387889
1050387890
1050387891
1050387892
1050387893
1050387894
1050387895
1050388362
1050388363
1050388364
1050388365
1050388366
1050388367
1050388368
1050388369
1050388370
1050388371
1050388372
1050388373
1050390922
1050390923
1050390924
1050390925
1050390926
1050390927
1050390928
1050390929
1050395406
1050395407
1050395408
1050395409
1050395410
1050395411
1050395412
1050395413
1050395414
1050395415
1050395416
1050395417
1050395418
1050395419
1050395420
1050395421
1050395422
1050395423
1050395424
1050395425
1050395426
1050395427
1050395428
1050395429
1050397441
1050397442
1050397443
1050397444
1050397445
1050397446
1050397447
1050397448
1050397449
1050397450
1050397451
1050646048
1050952397
1051140381
1051140382
1051140383
1051140384
1051140385
1051140386
1051140387
1051140388
1051140389
1051140390
1051140391
1051140392
1051140393
1051140394
1051140395
1051140396
1051140397
1051140398
1051140399
1051140400
1051140401
1051140402
1051140403
1051140404
1051817422
1051817423
1051817424
1051817425
1051817426
1051817428
1054200579
1054209054
1054209055
1054209056
1054209057
1054209058
1054209059
1054209060
1054209061
1054209062
1054209063
1054209064
1054209065
1054209066
1054209067
1054209068
1054209069
1054209070
1054209071
1054213067
1054213068
1054213069
1054213070
1054213071
1054213072
1054213073
1054213074
1054213075
1054213076
1054213077
1054213078
1054213079
1054213080
1054213081
1054528534
1054528535
1054528536
1054528537
1054528538
1054628874
1054628875
1054628876
1054631412
1054631413
1054631414
1054631415
1054631416
1054631417
1054631418
1054631419
1054631420
1054631421
1054631422
1054631423
1054631424
1054631425
1054631426
1054631427
1054631428
1054631429
1054631430
1054631431
1054631432
1054631433
1054631434
1054631435
1054631436
1054631437
1054631438
1054631439
1054631440
1054631441
1054631442
1054631443
1054631444
1054631445
1054631446
1054631447
1054631448
1054631449
1054631450
1054631451
1054631452
1054633969
1054633970
1054633971
1054633972
1054633973
1054633974
1054633975
1054633976
1054633977
1054633978
1054633979
1054633980
1054633981
1054633982
1054633983
1054633984
1054633985
1054633986
1054633987
1054633988
1054633989
1054633990
1054633991
1054633992
1054633993
1054633994
1054633995
1054636776
1054636777
1054636778
1054636779
1054636780
1054636781
1054636782
1054636783
1054636784
1054636785
1054636786
1054636787
1054636788
1054636789
1054636790
1054636791
1054636792
1054636793
1054636794
1054636795
1054636796
1054636797
1054636798
1054641830
1054641831
1054641832
1054641833
1054641834
1054641835
1054641836
1054641837
1054641838
1054641839
1054641840
1054641841
1054641842
1054641843
1054641844
1054641845
1054641846
1054641847
1054641848
1054641849
1054641850
1054641851
1054641852
1054641853
1054641854
1054641855
1054641856
1054641857
1055001736
1055001737
1055001738
1055001739
1055001740
1055001741
1055001742
1055001743
1055001744
1055001745
1055001746
1055001747
1055001748
1055001749
1055001750
1055001751
1055001752
1055001753
1055001754
1055001755
1055001756
1055001757
1055001758
1055001759
1055001760
1055001761
1055001762
1055001763
1055001764
1055001765
1055001766
1055003556
1055003557
1055003558
1055003559
1055003560
1055003561
1055003562
1055003563
1055003564
1055003565
1055003566
1055003567
1055003568
1055003569
1055003570
1055003571
1055003572
1055003573
1055003574
1055003575
1055003576
1055003577
1055003578
1055003579
1055003580
1055003581
1055003582
1055003583
1055003584
1055003932
1055003933
1055003934
1055003935
1055003936
1055003937
1055003938
1055003939
1055003940
1055003941
1055003942
1055003943
1055003944
1055003945
1055003946
1055003947
1055003948
1055003949
1055004918
1055004919
1055004920
1055004921
1055004922
1055004923
1055004924
1055004925
1055004926
1055004927
1055004928
1055004929
1055004930
1055004931
1055004932
1055004933
1055004934
1055004935
1055004936
1055004937
1055004938
1055004939
1055004940
1055004941
1055004942
1055004943
1055004944
1055004945
1055004946
1055004947
1055004948
1055004949
1055004950
1055004951
1055004952
1055006467
1055006468
1055006469
1055006470
1055006471
1055006472
1055006473
1055006474
1055006475
1055006476
1055006477
1055006478
1055006479
1055006480
1055006481
1055006482
1055006483
1055006484
1055006485
1055006486
1055006487
1055006488
1055006489
1055006490
1055145065
1055145066
1055145067
1055145068
1055145069
1055145070
1055145071
1055145072
1055145073
1055145074
1055145075
1055145076
1055145077
1055145078
1055145079
1055145080
1055145081
1055145082
1055145083
1055145084
1055145085
1055145086
1055145087
1055145088
1055145089
1055145090
1055147198
1055147199
1055147200
1055147201
1055147202
1055147203
1055147204
1055147205
1055147206
1055147207
1055147208
1055147209
1055147210
1055147211
1055147212
1055147213
1055147214
1055147215
1055147216
1055147217
1055147218
1055147219
1055147220
1055291645
1055291646
1055291647
1055291648
1055291649
1055291650
1055291651
1055291652
1055291653
1055291654
1055291655
1055291656
1055291657
1055291658
1055291659
1055291660
1055291661
1055291662
1055291663
1055291664
1055291665
1055291666
1055291667
1055291668
1055291669
1055291670
1055291671
1055291672
1055291673
1055291674
1055291675
1055291676
1055291677
1055291678
1055291679
1055291680
1055291681
1055291682
1055291683
1055291684
1055291685
1055291686
1055291687
1055291688
1055291689
1055291690
1055291691
1055291692
1055291693
1055291694
1055291695
1055291696
1055291697
1055291698
1055291699
1055291700
1055291701
1055291702
1055292579
1055292580
1055292581
1055292582
1055292583
1055292584
1055292585
1055292586
1055292587
1055292588
1055292589
1055292590
1055292591
1055292592
1055292593
1055292594
1055292595
1055292596
1055292597
1055292598
1055292599
1055292600
1055292601
1055292602
1055292603
1055292604
1055292605
1055292606
1055292607
1055292608
1055292609
1055292610
1055292611
1055292612
1055292613
1055292614
1055292615
1055292616
1055292617
1055292618
1055292619
1055292620
1055292621
1055292622
1055292623
1055292624
1055292625
1055292626
1055292627
1055292628
1055292629
1055292630
1055292631
1055292632
1055292633
1055292634
1055292635
1055292636
1055292637
1055292638
1055292639
1055292640
1055292641
1055292642
1055292643
1055292644
1055292645
1055294930
1055294931
1055294932
1055294933
1055294934
1055294935
1055294936
1055294937
1055294938
1055294939
1055294940
1055294941
1055294942
1055294943
1055294944
1055297541
1055297542
1055297543
1055297544
1055299209
1055299210
1055299211
1055299212
1055299213
1055299214
1055299215
1055299216
1055299217
1055299218
1055299219
1055299220
1055299221
1055299222
1055299223
1055299224
1055299225
1055299226
1055299227
1055299228
1055612038
1055612039
1055612040
1055612041
1055616596
1055616597
1055616598
1055616599
1055616600
1055616601
1055616602
1055616603
1055616604
1055616605
1055616606
1055616607
1055616608
1055616609
1055616610
1055616611
1055616612
1055616613
1055616614
1055616615
1055616616
1055616617
1055616618
1055894530
1055894531
1055894532
1055894533
1055894534
1055894535
1055894536
1055894537
1055894538
1055894539
1055894540
1055894541
1055894542
1055894543
1055894544
1055894545
1055894546
1055894547
1055894548
1055894549
1055895162
1055895163
1055895164
1055895165
1055895166
1055895167
1055895168
1055895169
1055895170
1055895171
1055895172
1055895173
1055895174
1056228439
1056230536
1056230537
1056230538
1056230539
1056230540
1056230541
1056230542
1056232703
1056232704
1056232705
1056232706
1056232707
1056232708
1056232709
1056233662
1056384366
1056384367
1056384368
1056384369
1056384370
1056384371
1056384372
1056384373
1056384374
1056384375
1056384376
1056384377
1056384378
1056390155
1056390156
1056390157
1056390158
1056390159
1056390160
1056390161
1056390162
1056390163
1056390164
1056390165
1056390166
1056390167
1056390168
1056390169
1056390170
1056390171
1056390172
1056390173
1056390174
1056390175
1056392037
1056392038
1056392039
1056392040
1056392041
1056392042
1056401835
1056401836
1056401837
1056401838
1056404781
1056596012
1056596013
1056596014
1056713503
1056713504
1056713505
1056713506
1056713507
1056713508
1056713509
1056713510
1056713511
1056713512
1056713513
1056713514
1056713515
1056713516
1056713517
1056713518
1056713519
1056713520
1056713521
1056713522
1056713523
1056713524
1056713525
1056713526
1056713527
1056713528
1056713529
1056713530
1056713531
1056713532
1056713533
1056713534
1056713535
1056713536
1056713537
1056716232
1056716233
1056716234
1056716235
1056716236
1056716237
1056716238
1056716239
1056716240
1056716241
1056716242
1056716243
1056716244
1056716245
1056716246
1056716247
1056716248
1056716249
1056716250
1056717394
1056717395
1056717396
1056717397
1056717398
1056717399
1056717400
1056717401
1056717402
1056717403
1056717404
1056717405
1056717406
1056717407
1056717408
1056717409
1056717410
1056717411
1056717412
1056717413
1056717414
1056717415
1056717416
1056717417
1056717418
1056717419
1056819190
1056819191
1056819192
1056819193
1056819194
1056819195
1056819196
1056819197
1056819198
1056819199
1056819200
1056819201
1056819202
1056819203
1056819204
1056819205
1056819206
1056819207
1056819208
1056819209
1056819210
1056819211
1056819212
1056819213
1056819214
1056819215
1056819216
1056820696
1056820697
1056820698
1056820699
1056820700
1056820701
1056820702
1056820703
1056820704
1056820705
1056820706
1056820707
1056820708
1056820709
1056820710
1056820711
1056820712
1056820713
1056820714
1056820715
1056820716
1056820717
1056821087
1056821088
1056821089
1056821090
1056821091
1056821092
1056821093
1056915129
1056915130
1056915131
1056915132
1056915133
1056915136
1056915137
1056915138
1056917347
1056917348
1056917349
1056917350
1056917351
1056917352
1056917353
1056917354
1056917355
1056917356
1056917357
1056917358
1056917359
1056917360
1056917361
1056917362
1056917363
1056917366
1056917367
1056917368
1057088382
1057088383
1057088384
1057088385
1057088386
1057088387
1057088388
1057088389
1057088390
1057088391
1057088392
1057088399
1057088400
1057092458
1057092459
1057092460
1057092461
1057092462
1057092463
1057092464
1057092465
1057092466
1057092467
1057092468
1057092469
1057092470
1057092471
1057092472
1057092473
1057092474
1057092475
1057092476
1057092477
1057092478
1057092479
1057092480
1057092481
1057092482
1057092483
1057092484
1057092485
1057092486
1057092487
1057092488
1057092489
1057092490
1057092491
1057092492
1057092493
1057092494
1057092495
1057092496
1057095729
1057095730
1057095731
1057095732
1057095733
1057095734
1057095735
1057096461
1057096462
1057096463
1057096464
1057191998
1057191999
1057192000
1057263948
1057272147
1057525041
1057525042
1057525043
1057525044
1057525045
1057525046
1057525047
1057525048
1057525049
1057525050
1057525051
1057525052
1057528197
1057528198
1057528199
1057528200
1057528201
1057528202
1057528203
1057528204
1057528205
1057528206
1057531195
1057531196
1057531197
1057531198
1057531199
1057531200
1057531201
1057531202
1057603983
1057603984
1057696244
1057696245
1057696246
1057696247
1057696248
1057696249
1057696250
1057696251
1057696252
1057696253
1057696254
1057696255
1057696256
1057696257
1057696258
1057696259
1057696260
1057696261
1057696262
1057696263
1057696264
1057696265
1057696266
1057696267
1057696268
1057696269
1057696270
1057696271
1057696272
1057696273
1057696274
1057696275
1057696276
1057696277
1057696278
1057696279
1057696280
1057696281
1057696282
1057696283
1057696284
1057696285
1057696286
1057696287
1057696288
1057696289
1057696290
1057696291
1057696292
1057696293
1057696294
1057696295
1057696296
1057696297
1057696298
1057696299
1057696300
1057696301
1057696302
1057696303
1057696304
1057696305
1057696306
1057696307
1057696308
1057696309
1057696310
1057696311
1057696312
1057696313
1057696314
1057696315
1057696316
1057696317
1057696318
1057696319
1057696320
1057696321
1057696322
1057696323
1057696324
1057725524
1057725525
1057725526
1057725527
1057725528
1057725529
1057725530
1057725531
1057725532
1057725533
1057725534
1057730231
1057730232
1057730233
1057730234
1057730235
1057730236
1057730237
1057730238
1057730239
1057730240
1057730241
1057730242
1057730243
1057730244
1057730245
1057730246
1057730247
1057730248
1057730249
1057730250
1057730251
1057730252
1057730253
1057730254
1057730255
1057730256
1057730257
1057730258
1057730259
1057733121
1057733122
1057733123
1057733124
1057733125
1057733126
1057733127
1057733128
1057733129
1057733130
1057733131
1057733132
1057733133
1057734746
1057734747
1057734748
1057734749
1057734750
1057748014
1057748720
1057815649
1057815650
1057815651
1057815652
1057815653
1057815654
1057815655
1057815656
1057818046
1057818047
1057818048
1057818049
1057818050
1057818051
1057818052
1057818053
1057818054
1057818055
1057818056
1057818057
1057818058
1057818059
1057818060
1057818061
1057818062
1057818063
1057818064
1057818065
1057818066
1057818067
1057818068
1057818069
1057818070
1057818071
1057818072
1057819215
1057819216
1057819217
1057819218
1057819219
1057819220
1057819221
1057819222
1057819223
1057819224
1057819225
1057819226
1057819227
1057971488
1057971489
1057971490
1057971491
1057971492
1057971493
1057971494
1057971495
1057971496
1057971497
1057971498
1057971499
1057971500
1057971501
1057971502
1057971503
1057975430
1057975431
1057975432
1057975433
1057975434
1057975435
1057975436
1057975437
1057975438
1057975439
1057975440
1057975441
1057975442
1057975443
1057975444
1057975445
1057975446
1057975447
1057975448
1057975449
1057975450
1057975451
1057975452
1057975453
1057975454
1057975455
1057975456
1057975457
1057979746
1057979747
1057979748
1057979749
1057979750
1057979751
1057979752
1057979753
1057979754
1057979755
1057979756
1057979757
1058012794
1058012795
1058012796
1058012797
1058012798
1058012799
1058076092
1058076093
1058076094
1058076095
1058076096
1058283237
1058283238
1058283239
1058283240
1058283241
1058283242
1058283243
1058283244
1058283245
1058302203
1058302204
1058302205
1058302206
1058302207
1058302208
1058302209
1058302210
1058302211
1058302212
1058302213
1058302214
1058302215
1058302216
1058302496
1058302497
1058302498
1058302499
1058302500
1058302501
1058302502
1058302503
1058460948
1058460949
1058460950
1058460951
1058460952
1058460953
1058460954
1058462620
1058462621
1058462622
1058462623
1058462624
1058462625
1058462626
1058462627
1058462628
1058462629
1058468682
1058468683
1058468684
1058468685
1058468686
1058471230
1058471231
1058471232
1058471233
1058471234
1058471235
1058471236
1058471237
1058471238
1058628364
1058628365
1058628366
1058628367
1058628368
1058628369
1058628370
1058628371
1058628372
1058631023
1058631024
1058631025
1058631026
1058631027
1058631028
1058631029
1058631030
1058631031
1058631032
1058631033
1058631034
1058632301
1058632302
1058632303
1058632304
1058632305
1058632306
1058632307
1058632308
1058632309
1058632310
1058632311
1058632312
1058632313
1058823335
1059046111
1059046112
1059046113
1059046114
1059046115
1059046116
1059046117
1059046118
1059046119
1059046120
1059046121
1059046122
1059046123
1059046124
1059046125
1059046126
1059050048
1059050049
1059050050
1059050051
1059050052
1059050053
1059050054
1059050055
1059050056
1059050057
1059050058
1059050059
1059050060
1059050061
1059050062
1059050063
1059050064
1059050065
1059050066
1059050067
1059050068
1059050069
1059050070
1059050958
1059050959
1059050960
1059050961
1059050962
1059050963
1059050964
1059050965
1059360439
1059360440
1059360441
1059360442
1059360443
1059360444
1059360445
1059360446
1059360447
1059360448
1059360449
1059360450
1059360451
1059360452
1059360453
1059360454
1059360455
1059362174
1059362175
1059362176
1059362177
1059362178
1059362179
1059362180
1059362181
1059362182
1059362183
1059362184
1059362185
1059362186
1059362187
1059362188
1059362189
1059362190
1059362191
1059362193
1059362194
1059362195
1059363337
1059363338
1059363339
1059363340
1059363341
1059363342
1059363343
1059363344
1059363345
1059462574
1059462575
1059462576
1059462577
1059462578
1059462579
1059462580
1059462581
1059462582
1059462583
1059462584
1059462585
1059462586
1059462587
1059462588
1059462589
1059462590
1059462591
1059462592
1059462593
1059462594
1059462595
1059462596
1059462597
1059462598
1059462599
1059462600
1059462601
1059462602
1059462603
1059462604
1059462605
1059462606
1059466281
1059466282
1059466283
1059466284
1059466285
1059466286
1059466287
1059466288
1059466289
1059466290
1059466291
1059466292
1059466293
1059466294
1059466295
1059466296
1059466297
1059466298
1059466299
1059466300
1059466301
1059466302
1059466303
1059466304
1059466305
1059466306
1059466307
1059466308
1059466309
1059470878
1059470879
1059470880
1059470881
1059470882
1059470883
1059470884
1059470885
1059470886
1059470887
1059470888
1059470889
1059470890
1059470891
1059470892
1059470893
1059470894
1059470895
1059470896
1059470897
1059470898
1059470899
1059470900
1059470901
1059470902
1059470903
1059470904
1059470905
1059581560
1059789066
1059789067
1060042315
1060042316
1060043627
1060043628
1060043629
1060043630
1060043631
1060046061
1060046062
1060046063
1060214925
1060214926
1060214927
1060214928
1060214929
1060216482
1060853238
1060853239
1060853240
1060853241
1060853242
1060853243
1060853244
1060853245
1060853246
1060853247
1060853248
1060853249
1060853250
1060853251
1060853252
1060853253
1060853254
1060853255
1060853256
1060853257
1060853258
1060853259
1060853260
1060853261
1060853262
1060853263
1060853264
1060875867
1060875868
1060875869
1060875870
1060875871
1060875872
1060875873
1060961027
1060961028
1060961029
1060961030
1060961031
1060961032
1060961033
1060961034
1060961035
1060961036
1060961037
1060961038
1060961039
1060961040
1060961041
1060961042
1060961043
1060961044
1060961045
1060963282
1060963283
1060963284
1060963285
1060963286
1060963287
1060963288
1060963289
1061172633
1061172634
1061172635
1061172636
1061172637
1061172638
1061308586
1061313795
1061313796
1061313797
1061313798
1061313799
1061313800
1061313801
1061313802
1061313803
1061313804
1061700120
1061700121
1061700122
1061700123
1061700124
1061700125
1061700126
1061700127
1061700128
1061700129
1061700130
1061700131
1061700132
1061700133
1061700134
1061700135
1061700136
1061703139
1061703140
1062046122
1062046123
1062046124
1062046125
1062046126
1062569916
1062569917
1062569918
1062569919
1062569921
1062569923
1062740438
1064283434
1064283435
1064809165
1064809166
1064809167
1064809168
1064809169
1064809170
1064809171
1064809172
1064809173
1064809174
1066330266
1066330267
1066330268
1066644127
1066644134
1066644467
1066882391
1066882392
1066882393
1066882394
1066882395
1066882396
1066882397
1066882398
1066882399
1066882400
1066882401
1066882402
1066882403
1066882404
1066882405
1066882406
1066882407
1066882408
1066882409
1066882410
1066882411
1066882412
1066882413
1066882414
1066882415
1066882416
1066882417
1066882418
1066882419
1066882420
1066882421
1066882422
1066882423
1066882424
1066882425
1066882426
1066882427
1066882428
1066882429
1066882430
1066882431
1066882432
1066882433
1066882434
1066882435
1066882436
1066882437
1066882438
1066882439
1066882440
1066882441
1066882442
1066882443
1066882444
1066882445
1066882446
1066884763
1066884764
1066884765
1066884766
1066884767
1066884768
1066884769
1066884770
1066884771
1066884772
1066884773
1066884774
1066884775
1066884776
1066884777
1066884778
1066884779
1066884780
1066884781
1066884782
1066884783
1066884784
1066884785
1066884786
1066884787
1066884788
1066884789
1066884790
1066884791
1066884792
1066884793
1066884794
1066884795
1066884796
1066884797
1066884798
1066884799
1066884800
1066884801
1066884802
1066884803
1066884804
1066884805
1066884806
1066884807
1066884808
1066884809
1066884810
1066884811
1066884812
1066884813
1066886309
1066886310
1066886311
1066886312
1066886313
1066886314
1066886315
1066886316
1066886317
1066886318
1066886319
1066886320
1066886321
1066886322
1066886323
1066886324
1066886325
1066886326
1066886327
1066886328
1066886329
1066886330
1066886331
1066886332
1066886333
1066886334
1066886335
1066886336
1066886337
1066886338
1066886339
1066886340
1066886341
1066886342
1066886343
1066896544
1066896545
1066896546
1066896547
1066896548
1066896549
1066896550
1066896551
1066896552
1066896553
1066896554
1066896555
1066896556
1066896557
1066896558
1066896559
1066896560
1066896561
1066896562
1066896563
1066896564
1066896565
1066896566
1066896567
1066896568
1066896569
1066896570
1066896571
1066896572
1066896573
1066896574
1066896575
1066896576
1066896577
1066896578
1066896579
1066896580
1066896581
1066896582
1066896583
1066896584
1066896585
1066896586
1066896587
1066896588
1066896589
1066896590
1066896591
1066896592
1066896593
1066896594
1066896595
1066896596
1066896597
1066896598
1066896599
1066896600
1066896601
1066896602
1066896603
1066896604
1066896605
1066896606
1066896607
1066896608
1066896609
1066896610
1066896611
1066896612
1066896613
1066896614
1066896615
1066896616
1066896617
1066896618
1066896619
1066896620
1066896621
1066896622
1066896623
1066896624
1066898622
1066898623
1066898624
1066898625
1066898626
1066898627
1066898628
1066898629
1066898630
1066898631
1066898632
1066898633
1066898634
1066898635
1066898636
1066898637
1066898638
1066898639
1066898640
1066898641
1066898642
1066898643
1066898644
1066898645
1066898646
1066898647
1066898648
1066898649
1066898650
1066898651
1066898652
1066898653
1066898654
1066898655
1066898656
1066898657
1066898658
1066898659
1066898660
1066900242
1066900243
1066900244
1066900245
1066900246
1066900247
1066900248
1066900249
1066900250
1066900251
1066900252
1066900253
1066900254
1066900255
1066900256
1066900257
1066900258
1066900259
1066900260
1066900261
1066900262
1066900263
1066900264
1066900265
1066900266
1066900267
1066900268
1066900269
1066900270
1066900271
1066900272
1066900273
1066900274
1066900275
1066900276
1066900277
1066900278
1066900279
1066900280
1066900281
1066900282
1066900283
1066900284
1066900285
1066900286
1066900287
1066900288
1066900289
1066900290
1066900291
1066901867
1066901868
1066901869
1066901870
1066901871
1066901872
1066901873
1066901874
1066901875
1066901876
1066901877
1066901878
1066901879
1066901880
1066901881
1066901882
1066901883
1066901884
1066901885
1066901886
1066901887
1066901888
1066901889
1066901890
1066901891
1066901892
1066901893
1066901894
1066901895
1066901896
1066901897
1066901898
1066901899
1066901900
1066901901
1066901902
1066901903
1066901904
1066901905
1066901906
1066901907
1066901908
1066901909
1066901910
1066901911
1066901912
1066901913
1066901914
1066901915
1066901916
1066901917
1066901918
1066901919
1066901920
1066901921
1066901922
1066901923
1066901924
1066901925
1066901926
1066901927
1066901928
1066901929
1067199329
1067199330
1067199331
1067199332
1067199333
1067199334
1067222421
1067222422
1067228507
1067228508
1067228509
1067228510
1067228511
1067228512
1067228513
1067228514
1067228515
1067228517
1067228518
1067228522
1067228523
1067228524
1067228525
1067228526
1067228527
1067228528
1067228529
1067228530
1067228534
1067228535
1067228536
1067228537
1067228538
1067228539
1067228540
1067228541
1067228543
1067228546
1067228549
1067228552
1067228554
1067228555
1067228556
1067228558
1067228560
1067228561
1067228563
1067228566
1067228567
1067228568
1067228569
1067228570
1067228572
1067228573
1067228574
1067228575
1067228576
1067228577
1067228578
1067228579
1067228583
1067228584
1067229719
1067250819
1067250820
1067250821
1067250822
1067250823
1067250824
1067250825
1067250826
1067250827
1067250828
1067250829
1067250830
1067250831
1067250832
1067250833
1067250834
1067253296
1067253297
1067253298
1067253299
1067253300
1067253301
1067253302
1067253303
1067253304
1067253305
1067253306
1067253307
1067253308
1067662785
1067662786
1067662787
1067662788
1067662789
1067662790
1067662791
1067662792
1067662793
1067662794
1067662795
1067662796
1067662797
1067662798
1067662799
1067662800
1067662801
1067662802
1067662803
1067662804
1067662805
1067662806
1067662807
1067662808
1067662809
1067662810
1067662811
1067662812
1067662813
1067662814
1067662815
1067662816
1067662817
1067662818
1067662819
1067662820
1067662821
1067662822
1067662823
1067662824
1067662825
1067662826
1067662827
1067662828
1067662829
1067662830
1067662831
1067662832
1067662833
1067662834
1067662835
1067662836
1067662837
1067662838
1067662839
1067662840
1067662841
1067662842
1067662843
1067662844
1067662845
1067662846
1067662847
1067662848
1067662849
1067662850
1067662851
1067662852
1067662853
1067662854
1067662855
1067662856
1067662857
1067662858
1067662859
1067662860
1067662861
1067662862
1067662863
1067665255
1067665256
1067665257
1067665258
1067665259
1067665260
1067665261
1067665262
1067665263
1067665264
1067665265
1067665266
1067665267
1067665268
1067665269
1067665270
1067665271
1067665272
1067665273
1067665274
1067665275
1067665276
1067665277
1067665278
1067665279
1067665280
1067665281
1067665282
1067665283
1067665284
1067665285
1067665286
1067665287
1067665288
1067665289
1067665290
1067665291
1067665292
1067665293
1067665294
1067665295
1067665296
1067665297
1067665298
1067665299
1067667888
1067667889
1067667890
1067667891
1067667892
1067667893
1067667894
1067667895
1067667896
1067667897
1067667898
1067667899
1067667900
1067667901
1067667902
1067667903
1067667904
1067667905
1067667906
1067667907
1067667908
1067667909
1067667910
1067667911
1067667912
1067667913
1067667914
1067667915
1067667916
1067667917
1067667918
1067667919
1067667920
1067667921
1067667922
1067667923
1067667924
1067667925
1067667926
1067667927
1067667928
1067667929
1067667930
1067667931
1067671291
1067671292
1067671293
1067671294
1067671295
1067671296
1067671297
1067671298
1067671299
1067671300
1067671301
1067671302
1067671303
1067671304
1067671305
1067671306
1067671307
1067671308
1067671309
1067671310
1067671311
1067671312
1067671313
1067671314
1067671315
1067671316
1067671317
1067671318
1067671319
1067671320
1067671321
1067671322
1067671323
1067671324
1067671325
1067671326
1067671327
1067671328
1067671329
1067671330
1067671331
1067671332
1067671333
1067671334
1067671335
1067671336
1067671337
1067673926
1067673927
1067673928
1067673929
1067673930
1067673931
1067673932
1067673933
1067673934
1067673935
1067673936
1067673937
1067673938
1067673939
1067673940
1067673941
1067673942
1067673943
1067677717
1067677718
1067677719
1067677720
1067677721
1067677722
1067677723
1067677724
1067677725
1067677726
1067677727
1067677728
1067677729
1067677730
1067677731
1067677732
1067677733
1067677734
1067677735
1067677736
1067677737
1067677738
1067677739
1067677740
1067677741
1067677742
1067677743
1067677744
1067677745
1067677746
1067677747
1067677748
1067677749
1067677750
1067677751
1067677752
1067677753
1067677754
1067677755
1067677756
1067677757
1067677758
1067677759
1067677760
1067677761
1067677762
1067677763
1067677764
1067677765
1067677766
1067677767
1067677768
1067677769
1067677770
1067677771
1067677772
1067677773
1067809574
1067809575
1067809576
1067809577
1067809578
1067809579
1067809580
1067809581
1067809582
1067809583
1067809584
1067809585
1067809586
1067809587
1067809588
1067809589
1067809590
1067809591
1067809592
1067809593
1067809594
1067809595
1067809596
1067809597
1067809598
1067809599
1067809600
1067809601
1067809602
1067809603
1067809604
1067809605
1067809606
1067809607
1067810439
1067810440
1067810441
1067810442
1067810443
1067810444
1067810445
1067810446
1067810447
1067810448
1067810449
1067810450
1067810451
1067810452
1067810453
1067810454
1067810455
1067810456
1067810457
1067810458
1067810459
1067810460
1067810461
1067810462
1067810463
1067810464
1067810465
1067810466
1067810467
1067810468
1067810469
1067810470
1067810471
1067810472
1067810473
1067810474
1067810475
1067810476
1067813051
1067813052
1067813053
1067813054
1067813055
1067813056
1067813057
1067813058
1067813059
1067813060
1067813061
1067813062
1067813063
1067813064
1067813065
1067813066
1067813067
1067813068
1067813069
1067813070
1067813071
1067813072
1067813073
1067813074
1067813075
1067813076
1067813077
1067813078
1067813079
1067813080
1067813081
1067813082
1067813083
1067813084
1067813085
1067813086
1067813087
1067813088
1067813089
1067813090
1067813091
1067813092
1067813093
1067813094
1067813095
1067813096
1067813097
1067813098
1067813099
1067813100
1067813101
1067813102
1067813103
1067813104
1067813105
1067813106
1067813107
1067813108
1067813109
1067813110
1067813111
1067813112
1067813113
1067813114
1067813115
1067813116
1067813117
1067813118
1067813119
1067813120
1067814532
1067814533
1067814534
1067814535
1067814536
1067814537
1067814538
1067814539
1067814540
1067814541
1067814542
1067814543
1067814544
1067814545
1067814546
1067814547
1067814548
1067814549
1067814550
1067814551
1067814552
1067814553
1067814554
1067814555
1067814556
1067814557
1067814558
1067814559
1067814560
1067814561
1067814562
1067814563
1067814564
1067814565
1067814566
1067814567
1067814568
1067814569
1067814570
1067814571
1067814572
1067814573
1067814574
1067814575
1067814576
1067814577
1067818103
1067818104
1067818105
1067818106
1067818107
1067818108
1067818109
1067818110
1067818111
1067818112
1067818113
1067818114
1067818115
1067818116
1067818117
1067818118
1067818119
1067818120
1067818121
1067818122
1067818123
1067818124
1067818125
1067818126
1067818127
1067818128
1067818129
1067818130
1067818131
1067818132
1067818133
1067818134
1067818135
1067818136
1067818137
1067818138
1067818139
1067818140
1067818141
1067818142
1067818143
1067818144
1067818145
1067818146
1067818147
1067818148
1067818149
1067818150
1067818151
1068113002
1068113003
1068113004
1068113005
1068113006
1068113007
1068113008
1068113009
1068113010
1068113011
1068113012
1068113013
1068113014
1068113015
1068113016
1068113017
1068114203
1068114204
1068114205
1068114206
1068114207
1068114208
1068114209
1068114210
1068114211
1068114212
1068114213
1068114214
1068114215
1068114216
1068114217
1068114218
1068114219
1068114220
1068114221
1068114222
1068114223
1068114224
1068114225
1068114226
1068114227
1068114228
1068114229
1068114230
1068114231
1068114232
1068114233
1068114234
1068114235
1068114236
1068114237
1068114238
1068114239
1068114240
1068114241
1068114242
1068114243
1068114244
1068114245
1068114246
1068114247
1068114248
1068114249
1068114250
1068114251
1068114252
1068114253
1068114254
1068114255
1068114256
1068114257
1068114258
1068114259
1068114260
1068114261
1068114262
1068115578
1068115579
1068115580
1068115581
1068115582
1068115583
1068115584
1068115585
1068115586
1068115587
1068115588
1068115589
1068115590
1068115591
1068115592
1068115593
1068115594
1068115595
1068115596
1068115597
1068115598
1068115599
1068115600
1068115601
1068115602
1068115603
1068115604
1068115605
1068115606
1068115607
1068115608
1068115609
1068115610
1068115611
1068115612
1068115613
1068115614
1068115615
1068115616
1068115617
1068115618
1068115619
1068115620
1068115621
1068115622
1068115623
1068117496
1068117497
1068117498
1068117499
1068117500
1068117501
1068117502
1068117503
1068117504
1068117505
1068117506
1068117507
1068117508
1068117509
1068117510
1068117511
1068117512
1068117513
1068117514
1068117515
1068117516
1068117517
1068117518
1068117519
1068117520
1068117521
1068117522
1068117523
1068117524
1068117525
1068117526
1068117527
1068117528
1068117529
1068117530
1068117531
1068117532
1068117533
1068117534
1068117535
1068117536
1068117537
1068117538
1068117539
1068117540
1068117541
1068117542
1068117543
1068117544
1068117545
1068117546
1068117547
1068117548
1068117549
1068117550
1068117551
1068117552
1068119787
1068119788
1068119789
1068119790
1068119791
1068119792
1068119793
1068119794
1068119795
1068119796
1068119797
1068119798
1068119799
1068119800
1068119801
1068119802
1068119803
1068119804
1068119805
1068119806
1068119807
1068119808
1068119809
1068119810
1068119811
1068119812
1068119813
1068119814
1068119815
1068119816
1068119817
1068119818
1068119819
1068119820
1068119821
1068119822
1068119823
1068119824
1068119825
1068119826
1068119827
1068119828
1068119829
1068119830
1068119831
1068119832
1068119833
1068119834
1068119835
1068119836
1068119837
1068119838
1068119839
1068119840
1068119841
1068119842
1068119843
1068119844
1068119845
1068119846
1068119847
1068119848
1068119849
1068119850
1068119851
1068119852
1068119853
1068119854
1068119855
1068119856
1068119857
1068119858
1068119859
1068119860
1068119861
1068122376
1068122377
1068122378
1068122379
1068122380
1068122381
1068122382
1068122383
1068122384
1068122385
1068122386
1068122387
1068122388
1068122389
1068122390
1068122391
1068122392
1068122393
1068122394
1068122395
1068122396
1068122397
1068122398
1068122399
1068122400
1068122401
1068122402
1068122403
1068122404
1068122405
1068122406
1068122407
1068122408
1068122409
1068122410
1068122411
1068122412
1068122413
1068122414
1068122415
1068122416
1068122417
1068122418
1068122419
1068122420
1068122421
1068122422
1068122423
1068122424
1068122425
1068122426
1068122427
1068122428
1068122429
1068122430
1068122431
1068122432
1068122433
1068122434
1068122435
1068122436
1068122437
1068122438
1068122439
1068122440
1068122441
1068122442
1068122443
1068122444
1068122445
1068122446
1068122447
1068122448
1068122449
1068122450
1068122451
1068122452
1068122453
1068122454
1068122455
1068122456
1068122457
1068122458
1068122459
1068122460
1068122461
1068122462
1068122463
1068122464
1068122465
1068122466
1068122467
1068122468
1068122469
1068122470
1068122471
1068122472
1068122473
1068122474
1068122475
1068122476
1068122477
1068122478
1068122479
1068122480
1068122481
1068122482
1068122483
1068122484
1068406618
1068406619
1068406620
1068406621
1068406622
1068406623
1068406624
1068406625
1068406626
1068406627
1068406628
1068406629
1068406630
1068406631
1068406632
1068406633
1068406634
1068406635
1068406636
1068406637
1068406638
1068406639
1068406640
1068406641
1068406642
1068406643
1068406644
1068406645
1068406646
1068406647
1068406648
1068406649
1068406650
1068406651
1068406652
1068406653
1068406654
1068406655
1068406656
1068406657
1068406658
1068406659
1068406660
1068406661
1068406662
1068406663
1068406664
1068406665
1068406666
1068406667
1068406668
1068406669
1068407867
1068407868
1068407869
1068407870
1068407871
1068407872
1068407873
1068407874
1068407875
1068407876
1068407877
1068407878
1068407879
1068407880
1068407881
1068407882
1068407883
1068407884
1068407885
1068407886
1068407887
1068407888
1068407889
1068407890
1068407891
1068407892
1068407893
1068407894
1068407895
1068407896
1068407897
1068407898
1068407899
1068407900
1068407901
1068407902
1068407903
1068407904
1068407905
1068407906
1068407907
1068407908
1068407909
1068407910
1068407911
1068407912
1068407913
1068407914
1068407915
1068407916
1068407917
1068407918
1068407919
1068407920
1068407921
1068407922
1068407923
1068407924
1068407925
1068407926
1068407927
1068407928
1068407929
1068407930
1068407931
1068407932
1068407933
1068408667
1068408668
1068408669
1068408670
1068408671
1068408672
1068408673
1068408674
1068408675
1068408676
1068408677
1068408678
1068408679
1068408680
1068408681
1068408682
1068408683
1068408684
1068408685
1068408686
1068408687
1068408688
1068408689
1068408690
1068408691
1068408692
1068408693
1068408694
1068408695
1068408696
1068408697
1068408698
1068408699
1068408700
1068408701
1068409498
1068409499
1068409500
1068409501
1068409502
1068409503
1068409504
1068409505
1068409506
1068409507
1068409508
1068409509
1068409510
1068409511
1068409512
1068409513
1068409514
1068409515
1068409516
1068409517
1068409518
1068409519
1068409520
1068409521
1068409522
1068409523
1068409524
1068409525
1068409526
1068409527
1068409528
1068409529
1068409530
1068409531
1068409532
1068409533
1068409534
1068409535
1068409536
1068409537
1068409538
1068409539
1068409540
1068409541
1068409542
1068409543
1068409544
1068409545
1068410687
1068410688
1068410689
1068410690
1068410691
1068410692
1068410693
1068410694
1068410695
1068410696
1068410697
1068410698
1068410699
1068410700
1068410701
1068410702
1068410703
1068410704
1068410705
1068410706
1068410707
1068410708
1068410709
1068410710
1068410711
1068410712
1068410713
1068410714
1068410715
1068410716
1068410717
1068410718
1068410719
1068410720
1068410721
1068410722
1068410723
1069156112
1069156113
1069156114
1069156115
1069156116
1069156117
1069156118
1069156119
1069156120
1069156121
1069156122
1069156123
1069156124
1069156125
1069156126
1069156127
1069156128
1069156129
1069156130
1069156131
1069156132
1069156133
1069156134
1069156135
1069156136
1069156137
1069156138
1069156139
1069156140
1069156141
1069156142
1069156143
1069156144
1069156145
1069156146
1069156147
1069156148
1069156149
1069156150
1069159403
1069159404
1069159405
1069159406
1069159407
1069159408
1069159409
1069167092
1069167093
1069362271
1069362272
1069362273
1069362274
1069362275
1069362276
1069362277
1069362278
1069362279
1069362280
1069362281
1069362282
1069362283
1069362284
1069362285
1069362286
1069362287
1069362288
1069362289
1069362290
1069362291
1069362292
1069362293
1069362294
1069362295
1069362296
1069362297
1069362298
1069362299
1069362300
1069362301
1069362302
1069362303
1069362304
1069362305
1069362306
1069362307
1069362308
1069362309
1069365741
1069365742
1069365743
1069365744
1069365745
1069365746
1069365747
1069365748
1069365749
1069365750
1069365751
1069365752
1069365753
1069365754
1069365755
1069365756
1069365757
1069365758
1069365759
1069365760
1069365761
1069365762
1069365763
1069365764
1069365765
1069365766
1069365767
1069365768
1069365769
1069365770
1069365771
1069365772
1069365773
1069365774
1069365775
1069365776
1069365777
1069365778
1069365779
1069365780
1069365781
1069365782
1069365783
1069365784
1069365785
1069365786
1069365787
1069365788
1069365789
1069365790
1069365791
1069365792
1069365793
1069365794
1069365795
1069365796
1069365797
1069365798
1069365799
1069365800
1069365801
1069365802
1069365803
1069365804
1069365805
1069365806
1069365807
1069369966
1069369967
1069369968
1069369969
1069369970
1069369971
1069369972
1069369973
1069369974
1069369975
1069369976
1069369977
1069369978
1069369979
1069369980
1069369981
1069369982
1069369983
1069369984
1069369985
1069369986
1069369987
1069369988
1069369989
1069369990
1069369991
1069369992
1069369993
1069369994
1069369995
1069369996
1069369997
1069369998
1069369999
1069370000
1069370001
1069370002
1069370003
1069370004
1069370005
1069370006
1069370007
1069370008
1069370009
1069370010
1069370011
1069370012
1069370013
1069370014
1069370015
1069370016
1069370017
1069370018
1069370019
1069370020
1069370021
1069370022
1069370023
1069370024
1069370025
1069370026
1069370027
1069370028
1069370029
1069370030
1069370031
1069370032
1069370033
1069370034
1069370035
1069370036
1069370037
1069370038
1069370039
1069370040
1069370041
1069370042
1069370043
1069370044
1069370045
1069370046
1069370047
1069370048
1069370049
1069370050
1069370051
1069370052
1069370053
1069370054
1069370055
1069370056
1069370057
1069370058
1069370059
1069370060
1069370061
1069370062
1069370063
1069370064
1069370065
1069370066
1069370067
1069370068
1069370069
1069370070
1069370071
1069370072
1069370073
1069370074
1069370075
1069370076
1069370077
1069370078
1069370079
1069370080
1069370081
1069375003
1069375004
1069375005
1069375006
1069375007
1069375008
1069375009
1069375010
1069375011
1069375012
1069375013
1069375014
1069375015
1069375016
1069375017
1069375018
1069375019
1069375020
1069375021
1069375022
1069375023
1069375024
1069375025
1069375026
1069375027
1069375028
1069375029
1069375030
1069375031
1069375032
1069375033
1069375034
1069375035
1069375036
1069375037
1069375038
1069375039
1069375040
1069375041
1069375042
1069375043
1069375044
1069375045
1069375046
1069375875
1069375876
1069375877
1069375878
1069375879
1069375880
1069375881
1069375882
1069375883
1069375884
1069375885
1069375886
1069375887
1069375888
1069375889
1069375890
1069375891
1069375892
1069375893
1069375894
1069375895
1069375896
1069375897
1069377509
1069377510
1069377511
1069377512
1069377513
1069377514
1069377515
1069377516
1069377517
1069377518
1069377519
1069377520
1069377521
1069377522
1069377523
1069377524
1069377525
1069377526
1069377527
1069377528
1069377529
1069377530
1069377531
1069377532
1069377533
1069377534
1069377535
1069377536
1069377537
1069377538
1069377539
1069377540
1069377541
1069377542
1069377543
1069377544
1069377545
1069377546
1069377547
1069377548
1069377549
1069377550
1069377551
1069377552
1069377553
1069377554
1069377555
1069485800
1069489839
1069489840
1069489841
1069489842
1069489843
1069489844
1069489845
1069489846
1069489847
1069489848
1069489849
1069489850
1069489851
1069489852
1069489853
1069489854
1069489855
1069489856
1069489857
1069489858
1069489859
1069489860
1069489861
1069489862
1069489863
1069489864
1069489865
1069489866
1069489867
1069489868
1069489869
1069489870
1069489871
1069489872
1069489873
1069489874
1069489875
1069489876
1069489877
1069489878
1069491049
1069491050
1069491051
1069491052
1069491053
1069491054
1069491055
1069491056
1069491057
1069491058
1069491059
1069491060
1069491061
1069491062
1069491063
1069491064
1069491065
1069491066
1069491067
1069491068
1069491069
1069491070
1069491071
1069491072
1069491073
1069491074
1069491075
1069491076
1069491077
1069491078
1069491079
1069491080
1069491081
1069491082
1069491083
1069491084
1069491085
1069491086
1069491087
1069491088
1069491089
1069491090
1069491091
1069491092
1069491093
1069491094
1069491095
1069491096
1069491097
1069491098
1069491099
1069491100
1069491101
1069491102
1069491103
1069491104
1069491105
1069491106
1069491107
1069491108
1069491109
1069650254
1069650255
1069650256
1069650257
1069650258
1069650259
1069650260
1069650261
1069650262
1069650263
1069650264
1069650265
1069650266
1069650267
1069650268
1069650269
1069650270
1069650271
1069650272
1069650273
1069650274
1069650275
1069650276
1069650277
1069650278
1069650279
1069650280
1069650281
1069650282
1069650283
1069650284
1069650285
1069650286
1069650287
1069653142
1069653143
1069653144
1069653145
1069653146
1069653147
1069653148
1069653149
1069653150
1069653151
1069653152
1069653153
1069653154
1069653155
1069653156
1069653157
1069653158
1069653159
1069653160
1069653161
1069653162
1069653163
1069653164
1069653165
1069653166
1069653167
1069653168
1069653169
1069653170
1069653171
1069653172
1069653173
1069653174
1069653175
1069653176
1069653177
1069653178
1069653179
1069653180
1069653181
1069653182
1069653183
1069653184
1069653185
1069653186
1069655008
1069655009
1069655010
1069655011
1069655012
1069655013
1069655014
1069655015
1069655016
1069655017
1069655018
1069655019
1069655020
1069655021
1069655022
1069655023
1069655024
1069655025
1069655026
1069655027
1069655028
1069655029
1069655030
1069655031
1069655032
1069655033
1069655034
1069655035
1069655036
1069655037
1069655038
1069655039
1069655040
1069655041
1069655042
1069655043
1069655044
1069655045
1069655046
1069655047
1069655048
1069655049
1069655050
1069655051
1069655052
1069662720
1069842997
1069842998
1069842999
1069843000
1069843001
1069843002
1069843003
1069843004
1069843005
1069843006
1069843007
1069843008
1069843009
1069843010
1069843011
1069843012
1069843013
1069843014
1069843015
1069843016
1069843017
1069843018
1069843019
1069843020
1069843021
1069843022
1069845445
1069845446
1069845447
1069845448
1069845449
1069845450
1069845451
1069845452
1069845453
1069845454
1069845455
1069845456
1069845457
1069845458
1069845459
1069845460
1069845461
1069845462
1069845463
1069845464
1069845465
1069845466
1069845467
1069845468
1069845469
1069845470
1069845471
1069845472
1069845473
1069845474
1069845475
1069845476
1069845477
1069845478
1069845479
1069845480
1069845481
1069845482
1069845483
1069845484
1069845485
1069845486
1069845487
1069845488
1069845489
1069845490
1069845491
1069845492
1069845493
1069845494
1069845495
1069845496
1069845497
1069845498
1069845499
1069845500
1069845501
1069845502
1069845503
1069845504
1069845505
1069845506
1069845507
1069845508
1069845509
1069848062
1069848063
1069848064
1069848065
1069848066
1069848067
1069848068
1069848069
1069848070
1069848071
1069848072
1069848073
1069848074
1069848075
1069848076
1069848077
1069848078
1069848079
1069848080
1069848081
1069848082
1069848083
1069848084
1069848085
1069848086
1069848087
1069848088
1069848089
1069848090
1069850085
1069850086
1069850087
1069850088
1069850089
1069850090
1069850091
1069850092
1069850093
1069850094
1069850095
1069850096
1069850097
1069850098
1069850099
1069852051
1069852052
1069852053
1069852054
1069852055
1069852056
1069852057
1069852058
1069852059
1069852060
1069852061
1069852062
1069852063
1069852064
1069852065
1069852066
1069852067
1069852068
1069852069
1069852070
1069852071
1069852072
1069852073
1069852074
1069852075
1069852076
1069852077
1069852078
1069852079
1069852080
1069852081
1069852082
1069852083
1069852084
1069852085
1069852086
1069852087
1069852088
1069852089
1069852090
1069852091
1069852092
1069852093
1069852094
1069852095
1069852096
1069852097
1069852098
1069852099
1069852100
1069852101
1069852102
1069852103
1069852104
1069852105
1069852106
1069852107
1069853444
1069853445
1069853446
1069853447
1069853448
1069853449
1069853450
1069853451
1069853452
1069853453
1069854702
1069854703
1069854704
1069854705
1069854706
1069854707
1069854708
1069854709
1069854710
1069854711
1069854712
1069854713
1069854714
1069854715
1069854716
1069854717
1069854718
1069854719
1069854720
1069854721
1069854722
1069854723
1069854724
1069854725
1069854726
1069854727
1069854728
1069854729
1069854730
1069854731
1069854732
1069854733
1069854734
1069854735
1069854736
1069854737
1069854738
1069854739
1069854740
1069854741
1069854742
1069854743
1070142452
1070142453
1070142454
1070142455
1070142456
1070142457
1070142458
1070142459
1070142460
1070142461
1070142462
1070142463
1070142464
1070142465
1070142466
1070142467
1070142468
1070142469
1070142470
1070142471
1070142472
1070142473
1070142474
1070142475
1070142476
1070142477
1070202064
1070202065
1070202066
1070202067
1070202068
1070202069
1070202070
1070202071
1070202072
1070202073
1070202074
1070202075
1070202076
1070202077
1070202078
1070202079
1070202080
1070202081
1070202082
1070202083
1070202084
1070202085
1070202086
1070202087
1070202088
1070403776
1070403777
1070403778
1070403779
1070403780
1070403781
1070403782
1070403783
1070403784
1070403785
1070403786
1070403787
1070403788
1070403789
1070403790
1070403791
1070403792
1070403793
1070403794
1070403795
1070403796
1070403797
1070403798
1070403799
1070403800
1070403801
1070403802
1070403803
1070403804
1070403805
1070403806
1070403807
1070403808
1070403809
1070403810
1070403811
1070403812
1070403813
1070403814
1070403815
1070403816
1070403817
1070403818
1070403819
1070403820
1070403821
1070403822
1070403823
1070403824
1070403825
1070403826
1070403827
1070403828
1070403829
1070403830
1070405962
1070405963
1070405964
1070405965
1070405966
1070405967
1070405968
1070405969
1070405970
1070405971
1070405972
1070405973
1070405974
1070405975
1070405976
1070405977
1070405978
1070405979
1070405980
1070405981
1070405982
1070405983
1070405984
1070405985
1070405986
1070405987
1070405988
1070517740
1070517741
1070517742
1070517743
1070517744
1070517745
1070517746
1070517747
1070517748
1070517749
1070517750
1070517751
1070517752
1070517753
1070517754
1070517755
1070517756
1070517757
1070517758
1070517759
1070517760
1070517761
1070517762
1070517763
1070517764
1070517765
1070517766
1070517767
1070517768
1070517769
1070517770
1070517771
1070517772
1070517773
1070520216
1070520217
1070520218
1070520219
1070520220
1070520221
1070520222
1070520223
1070520224
1070520225
1070520226
1070520227
1070520228
1070520229
1070520230
1070520231
1070520232
1070520233
1070520234
1070520235
1070520236
1070520237
1070520238
1070520239
1070520240
1070520241
1070520242
1070520243
1070520244
1070520245
1070520246
1070520247
1070520248
1070520249
1070520250
1070520251
1070520252
1070520253
1070520254
1070520255
1070520256
1070520257
1070520258
1070520259
1070520260
1070520261
1070520262
1070520263
1070520264
1070520265
1070522353
1070522354
1070522355
1070522356
1070522357
1070522358
1070522359
1070522360
1070522361
1070522362
1070522363
1070522364
1070522365
1070522366
1070522367
1070522368
1070522369
1070522370
1070522371
1070522372
1070522373
1070522374
1070522375
1070522376
1070522377
1070522378
1070522379
1070522380
1070522381
1070522382
1070522383
1070522384
1070522385
1070522386
1070522387
1070522388
1070522389
1070522390
1070522391
1070522392
1070522393
1070522394
1070522395
1070522396
1070522397
1070522398
1070522399
1070522400
1070522401
1070522402
1070522403
1070522404
1070522405
1070522406
1070522407
1070522408
1070522409
1070522410
1070522411
1070522412
1070522413
1070522414
1070522415
1070522416
1070522417
1070522418
1070522419
1070522420
1070522421
1070522422
1070522423
1070522424
1070522425
1070523547
1070523548
1070523549
1070523550
1070523551
1070523552
1070523553
1070523554
1070523555
1070523556
1070523557
1070523558
1070523559
1070523560
1070523561
1070694057
1070694058
1070694059
1070694060
1070694061
1070694062
1070694063
1070694064
1070694065
1070694066
1070694067
1070694068
1070694069
1070694070
1070694071
1070694072
1070694073
1070694074
1070694075
1070694076
1070694077
1070694078
1070694079
1070694080
1070694081
1070694082
1070694083
1070694084
1070695390
1070695391
1070695392
1070695393
1070695394
1070695395
1070695396
1070695397
1070695398
1070695399
1070695400
1070695401
1070695402
1070695403
1070695404
1070695405
1070695406
1070695407
1070695408
1070695409
1070695410
1070695411
1070695412
1070695413
1070695414
1070695415
1070695416
1070695417
1070695418
1070695419
1070848763
1070848764
1070848765
1070848766
1070848767
1070848768
1070848769
1070848770
1070848771
1070848772
1070848773
1070848774
1070848775
1070848776
1070848777
1070848778
1070848779
1070848780
1070848781
1070848782
1070848783
1070848784
1070848785
1070849697
1070849698
1070849699
1070849700
1070849701
1070849702
1070849703
1070849704
1070849705
1070849706
1070849707
1070849708
1070849709
1070849710
1070849711
1070849712
1070849713
1070849714
1070849715
1070849716
1070849717
1070849718
1070849719
1070849720
1070849721
1070849722
1070849723
1070849724
1070849725
1070849726
1070849727
1070849728
1070849729
1070849730
1070851055
1070851056
1070851057
1070851058
1070851059
1070851060
1070851061
1070851062
1070851063
1070851064
1070851065
1070851066
1070851067
1070851068
1070851069
1070851070
1070851071
1070851072
1070851073
1070851074
1070851075
1070851076
1070851077
1070851078
1070851079
1070851080
1070851081
1070851082
1070851083
1070851084
1070852221
1070852222
1070852223
1070852224
1070852225
1070852226
1070852227
1070852228
1070852229
1070852230
1070852231
1070852232
1070852233
1070852234
1070852235
1070852236
1070852237
1070852238
1070852239
1070852240
1070852241
1070852242
1070852243
1070852244
1070852245
1070852246
1070853844
1070853845
1070853846
1070853847
1070853848
1070853849
1070853850
1070853851
1070853852
1070853853
1070853854
1070853855
1070853856
1070853857
1070853858
1070853859
1070853860
1070853861
1070853862
1070853863
1070853864
1070853865
1070853866
1070853867
1070853868
1070853869
1070853870
1070853871
1070853872
1070853873
1070853874
1070853875
1070853876
1070853877
1070853878
1070853879
1070853880
1070853881
1070853882
1070853883
1070853884
1070853885
1070853886
1070853887
1070853888
1070853889
1070853890
1070853891
1070853892
1070853893
1070853894
1070853895
1070853896
1070853897
1070853898
1070853899
1070853900
1070853901
1070853902
1070853903
1070853904
1070853905
1070853906
1070853907
1070853908
1071210393
1071210394
1071210395
1071211154
1071268621
1071268622
1071650070
1071650071
1071650072
1071650073
1071650074
1071650075
1071650076
1071650077
1071650078
1071650079
1071650080
1071650081
1071650082
1071650083
1071653264
1071653265
1071653266
1071653267
1071653268
1071653269
1071653270
1071653271
1071653272
1071653273
1071653274
1071653275
1071653276
1071653277
1071653278
1071653279
1071653280
1071653281
1071653282
1071653283
1071653284
1071653285
1071653286
1071653287
1071653288
1071653289
1071653290
1071653291
1071653292
1071653293
1071653294
1071653295
1071653296
1071653297
1071653298
1071653299
1071653300
1071653301
1071653302
1071653303
1071653304
1071653305
1071653306
1071653307
1071653308
1071653309
1071653310
1071653311
1071653312
1071653313
1071653314
1071653315
1071653316
1071653317
1071653318
1071675236
1071675237
1071675238
1071675239
1071675240
1071675241
1071675242
1071675243
1071675244
1071675245
1071675246
1071675247
1071675248
1071675249
1071675250
1071675251
1071675252
1071675253
1071675254
1071675255
1071675256
1071675257
1071675258
1071675259
1071675260
1071675261
1071675262
1071675263
1071675264
1071676891
1071676892
1071676893
1071676894
1071676895
1071676896
1071676897
1071676898
1071676899
1071676900
1071676901
1071676902
1071676903
1071676904
1071676905
1071676906
1071676907
1071676908
1071676909
1071676910
1071676911
1071676912
1071676913
1071676914
1071676915
1071676916
1071676917
1071676918
1071676919
1071681112
1071681113
1071681114
1071681115
1071681116
1071681117
1071681118
1071681119
1071681120
1071681121
1071681122
1071681123
1071681124
1071681125
1071681126
1071681127
1071681128
1071681129
1071681130
1071681131
1071681132
1071681133
1071681134
1071681135
1071681136
1071681137
1071681138
1071681139
1071681140
1071681141
1071681142
1071685534
1071685535
1071685536
1071685537
1071685538
1071685539
1071685540
1071685541
1071685542
1071685543
1071685544
1071685545
1071685546
1071685547
1071685548
1071685549
1071685550
1071685551
1071685552
1071685553
1071685554
1071685555
1071685556
1071685557
1071685558
1071685559
1071685560
1071685561
1071685562
1071685563
1071685564
1071685565
1071685566
1071685567
1071685568
1071686714
1071686715
1071686716
1071686717
1071686718
1071686719
1071686720
1071686721
1071686722
1071686723
1071686724
1071686725
1071686726
1071686727
1071686728
1071686729
1071686730
1071686731
1071686732
1071686733
1071686734
1071686735
1071686736
1071686737
1071686738
1071686739
1071686740
1071686741
1071686742
1071686743
1071686744
1071686745
1071686746
1071686747
1071686748
1071844046
1071844047
1071844048
1071844049
1071844050
1071844051
1071844052
1071844053
1071844054
1071844055
1071844056
1071844057
1071844058
1071844059
1071844060
1071844061
1071844062
1071844063
1071844064
1071844065
1071844066
1071844067
1071844068
1071844069
1071844070
1071844071
1071844072
1071844073
1071844074
1071844075
1071987307
1071987308
1071987309
1071987310
1071987311
1071987312
1071987313
1071987314
1071987315
1071987316
1071987317
1071987318
1071987319
1071987320
1071987321
1071987322
1071987323
1071987324
1071987325
1071987326
1071987327
1071987328
1071987329
1071987330
1071987331
1071987332
1071987333
1071987334
1071987335
1071990751
1071990752
1071990753
1071990754
1071990755
1071990756
1071990757
1071990758
1071990759
1071990760
1071990761
1071990762
1071990763
1071990764
1071990765
1071990766
1071990767
1071990768
1071990769
1071990770
1071990771
1071990772
1071990773
1071990774
1071990775
1071990776
1071990777
1071990778
1071990779
1071990780
1071990781
1071990782
1071990783
1071990784
1071990785
1071990786
1071990787
1071990788
1071990789
1071990790
1071990791
1071990792
1071990793
1071990794
1071990795
1071990796
1071990797
1071990798
1071990799
1071990800
1071990801
1071994488
1071994489
1071994490
1071994491
1071994492
1071994493
1071994494
1071994495
1071994496
1071994497
1071994498
1071994499
1071994500
1071994501
1071994502
1071994503
1071994504
1071994505
1071994506
1071994507
1071994508
1071994509
1071994510
1071994511
1071994512
1071994513
1071994514
1071994515
1071994516
1071994517
1071994518
1071994519
1072027961
1072195537
1072195538
1072195539
1072195540
1072195541
1072195542
1072195543
1072195544
1072195545
1072195546
1072195547
1072195548
1072195549
1072195550
1072195551
1072195552
1072195553
1072195554
1072195555
1072195556
1072195557
1072195558
1072195559
1072195560
1072195561
1072195562
1072195563
1072195564
1072195565
1072195566
1072198983
1072198984
1072198985
1072198986
1072198987
1072198988
1072198989
1072198990
1072198991
1072198992
1072198993
1072198994
1072198995
1072198996
1072198997
1072198998
1072198999
1072199000
1072199001
1072199002
1072199003
1072199004
1072199005
1072199007
1072200852
1072200853
1072200854
1072200855
1072200856
1072200858
1072200859
1072200860
1072200861
1072200862
1072200863
1072200864
1072200865
1072200866
1072200867
1072200868
1072200869
1072200870
1072200871
1072200872
1072200873
1072200874
1072200875
1072200876
1072200877
1072200878
1072200879
1072200880
1072200881
1072200882
1072200883
1072200884
1072200885
1072200886
1072200887
1072200888
1072200889
1072200890
1072200891
1072200892
1072200893
1072200894
1072200895
1072200896
1072200897
1072200898
1072200899
1072200900
1072200901
1072200902
1072200903
1072200904
1072200905
1072200906
1072200907
1072200908
1072200909
1072200910
1072201791
1072201792
1072201793
1072201794
1072201795
1072201796
1072201797
1072544576
1072544577
1072544578
1072544579
1072544580
1072544581
1072544582
1072544583
1072544584
1072544585
1072544586
1072544587
1072544588
1072544589
1072544590
1072544591
1072544592
1072544593
1072544594
1072544595
1072544596
1072544597
1072544598
1072544599
1072544600
1072544601
1072544602
1072544603
1072544604
1072544605
1072544606
1072544607
1072544608
1072544609
1072544610
1072544611
1072544612
1072544613
1072546399
1072546400
1072546401
1072546402
1072546403
1072546404
1072546405
1072546406
1072546407
1072546408
1072546409
1072546410
1072546411
1072546412
1072546413
1072546414
1072546415
1072546416
1072546417
1072546418
1072546419
1072546420
1072546421
1072546422
1072546423
1072546424
1072546425
1072546426
1072546427
1072546428
1072546429
1072546430
1072546431
1072546432
1072546433
1072546434
1072546435
1072546436
1072546437
1072546438
1072546439
1072546440
1072546441
1072546442
1072546443
1072546444
1072546445
1072546446
1072546447
1072558585
1072558586
1072558587
1072558588
1072558589
1072558590
1072558591
1072558592
1072558593
1072558594
1072558595
1072558596
1072558597
1072558598
1072558599
1072558600
1072558601
1072561325
1072561326
1072561327
1072561328
1072561329
1072561330
1072561331
1072561332
1072561333
1072561334
1072561335
1072561336
1072561337
1072561338
1072561339
1072561340
1072561341
1072561342
1072561343
1072561344
1072561345
1072561346
1072561347
1072561348
1072561349
1072561350
1072561351
1072561352
1072561353
1072561354
1072561355
1072561356
1072561357
1072561358
1072561359
1072561360
1072561361
1072561362
1072561363
1072561364
1072561365
1072561366
1072561367
1072561368
1072561369
1072561370
1072561371
1072561372
1072561373
1072561374
1072561375
1072561376
1072561377
1072564657
1072564658
1072564659
1072564660
1072564661
1072564662
1072564663
1072564664
1072564665
1072564666
1072564667
1072564668
1072564669
1072564670
1072564671
1072564672
1072564673
1072564674
1072564675
1072564676
1072564677
1072564678
1072564679
1072564680
1072564681
1072564682
1072564683
1072564684
1072564685
1072564686
1072564687
1072564688
1072564689
1072564690
1072564691
1072564692
1072564693
1072564694
1072564695
1072564696
1072564697
1072564698
1072564699
1072564700
1072564701
1072564702
1072564703
1072564704
1072564705
1072564706
1072564707
1072787633
1072944498
1072944499
1072944500
1072944501
1072944502
1072944503
1072944504
1072944505
1072944506
1072944507
1072944508
1072944509
1072944510
1072944511
1072944512
1072944513
1072944514
1072944515
1072944516
1072944517
1072944518
1072944519
1072944520
1072944521
1072944522
1072944523
1072944524
1072944525
1072944526
1072944527
1072944528
1072944529
1072944530
1072944531
1072944532
1072944533
1072944534
1072944535
1072944536
1072944537
1072944538
1072944539
1072944540
1072944541
1072944542
1072944543
1072944544
1072944545
1072944546
1072944547
1072944548
1072944549
1072944550
1072945843
1072945844
1072945845
1072945846
1072945847
1072945848
1072945849
1072945850
1072945851
1072945852
1072945853
1072945854
1072945855
1072945856
1072945857
1072945858
1072945859
1072945860
1072945861
1072945862
1072945863
1072945864
1072945865
1072945866
1072945867
1072945868
1072945869
1072945870
1072945871
1072945872
1072945873
1072945874
1072945875
1073006655
1073006656
1073006657
1073006658
1073006659
1073006660
1073006661
1073006662
1073006663
1073006664
1073006665
1073006666
1073006667
1073006668
1073033587
1073033588
1073033589
1073033590
1073033591
1073033592
1073033593
1073033594
1073033595
1073033596
1073033597
1073033598
1073033599
1073033600
1073033601
1073033602
1073033603
1073033604
1073033605
1073033606
1073033607
1073033608
1073033609
1073033610
1073033611
1073033612
1073033613
1073033614
1073033615
1073033616
1073284836
1073284837
1073284838
1073284839
1073284840
1073284841
1073284842
1073284843
1073284844
1073284845
1073284846
1073284847
1073284848
1073284849
1073284850
1073284851
1073284852
1073284853
1073284854
1073284855
1073284856
1073284857
1073284858
1073284859
1073289084
1073289085
1073289086
1073289087
1073289088
1073289089
1073289090
1073289091
1073289092
1073289513
1073289514
1073289515
1073289516
1073289517
1073313583
1073517724
1073517725
1073517726
1073517727
1073519005
1073519006
1073521175
1073521176
1073748305
1073748306
1073748307
1073748308
1073748309
1073748310
1073748311
1073748312
1073748313
1073748314
1073748315
1073748316
1073748317
1073748318
1073748319
1073748320
1073748321
1073748322
1073748323
1073748324
1073748325
1073748326
1073748327
1073748328
1073748329
1073748330
1073748331
1073748332
1073748333
1073748334
1073748336
1073748337
1073751210
1073751211
1073751212
1073751213
1073751214
1073751215
1073751216
1073751217
1073751218
1073751219
1073751222
1073751223
1073751224
1073751241
1073751242
1073751243
1073751244
1073751245
1073751246
1073751247
1073751248
1073751249
1073751250
1073751251
1073751252
1073751253
1073751254
1073751255
1073751256
1073751257
1073751258
1073751259
1073751260
1073751261
1073751262
1073751263
1073751264
1073751265
1073751266
1073751267
1073751268
1073752940
1073752941
1073752942
1073752943
1073752944
1073752945
1073752946
1073752947
1073752948
1073752949
1073752950
1073752951
1073752952
1073752953
1073752954
1073752955
1073752956
1073752957
1073752958
1073752959
1073752960
1073752961
1073752962
1073752963
1073752964
1073752965
1073752966
1073752967
1073762587
1073762588
1073762589
1073762590
1073762591
1073762592
1073762593
1073762594
1073762595
1073762596
1073762597
1073762598
1073762599
1073762600
1073762601
1073762602
1073762603
1073762604
1073762605
1073762606
1073762607
1073762608
1073762609
1073762610
1073762611
1073762612
1073762613
1073762614
1073762615
1073762616
1073762617
1073762618
1073762619
1073762620
1073762621
1073762622
1073832026
1074493369
1075214638
1075295544
1075295545
1075297428
1075297429
1075297430
1075297431
1075297432
1075297433
1075297434
1075297435
1075297436
1075297437
1075297438
1075297439
1075297440
1075297441
1075297442
1075297443
1075297444
1075297445
1075297446
1075297447
1075297448
1075297449
1075302566
1075302567
1075302568
1075302569
1075302570
1075302571
1075302572
1075302573
1075302574
1075302575
1075302576
1075302577
1075302578
1075302579
1075302580
1075302581
1075302582
1075302583
1075302584
1075302585
1075302586
1075302587
1075302588
1075302589
1075302590
1075302591
1075302592
1075302593
1075302594
1075302595
1075302596
1075302597
1075302598
1075302599
1075302600
1075302601
1075302602
1075302603
1075302604
1075302605
1075302606
1075302607
1075302608
1075302609
1075302610
1075302611
1075302612
1075302613
1075302614
1075302615
1075302616
1075302726
1075302727
1075302728
1075302729
1075322067
1075322068
1075322069
1075322070
1075322071
1075322072
1075322073
1075322074
1075322075
1075322076
1075322077
1075322078
1075322079
1075322080
1075322081
1075322082
1075322083
1075322084
1075322085
1075322086
1075322087
1075322088
1075322089
1075322090
1075322091
1075322092
1075322093
1075322094
1075322095
1075322096
1075322097
1075322098
1075322099
1075322100
1075322101
1075322102
1075322103
1075322104
1075322105
1075322106
1075322107
1075322108
1075322109
1075322110
1075322111
1075322641
1075322642
1075322643
1075322644
1075322645
1075322646
1075322647
1075322648
1075322649
1075322650
1075322651
1075322652
1075322653
1075326516
1075326517
1075326518
1075326519
1075326520
1075326521
1075326522
1075326523
1075326524
1075326525
1075326526
1075326527
1075326528
1075326529
1075326530
1075326531
1075488209
1075488210
1075488211
1075490662
1075494363
1075499867
1075659186
1075659187
1075659188
1075659189
1075659190
1075659191
1075659192
1075659193
1075659194
1075659195
1075659196
1075659197
1075659198
1075659199
1075659200
1075659201
1075659202
1075659203
1075659204
1075659205
1075659206
1075659207
1075659208
1075659209
1075659210
1075659211
1075659212
1075659213
1075659214
1075659215
1075659216
1075659217
1075661581
1075661582
1075661583
1075661584
1075661585
1075661586
1075661587
1075661588
1075661589
1075661590
1075661591
1075661592
1075661593
1075661594
1075661595
1075661596
1075661597
1075661598
1075661599
1075661600
1075661601
1075661602
1075661603
1075661604
1075661605
1075661606
1075661607
1075661608
1075661609
1075661610
1075661611
1075661612
1075661613
1075661614
1075661615
1075661616
1075661617
1075661618
1075661619
1075661620
1075661621
1075661622
1075661623
1075661624
1075663262
1075663263
1075663264
1075663265
1075663266
1075663267
1075663268
1075663269
1075663270
1075663271
1075663272
1075663273
1075663274
1075663275
1075663276
1075663277
1075663278
1075718695
1075718696
1075718697
1076566984
1076566985
1077118606
1077118607
1077382919
1077382920
1077382921
1077610891
1077610892
1077610893
1077610894
1077610895
1077610896
1077610897
1077610898
1077610899
1077610900
1077610901
1077610902
1077610903
1077610904
1077610905
1077612741
1077612742
1077612744
1077612746
1077612748
1077612750
1077612752
1077612754
1077612756
1077612757
1077612760
1077612761
1077612763
1077612764
1077614293
1077614294
1077614295
1077614296
1077614297
1077614298
1077614299
1077614300
1077614301
1077614302
1077614303
1077614304
1077614305
1077614306
1077614307
1077614308
1077614309
1077614310
1077614311
1077614312
1077614313
1077614314
1077614315
1077614316
1077614317
1077614318
1077614319
1077614320
1077614321
1077615577
1077615578
1077615579
1077615580
1077615581
1077615582
1077615583
1077615584
1077615585
1077615586
1077615587
1077615588
1077615589
1077615590
1077615591
1077615592
1077615593
1077616839
1077616840
1077616841
1077616842
1077616843
1077616844
1077616845
1077616846
1077616847
1077616848
1077616849
1077616850
1077616851
1077616852
1077616853
1077616854
1077616855
1077616856
1077616857
1077616858
1077616859
1077616860
1077616861
1077616862
1077616863
1077616864
1077616865
1077616866
1077616867
1077618027
1077618028
1077618029
1077618030
1077618031
1077618032
1077618033
1077618034
1077618035
1077618036
1077618037
1077618038
1077618039
1077618040
1077618041
1077618042
1077618043
1077618044
1077881418
1077881419
1077881420
1077881421
1077881422
1077881423
1077881424
1077881425
1077881426
1077881427
1077881428
1077881429
1077881430
1077881431
1077881432
1077881433
1077881434
1077881435
1077881436
1077881437
1077881438
1077881439
1077881440
1077881441
1077881442
1077881443
1077881444
1077881445
1077881446
1077884618
1077884619
1077884620
1077884621
1077884622
1077884623
1077884624
1077884625
1077884626
1077884627
1077884628
1077884629
1077887019
1077887020
1077887021
1077887022
1077887023
1077887024
1077887025
1077887026
1077887027
1077887028
1077887029
1077887030
1077887031
1077887032
1077887033
1077887034
1077887035
1077887036
1077887037
1077887038
1077887039
1077887040
1077887041
1077888082
1077888083
1077888084
1077888085
1077888086
1077888087
1077888088
1077888089
1077888090
1077888091
1077888092
1077888093
1077888094
1077888095
1077888096
1077888097
1077888098
1077888099
1077888100
1077888101
1077888102
1077888103
1077890064
1077890065
1077890066
1077890067
1077890068
1077890069
1077890070
1077890071
1077890072
1077890073
1077890074
1077890075
1077890076
1077890077
1077890078
1077890079
1077890080
1077890081
1077890082
1077890083
1077892226
1077892227
1077892228
1077892229
1077892230
1077892231
1077892232
1077892233
1077892234
1077892235
1077892236
1077892237
1077892238
1077892239
1077892240
1077892241
1077892242
1077892243
1077892244
1077892245
1077892246
1077892247
1077892248
1077892249
1077892250
1077892251
1077892252
1077892253
1077892254
1077892255
1078126286
1078126287
1078126288
1078126289
1078126290
1078126291
1078126292
1078126293
1078126294
1078126295
1078126296
1078126297
1078126298
1078126299
1078126300
1078126301
1078126302
1078126303
1078126304
1078126305
1078126306
1078126307
1078126308
1078126309
1078126310
1078126311
1078130571
1078130572
1078130573
1078130574
1078130575
1078130576
1078130577
1078130578
1078130579
1078130580
1078130581
1078130582
1078130583
1078130584
1078130585
1078130586
1078130587
1078130588
1078130589
1078130590
1078130591
1078130592
1078130593
1078130594
1078130595
1078130596
1078130597
1078130598
1078130599
1078130600
1078130601
1078130602
1078130603
1078130604
1078130605
1078130606
1078130607
1078130608
1078130609
1078130610
1078130611
1078130612
1078130613
1078130614
1078130615
1078130616
1078130617
1078130618
1078130619
1078130620
1078130621
1078130622
1078130623
1078130624
1078130625
1078130626
1078130627
1078132276
1078132277
1078132278
1078132279
1078132280
1078132281
1078132282
1078132283
1078132284
1078132285
1078132286
1078132287
1078132288
1078132289
1078132290
1078132291
1078132292
1078132293
1078132294
1078132295
1078132296
1078132297
1078132298
1078132299
1078132300
1078132301
1078132302
1078132303
1078132304
1078607469
1078607470
1078607471
1078607472
1078607473
1078607474
1078607475
1078607476
1078607477
1078607478
1078607479
1078607480
1078607481
1078607482
1078607483
1078607484
1078607485
1078624311
1078624312
1078624313
1078624314
1078624315
1078624316
1078624317
1078624318
1078624319
1078624320
1078624321
1078651944
1078651945
1078651946
1078651947
1078651948
1078651949
1078651950
1078651951
1078651952
1078651953
1078651954
1078651955
1078651956
1078651957
1078651958
1078651959
1078651960
1078651961
1078664805
1078664806
1078664807
1078664808
1078664809
1078664810
1078664811
1078664812
1078664813
1078664814
1078664815
1079083415
1079083416
1079680576
1079680577
1079680578
1079680579
1079680580
1079680581
1079680582
1079680583
1079680584
1079680585
1079680586
1079680587
1079680588
1079680589
1079680590
1079680591
1079680592
1079680593
1079680594
1079680595
1079680596
1079680597
1079680598
1079680599
1079680600
1079680601
1079680602
1079680603
1079680604
1079680605
1079680606
1079680607
1079680608
1079680609
1079680610
1079680611
1079680612
1079680613
1079680614
1079680615
1079680616
1079680617
1079680618
1079680619
1079680620
1079682868
1079682869
1079682870
1079682871
1079682872
1079682873
1079682874
1079682875
1079682876
1079682877
1079682878
1079682879
1079682880
1079682881
1079682882
1079682883
1079682884
1079682885
1079682886
1079682887
1079682888
1079682889
1079682890
1079682891
1079682892
1079682893
1079682894
1079682895
1079682896
1079682897
1079682898
1079682899
1079682900
1079682901
1079684015
1079684016
1079684017
1079684018
1079684019
1079684020
1079684021
1079684022
1079684023
1079684024
1079684025
1079684026
1079684027
1079684028
1079684029
1079684030
1079684031
1079684032
1079684033
1079684034
1079684035
1079684036
1079684037
1079684038
1079684039
1079684040
1079684041
1079684042
1079684043
1079684044
1079684045
1079684046
1079684047
1079684048
1079684049
1079684050
1079684051
1079684052
1079684053
1079684054
1079684061
1079686266
1079686267
1079686268
1079686269
1079686270
1079686271
1079686272
1079686273
1079686274
1079686275
1079686276
1079686277
1079686278
1079686279
1079686280
1079686281
1079686282
1079686283
1079686284
1079686285
1079686286
1079686287
1079686288
1079686289
1079686290
1079686291
1079686292
1079686293
1079686294
1079686295
1079686296
1079686297
1079686298
1079686299
1079686300
1079686301
1079686302
1079686303
1079686304
1079686305
1079686306
1079686307
1079686308
1079686309
1079686310
1079686311
1079686312
1079686313
1079686314
1079686315
1079686316
1079686317
1079686318
1079686319
1079686320
1080527034
1080527035
1080527036
1080527037
1080527038
1080527039
1080527040
1080527041
1080715398
1080717143
1080717144
1080717145
1080717146
1080892263
1080892264
1080892265
1080892266
1080892267
1080892268
1080892269
1080892270
1080892271
1080893785
1080893786
1080893787
1080893788
1081549875
1081560584
1081560585
1081560586
1081560587
1081560588
1081560589
1081560590
1081560591
1081560592
1081560593
1081721444
1081721445
1081721446
1081721447
1081817045
1081817046
1081817047
1081817048
1081817049
1081817050
1081817051
1082079851
1082538557
1082591643
1082591644
1083884952
1083884961
1083884970
1083884972
1083885178
1083885179
1083885180
1084265812
1085979030
1085979031
1086929756
1086929758
1086929759
1086929760
1086951570
1086951573
1086951574
1086951575
1086951576
1086951577
1086951578
1086951579
1086951580
1086951581
1086951582
1086951583
1086951584
1086951585
1086951586
1086951587
1086951588
1086951589
1087141156
1087141157
1087141158
1087141159
1087410606
1087410607
1087410608
1087410609
1087410610
1087410611
1087410612
1087410613
1087410614
1087410615
1087410616
1087410617
1087410618
1087410619
1087410620
1087411784
1087411787
1087411788
1087411789
1087411790
1087411791
1087411792
1087411793
1087411794
1087411795
1087411796
1087411797
1087411798
1087411799
1087411800
1087411801
1087411802
1087411803
1087411804
1087411805
1087411806
1087411807
1087411808
1087411809
1087411815
1087411816
1087411817
1087411818
1087411819
1087411820
1087411821
1087411822
1087411823
1087411824
1087411825
1087411826
1087411827
1087411828
1087411829
1087411833
1087411834
1087411835
1087413079
1087413087
1087413088
1087413089
1087413090
1087413095
1087413096
1087413097
1087413098
1087413099
1087413100
1087413101
1087413102
1087413103
1087413104
1087413105
1087413106
1087413107
1087413108
1087413109
1087413110
1087413111
1087413112
1087414432
1087414433
1087414434
1087414435
1087414436
1087414438
1087414439
1087651196
1087651197
1087651198
1087651199
1087652502
1087652503
1087652504
1087652505
1087652506
1087652507
1087652508
1087699925
1087699926
1087699927
1087699928
1087699929
1087699930
1087699931
1087699932
1087699933
1087699934
1087699935
1087699936
1087699937
1087699938
1087699939
1087699940
1087699941
1087699942
1087699943
1087699944
1087700772
1087700773
1087700774
1087700775
1087700776
1087700777
1087700778
1087700779
1087700780
1087700781
1087700782
1087700783
1087700784
1087700785
1087700786
1087700787
1087700788
1087700789
1087700790
1087700791
1087700792
1087700793
1087700794
1087700795
1087700796
1087700797
1087700798
1087700799
1087700800
1087700801
1087700802
1087700803
1087700804
1087700805
1087700806
1087700807
1087700808
1087700809
1087829090
1087829091
1087829092
1087829093
1087829094
1087829095
1087829096
1087829097
1087829098
1087829099
1087829100
1087829101
1087829102
1087829615
1087829616
1087829617
1087829618
1087829619
1087829620
1087829621
1087829622
1087829623
1087829624
1087829625
1087829626
1087831252
1087831253
1087831585
1087831586
1087831587
1087831588
1087831589
1087831590
1087831591
1087831592
1087831593
1087831594
1087831595
1087831596
1087831597
1087831598
1087831599
1087831600
1087831601
1087831602
1087831603
1087831604
1087831605
1087831606
1087831607
1087831608
1087831609
1087831610
1087831611
1087831612
1087831613
1087831614
1087831615
1087833188
1087833189
1087833190
1087833191
1087833192
1087833193
1087833194
1087833195
1087833196
1087833197
1087833198
1087833199
1087833200
1087833201
1087833202
1087833203
1087833204
1087833205
1087833208
1087833209
1087833210
1087833211
1087833212
1087833213
1087833214
1087833215
1087833216
1087833217
1087833218
1087833219
1087833220
1087833221
1087833222
1087833223
1087833224
1087833225
1087833226
1087833227
1087833228
1087833229
1087834774
1087834775
1087834776
1087834777
1087834778
1087834779
1087834780
1087834781
1087834782
1087834783
1087834784
1087834785
1087834786
1087834787
1087834788
1087834789
1087834790
1087834791
1087834792
1087834793
1087834794
1087834795
1087834796
1087834797
1087834798
1087834799
1087834800
1087834801
1087834802
1087834803
1087834804
1087834805
1087834806
1087834807
1087834808
1087834809
1087834810
1087834811
1087834812
1087834813
1087834866
1088098829
1088098830
1088098831
1088098832
1088098833
1088098834
1088098835
1088098836
1088098837
1088098838
1088098839
1088098840
1088098841
1088098842
1088098843
1088098844
1088098845
1088098846
1088098847
1088098848
1088098849
1088098850
1088098851
1088098852
1088098853
1088098854
1088098855
1088098856
1088098857
1088098858
1088098859
1088098860
1088098861
1088098862
1088099505
1088099506
1088099507
1088099508
1088099509
1088099510
1088099511
1088099512
1088099513
1088099514
1088131460
1088131461
1088131462
1088131463
1088131464
1088131465
1088131466
1088131467
1088131468
1088131469
1088131470
1088131471
1088131472
1088131473
1088131474
1088131475
1088134029
1088134030
1088134031
1088134032
1088134033
1088134034
1088134035
1088134036
1088134037
1088134038
1088134594
1088134595
1088134596
1088134597
1088134598
1088134599
1088134600
1088134601
1088134602
1088134603
1088134604
1088134605
1088134606
1088134607
1088134608
1088134609
1088134610
1088134611
1088135295
1088135296
1088135297
1088135298
1088135299
1088135300
1088135301
1088135302
1088135303
1088135304
1088135305
1088135306
1088135307
1088135308
1088135309
1088135310
1088135311
1088135312
1088135313
1088135314
1088135315
1088135316
1088135317
1088135318
1088135319
1088135320
1088135321
1088135322
1088135323
1088135324
1088351105
1088351106
1088351107
1088351108
1088351109
1088351110
1088351111
1088351112
1088351113
1088351114
1088351115
1088351116
1088351117
1088352132
1088352133
1088352134
1088352135
1088352136
1088354604
1088354605
1088354606
1088354607
1088354608
1088354609
1088354610
1088354611
1088354612
1088354613
1088354614
1088354615
1088354616
1088354617
1088354618
1088354619
1088354620
1088354621
1088354622
1088354623
1088354624
1088354625
1088354626
1088355589
1088355590
1088355591
1088355592
1088355593
1088355594
1088355595
1088355596
1088355597
1088355598
1088355599
1088355600
1088355601
1088355602
1088355603
1088355604
1088355605
1088355606
1088355607
1088355608
1088355609
1088355610
1088355611
1088355612
1088356609
1088356610
1088356611
1088356612
1088356613
1088356614
1088356615
1088356616
1088356617
1088356618
1088356619
1088356620
1088356621
1088356622
1088356623
1088356624
1088356625
1088356626
1088356627
1088356628
1088356629
1088356630
1088356631
1088356632
1088356633
1088356634
1088356635
1088356636
1088356637
1088356638
1088356639
1088356640
1088357259
1088357260
1088357261
1088357262
1088357263
1088357264
1088357265
1088357266
1088357267
1088357268
1088357269
1088357270
1088357271
1088357272
1088357273
1088357274
1088357275
1088357276
1088357277
1088357278
1088357279
1088357280
1088357281
1088357282
1088357283
1088357284
1088357285
1088357286
1088357287
1088357288
1088357289
1088357290
1088357291
1089476830
1089476831
1089477450
1089477451
1089876039
1089876040
1089876041
1089876042
1089876043
1089876044
1090444231
1092657442
1092657443
1092967652
1092967657
1092967664
1092967665
1092967666
1093754608
1093754609
1093754610
1093754611
1093754612
1093756224
1093756225
1093936189
1093936190
1093936191
1093936192
1093936193
1093936938
1093936939
1093936940
1093936941
1093941129
1093941130
1093941131
1093941132
1093941133
1093941134
1093941135
1093941136
1093941137
1093941138
1093941139
1094443090
1094443091
1094497826
1094497827
1094497828
1096210931
1096210932
1096355084
1096355085
1096355086
1096355087
1096355088
1096409929
1096409930
1096409931
1097774629
1097774630
1097774631
1097865604
1100638943
1100638944
1101000722
1101002077
1101003134
1101025909
1101025910
1101033019
1101471358
1101471359
1101471360
1101471361
1101471362
1101682151
1101682152
1101684811
1101684812
1101718337
1102386544
1102386545
1102392782
1102392783
1102392784
1102679733
1102700544
1102700545
1102700546
1102700547
1102707233
1102707234
1102709270
1102709588
1102719426
1102719427
1102719428
1102723086
1102723087
1102725064
1103146194
1103146195
1103183335
1103222229
1103222230
1103222231
1103222232
1103222233
1103252088
1103252089
1103252090
1103252091
1103252092
1103252093
1103252094
1103253035
1103253036
1103253037
1103260121
1103357152
1103732597
1103732598
1103876657
1103876658
1103876659
1103876660
1103876661
1103886096
1103886097
1103897290
1103897291
1103899234
1103904783
1103911110
1103978161
1103978162
1103978163
1103978164
1103978165
1103978166
1103978167
1104429350
1104430264
1104478897
1104478898
1104478899
1104478900
1104478901
1104662297
1104662298
1104662299
1104662300
1104683747
1104683748
1104688739
1104688740
1104690929
1104690930
1104881483
1104881484
1104881485
1104881486
1104881487
1104881488
1104881489
1104881490
1104881491
1104881492
1104881493
1104881494
1104881495
1104881496
1104881497
1104881498
1104881499
1104881500
1104881501
1104881502
1104881503
1104881504
1104881505
1104881506
1104881507
1104881508
1104881509
1104881510
1104881511
1104881512
1104881513
1104881514
1104881515
1104881516
1104881517
1104881518
1104881519
1104881520
1104881521
1104881522
1104881523
1104881524
1104881525
1104881526
1104883313
1104883314
1104883315
1104883316
1104883317
1104883318
1104883319
1104883320
1104883321
1104883322
1104883323
1104883324
1104883325
1104883326
1104883327
1104883328
1104883329
1104883330
1104883331
1104883332
1104883333
1104883334
1104883335
1104883336
1104883337
1104883338
1104883339
1104883340
1104883341
1104883342
1104883343
1104883344
1104883345
1104883346
1104883347
1104883348
1104883349
1104885146
1104885147
1104885148
1104885149
1104885150
1104885151
1104885152
1104885153
1104885154
1104885155
1104885156
1104885157
1104885158
1104885159
1104885160
1104885161
1104885162
1104885163
1104885164
1104885165
1104885166
1104885167
1104885168
1104885169
1104885170
1104885171
1104885172
1104885173
1104885174
1105053002
1105143948
1105143949
1105143950
1105143951
1105143952
1105143953
1105143954
1105143955
1105143956
1105143957
1105143958
1105143959
1105143960
1105143961
1105143962
1105143963
1105143964
1105143965
1105143966
1105144880
1105144881
1105144882
1105144883
1105144884
1105144885
1105144886
1105144887
1105144888
1105144889
1105144890
1105144891
1105144892
1105144893
1105144894
1105144895
1105144896
1105144897
1105144898
1105144899
1105144900
1105144901
1105144902
1105148112
1105148113
1105148114
1105148115
1105148116
1105148117
1105148118
1105413989
1105436407
1105436408
1105436409
1105436410
1105436411
1105436412
1105436413
1105436414
1105436415
1105436416
1105436417
1105436418
1105436419
1105436420
1105436421
1105436422
1105436423
1105436424
1105436425
1105436426
1105436427
1105436428
1105436429
1105436430
1105436431
1105436432
1105436433
1105436434
1105436435
1105436436
1105436437
1105436438
1105436439
1105436440
1105436441
1105496642
1105496643
1105496644
1105500435
1105500436
1105500437
1105508062
1105508063
1105508064
1105526697
1105526698
1105529693
1105532904
1105532905
1105536363
1105536364
1105536365
1106510745
1106510746
1106510747
1106510748
1106510749
1106510750
1106510751
1106510752
1106510753
1106510754
1106510755
1106510756
1106510757
1106510758
1106510759
1106510760
1106510761
1106510762
1106510763
1106510764
1106510765
1106510766
1106510767
1106510768
1106510769
1106510770
1106510771
1106510772
1106510773
1106510774
1106510775
1106510776
1106510777
1106510778
1106510779
1106510780
1106510781
1106510782
1106510783
1106510784
1106510785
1106511825
1106511826
1106511827
1106511828
1106511829
1106511830
1106511831
1106511832
1106511833
1106511834
1106511835
1106511836
1106511837
1106511838
1106511839
1106511840
1106511841
1106511842
1106511843
1106511844
1106511845
1106511846
1106511847
1106511848
1106511849
1106511850
1106511851
1106511852
1106511853
1106511854
1106511855
1106511856
1106511857
1106511858
1106511859
1106511860
1106511861
1106511862
1106511863
1106511864
1106511865
1106511866
1106514376
1106514377
1106514378
1106514379
1106514380
1106514381
1106514382
1106514383
1106514384
1106514385
1106514386
1106514387
1106514388
1106514389
1106514390
1106514391
1106514392
1106514393
1106514394
1106514395
1106514396
1106514397
1106514398
1106514399
1106514400
1106514401
1106514402
1106514403
1106514404
1106514405
1106514406
1106514407
1106514408
1106514409
1106514410
1106514411
1106514412
1106514413
1106514414
1106514415
1106514416
1106514417
1106514418
1106515525
1106515526
1106515527
1106515528
1106515529
1106515530
1106515531
1106515532
1106515533
1106515534
1106515535
1106515536
1106515537
1106515538
1106515539
1106515540
1106515541
1106515542
1106515543
1106515544
1106515545
1106515546
1106515547
1106515548
1106515549
1106515550
1106515551
1106515552
1106515553
1106515554
1106515555
1106515556
1106515557
1106515558
1106515559
1106515560
1106515561
1106515562
1106515563
1106515564
1106515565
1106515566
1106515567
1106515568
1106515569
1106515570
1106515571
1106515572
1106515573
1106515574
1106515575
1106515576
1106515577
1106765147
1106765148
1106765149
1106765150
1106765151
1106765152
1106765153
1106765154
1106765155
1106765156
1106765157
1106765158
1106765159
1106765160
1106765161
1106765162
1106765163
1106765164
1106765165
1106765166
1106765167
1106765168
1106765169
1106765170
1106765171
1106765172
1106765173
1106765986
1106765987
1106765988
1106765989
1106765990
1106765991
1106765992
1106765993
1106765994
1106765995
1106765996
1106765997
1106765998
1106765999
1106766000
1106766001
1106766002
1106766003
1106766004
1106766005
1106766006
1106766007
1106766008
1106766009
1106768907
1106768908
1106768909
1106768910
1106768911
1106768912
1106768913
1106768914
1106768915
1106768916
1106768917
1106768918
1106768919
1106768920
1106768921
1106768922
1106768923
1106768924
1106768925
1106768926
1106768927
1106768928
1106768929
1106768930
1106768931
1106768932
1106768933
1106768934
1106768935
1106768936
1106768937
1106768938
1106768939
1106768940
1106768941
1106768942
1106768943
1106768944
1107046954
1107046955
1107046956
1107046957
1107046958
1107046959
1107046960
1107046961
1107046962
1107046963
1107046964
1107046965
1107046966
1107046967
1107046968
1107046969
1107046970
1107046971
1107046972
1107305877
1107305878
1107305879
1107305880
1107305881
1107305882
1107305883
1107305884
1107305885
1107305886
1107305887
1107305888
1107305889
1107305890
1107305891
1107305892
1107305893
1107305894
1107305895
1107305896
1107305897
1107305898
1107305899
1107305900
1107305901
1107305902
1107305903
1107305904
1107305905
1107305906
1107305907
1107305908
1107305909
1107305910
1107305911
1107305912
1107305913
1107305914
1107307622
1107307623
1107307624
1107307625
1107307626
1107307627
1107307628
1107307629
1107307630
1107307631
1107307632
1107307633
1107307634
1107307635
1107307636
1107307637
1107311087
1107311088
1107311089
1107311090
1107311091
1107311092
1107311093
1107311094
1107311095
1107311096
1107311097
1107311098
1107311099
1107311100
1107311101
1107311102
1107311103
1107311104
1107311105
1107311106
1107311107
1107311108
1107311109
1107311110
1107311111
1107311112
1107311113
1107311114
1107311115
1107311116
1107311117
1107311118
1107311119
1107311120
1107311121
1107311122
1107311123
1107311124
1107311125
1107311126
1107311127
1107311128
1107311129
1107655384
1107655385
1107655386
1107655387
1107655388
1107655389
1107655390
1107655391
1107655392
1107655393
1107655394
1107655395
1107655396
1107655397
1107655398
1107655399
1107655400
1107655401
1107655402
1107655403
1107655404
1107655405
1107655406
1107655407
1107655408
1107655409
1107655410
1107655411
1107655412
1107655413
1107655414
1107655415
1107655416
1107655417
1107655418
1107658161
1107658162
1107658163
1107658164
1107658165
1107658166
1107658167
1107658168
1107658169
1107658170
1107658171
1107658172
1107658173
1107658174
1107658175
1107658176
1107658177
1107658178
1107658179
1107658180
1107658181
1107658182
1107658183
1107658184
1107658185
1107658186
1107658187
1107658188
1107658189
1107658190
1107658191
1107658192
1107658193
1107658194
1107658195
1107658196
1107658197
1107658198
1107658199
1107658200
1107658201
1107658202
1107658203
1107658204
1107658205
1107658206
1107658207
1107658208
1107658209
1107658210
1107658211
1107658212
1107658213
1107658214
1107658215
1107658216
1107658217
1107658218
1107658219
1107658220
1107658221
1107658222
1107658223
1107658224
1107658225
1107658226
1107658227
1107658228
1107659782
1107659783
1107659784
1107659785
1107659786
1107659787
1107659788
1107659789
1107659790
1107733725
1107733726
1107733727
1107733728
1107733729
1107733730
1107733731
1107733732
1107733733
1107733734
1107733735
1107733736
1107733737
1107733738
1107733739
1107733740
1107733741
1107733742
1107733743
1107733744
1107733745
1107733746
1107733747
1107733748
1107733749
1107733750
1107733751
1107733752
1107733753
1107733754
1107733755
1107733756
1107733757
1107733758
1107733759
1107733760
1107733761
1107733762
1107733763
1107733764
1107733765
1107733766
1107733767
1107733768
1107733769
1107733770
1107733771
1107733772
1107733773
1107744736
1107744737
1107744738
1107744739
1107744740
1107744741
1107744742
1107744743
1107744744
1107744745
1107744746
1107744747
1107744748
1107744749
1107744750
1107744751
1107744752
1107744753
1107746873
1107746874
1108406102
1108406103
1108778424
1108778425
1108778426
1109118909
1109118910
1109118911
1109118912
1109118913
1109118914
1109118915
1109118916
1109118917
1109118918
1109118919
1109118920
1109118921
1109120589
1109120590
1109120591
1109120592
1109120593
1109120594
1109120595
1109120596
1109120597
1109120598
1109120599
1109120600
1109120601
1109120602
1109120603
1109120604
1109120605
1109120606
1109122892
1109122893
1109122894
1109122895
1109122896
1109122897
1109122898
1109122899
1109122900
1109122901
1109216810
1109216811
1109216812
1109216813
1109216814
1109216815
1109216816
1109216817
1109216818
1109216819
1109216820
1109216821
1109216822
1109216823
1109216824
1109216825
1109216826
1109216827
1109216828
1109216829
1109216830
1109216831
1109216832
1109216833
1109216834
1109216835
1109216836
1109216837
1109216838
1109216839
1109216840
1109217576
1109217577
1109217578
1109217579
1109217580
1109217581
1109217582
1109217583
1109217584
1109217585
1109217586
1109217587
1109217588
1109217589
1109217590
1109217591
1109221481
1109221482
1109221483
1109221484
1109221485
1109221486
1109221487
1109935864
1109935865
1109935866
1109935867
1109935868
1109935869
1109935870
1109935871
1109935872
1109935873
1109935874
1109935875
1109935876
1109935877
1109935878
1109935879
1109935880
1109935881
1109935882
1109935883
1109935884
1109935885
1109935886
1109935887
1109935888
1109935889
1109935890
1109935891
1109935892
1109935893
1109935894
1109935895
1109935896
1109935897
1109935898
1109935899
1109935900
1109935901
1109935902
1110205324
1110205325
1110205326
1110205327
1110205328
1110205329
1110205330
1110205331
1110205332
1110205333
1110205334
1110205335
1110205336
1110205337
1110205338
1110205339
1110205340
1110205341
1110205342
1110205343
1110205344
1110205345
1110205346
1110205347
1110205348
1110205349
1110205350
1110205351
1110205352
1110205353
1110205354
1110205355
1110205356
1110205357
1110205358
1110205359
1110206445
1110206446
1110206447
1110206448
1110206449
1110206450
1110206451
1110206452
1110206453
1110206454
1110206455
1110206456
1110206457
1110206458
1110207297
1110207298
1110207299
1110207300
1110207301
1110207302
1110207303
1110207304
1110207305
1110207306
1110207307
1110207308
1110207309
1110207310
1110207311
1110207312
1110207313
1110207314
1110207315
1110207316
1110207317
1110207318
1110207319
1110207320
1110207321
1110208169
1110208170
1110208171
1110208172
1110208173
1110208174
1110208175
1110208176
1110208177
1110208178
1110208179
1110208180
1110213470
1110213471
1110213472
1110213473
1110213474
1110213475
1110213476
1110213477
1110213478
1110213479
1110213480
1110213481
1110213482
1110213483
1110213484
1110213485
1110213486
1110213487
1110213488
1110213489
1110213490
1110213491
1110213492
1110213493
1110213494
1110213495
1110213496
1110213497
1110213498
1110213499
1110213500
1110213501
1110213502
1110770170
1110770676
1110997641
1110997642
1110997643
1110997644
1111001138
1111001139
1111001140
1111001141
1111001142
1111001143
1111001144
1111001145
1111001146
1111001147
1111001148
1111001149
1111001150
1111001151
1111001152
1111001153
1111001154
1111001155
1111001156
1111001157
1111001158
1111001159
1111002337
1111002338
1111002339
1111002340
1111002341
1111002342
1111002343
1111002344
1111002345
1111002346
1111002347
1111002348
1111002349
1111002350
1111002351
1111002352
1111002353
1111002354
1111004357
1111004358
1111004359
1111004360
1111004361
1111004362
1111004363
1111004364
1111004365
1111004366
1111004367
1111004368
1111004369
1111004370
1111004371
1111004372
1111004373
1111004374
1111004375
1111004376
1111004377
1111004378
1111004379
1111004380
1111004381
1111004382
1111004383
1111004384
1111004385
1111004386
1111004387
1111004388
1111004389
1111004390
1111004391
1111006251
1111006252
1111006253
1111006254
1111006255
1111006256
1111006257
1111006258
1111006259
1111006260
1111006261
1111006262
1111006263
1111006264
1111006265
1111006266
1111006267
1111006268
1111006269
1111006270
1111006271
1111006272
1111006273
1111006274
1111006275
1111006276
1111006277
1111006278
1111006279
1111445203
1111445204
1111445205
1111445206
1111445207
1111445208
1111445209
1111445210
1111445211
1111445212
1111445213
1111445214
1111445215
1111445216
1111445217
1111445218
1111445219
1111445220
1111445221
1111445222
1111445223
1111445224
1111445225
1111445226
1111445227
1111445228
1111445229
1111445230
1111445231
1111451024
1111451025
1111451026
1111451027
1111451028
1111451029
1111451030
1111451031
1111451032
1111451033
1111451034
1111451035
1111451036
1111451037
1111451038
1111451039
1111451040
1111451041
1111451042
1111451043
1111451044
1111451045
1111451046
1111451047
1111451048
1111451049
1111451050
1111451051
1111451052
1111451053
1111451054
1111451055
1111451056
1111451057
1111451058
1111451059
1111451060
1111451061
1111451062
1111451063
1111451064
1111451065
1111451066
1111461636
1111461637
1111461638
1111461639
1111461640
1111461641
1111461642
1111461643
1111461644
1111461645
1111461646
1111461647
1111461648
1111461649
1111461650
1111461651
1111461652
1111461653
1111461654
1111461655
1111711142
1111711143
1111711144
1111711145
1111711146
1111711147
1111711148
1111711149
1111711150
1111711151
1111711152
1111711153
1111711154
1111711155
1111711156
1111711157
1111711158
1111711159
1111711160
1111712036
1111712037
1111712038
1111712039
1111712040
1111712041
1111712042
1111712043
1111712044
1111712045
1111712046
1111712047
1111712048
1111712049
1111712050
1111712051
1111712052
1111712053
1111712054
1111712055
1111712056
1111712057
1111712058
1111712059
1111712060
1111712061
1111712062
1111712063
1111712064
1111712065
1111712066
1111712067
1111712068
1111712069
1111712070
1111712071
1111712072
1111712073
1111712074
1111712075
1111712076
1111712077
1111712078
1111712079
1111712080
1111712081
1111712082
1111712083
1111712084
1111712085
1111712086
1111712087
1111712088
1111712089
1111712090
1111712091
1111714212
1111714213
1111714214
1111714215
1111714216
1111714217
1111714218
1111714219
1111714220
1111714221
1111714222
1111714223
1111714224
1111714225
1111714226
1111714227
1111714228
1111714229
1111714230
1111714231
1111714232
1111714233
1111714234
1111714235
1111714236
1111714237
1111714238
1111714239
1111714240
1111714241
1111714242
1111714243
1111714244
1111714245
1111714246
1111714247
1111714248
1111714249
1111714250
1111714251
1111714252
1111714253
1111715936
1111715937
1111715938
1111715939
1111715940
1111715941
1111715942
1111715943
1111715944
1111715945
1111715946
1111715947
1111715948
1111715949
1111715950
1111715951
1111715952
1111715953
1111715954
1111715955
1111715956
1111715957
1111715958
1111715959
1111715960
1111715961
1111715962
1111715963
1111715964
1111715965
1111715966
1111715967
1111715968
1111715969
1111716839
1111716840
1111716841
1111716842
1111716843
1111716844
1111716845
1111716846
1111716847
1111716848
1111716849
1111716850
1111716851
1111716852
1111716853
1111716854
1111716855
1111716856
1111716857
1111716858
1111716859
1111716860
1111716861
1111716862
1111716863
1111716864
1111716865
1111716866
1111716867
1111716868
1111716869
1111716870
1111716871
1111716872
1111716873
1111716874
1111716875
1111716876
1111962911
1111962912
1111962913
1111962914
1111962915
1111962916
1111962917
1111962918
1111962919
1111962920
1111962921
1111962922
1111962923
1111962924
1111962925
1111962926
1111962927
1111962928
1111962929
1111962930
1111962931
1111962932
1111962933
1111962934
1111962935
1111962936
1111962937
1111962938
1111962939
1111962940
1111962941
1111962942
1111962943
1111962944
1111962945
1111962946
1111962947
1111964275
1111964276
1111964277
1111964278
1111964279
1111964280
1111964281
1111964282
1111964283
1111964284
1111964285
1111964286
1111964287
1111964288
1111964289
1111964290
1111964291
1111964292
1111964293
1111964294
1111964295
1111964296
1111964297
1111964298
1111964299
1111964300
1111964301
1111964302
1111964303
1111964304
1111964305
1111964306
1111964307
1111964308
1111964309
1111964310
1111964311
1111964312
1111964313
1111964314
1111965100
1111965101
1111965102
1111965103
1111965104
1111965105
1111965106
1111965107
1111965108
1111965109
1111965110
1111965111
1111965112
1111965113
1111965114
1111965115
1111965116
1111965330
1111965331
1112306393
1112306394
1112306395
1112306396
1112306397
1112566715
1112566716
1112702919
1112702921
1112702922
1112702924
1112702927
1112702928
1112861322
1112861323
1112861324
1112861325
1112861326
1112861327
1112861328
1112861329
1112861330
1112861331
1112861332
1112861333
1112861334
1112861335
1112861336
1112861337
1112861338
1112861339
1112861340
1112861341
1112861342
1112861343
1112861344
1112861345
1112861346
1112861347
1112861348
1112861349
1112861350
1112861351
1112861352
1112861353
1112861354
1112865816
1112865817
1112865818
1112865819
1112865820
1112865821
1112865822
1112865823
1112865824
1112865825
1112865826
1112865827
1112865828
1112865829
1112865830
1112865831
1112865832
1112865833
1112865834
1112865835
1112865836
1112865837
1112865838
1112865839
1112865840
1112865841
1112865842
1112865843
1112865844
1112865845
1112865846
1112865847
1112865848
1112865849
1112865850
1112865851
1112865852
1112865853
1112868198
1112868199
1112868200
1112868201
1112868202
1112868203
1112868204
1112868205
1112868206
1112868207
1112868208
1112868209
1112868210
1112868211
1112868212
1112868213
1112868214
1112868215
1112868216
1112868217
1112868218
1112868219
1112868220
1112873222
1112873223
1112873224
1112873225
1112873226
1112873227
1112873228
1112873229
1112873230
1112873231
1112873232
1112873233
1112873234
1112873235
1112873236
1112873237
1112873238
1112873239
1112873240
1112873241
1112873242
1112873243
1112873244
1112873245
1112873246
1113266715
1113266716
1113266717
1113266718
1113266719
1113266720
1113266721
1113266722
1113266723
1113266724
1113266725
1113266726
1113266727
1113266728
1113266729
1113266730
1113266731
1113266732
1113270365
1113270366
1113270367
1113270368
1113270369
1113270370
1113270371
1113270372
1113270373
1113270374
1113270375
1113270376
1113270377
1113270378
1113271336
1113271337
1113271338
1113271339
1113271340
1113271341
1113271342
1113271343
1113271344
1113271345
1113271346
1113271347
1113271348
1113271349
1113271350
1113271351
1113271352
1113271353
1113271354
1113271355
1113271356
1113272006
1113272007
1113272008
1113272009
1113272010
1113272011
1113272012
1113272013
1113272014
1113272015
1113572796
1113572797
1113572798
1113572799
1113572800
1113572801
1113572802
1113572803
1113572804
1113572805
1113572806
1113572807
1113572808
1113572809
1113572810
1113572811
1113572812
1113572813
1113572814
1113572815
1113572816
1113572817
1113572818
1113572819
1113574660
1113574661
1113574662
1113574663
1113574664
1113574665
1113574666
1113574667
1113574668
1113574669
1113574670
1113574671
1113574672
1113574673
1113574674
1113574675
1113574676
1113574677
1113574678
1113574679
1113574680
1113574681
1113574682
1114839898
1114839899
1114839900
1114839901
1114839902
1114839903
1114839904
1114839905
1114839906
1114839907
1114839908
1114839909
1114839910
1114839911
1114839912
1114839913
1114839914
1114839915
1114839916
1114839917
1114839918
1114839919
1114839920
1114839921
1114839922
1114839923
1114839924
1114839925
1114839926
1114839927
1114839928
1114839929
1114839930
1114839931
1114839932
1114839933
1114839934
1114839935
1114839936
1114839937
1114839938
1114839939
1114839940
1114839941
1114839942
1114839943
1114839944
1114839945
1114839946
1114844243
1114844244
1114844245
1114846784
1114846785
1114846786
1114846787
1114846788
1114846789
1114846790
1114846791
1114846792
1114846793
1114846794
1114846795
1114846796
1114846797
1114846798
1114846799
1114846800
1114846801
1114846802
1114846803
1114846804
1114846805
1114846806
1114846807
1114846808
1114846809
1114846810
1114846811
1114846812
1114846813
1114846814
1114846815
1114846816
1114846817
1114846818
1114846819
1114846820
1114846821
1114846822
1114846823
1114846824
1114846825
1114846826
1114846827
1114846828
1114846829
1114846830
1114846831
1114846832
1114846833
1114846834
1114846835
1115162698
1115162699
1115162700
1115162701
1115162702
1115162703
1115162704
1115162705
1115162706
1115162707
1115162708
1115162709
1115162710
1115162711
1115162712
1115162713
1115162714
1115162715
1115162716
1115162717
1115162718
1115162719
1115162720
1115162721
1115162722
1115162723
1115162724
1115162725
1115162726
1115162727
1115162728
1115162729
1115162730
1115162731
1115166814
1115166815
1115166816
1115166817
1115166818
1115166819
1115166820
1115166821
1115166822
1115166823
1115166824
1115166825
1115166826
1115166827
1115166828
1115166829
1115166830
1115166831
1115166832
1115166833
1115166834
1115166835
1115167880
1115167881
1115167882
1115167883
1115167884
1115167885
1115167886
1115167887
1115167888
1115167889
1115167890
1115167891
1115167892
1115167893
1115167894
1115167895
1115167896
1115167897
1115167898
1115167899
1115167900
1115167901
1115167902
1115167903
1115167904
1115167905
1115167906
1115167907
1115167908
1115167909
1115167910
1115167911
1115167912
1115168528
1115168529
1115168530
1115168531
1115168532
1115168533
1115353840
1115353841
1115934341
1115934342
1115934343
1115934344
1115934345
1115934346
1115934347
1115934348
1115934349
1115934350
1115934351
1115934352
1115934353
1115934354
1115934355
1115934356
1115934357
1115934358
1115934359
1115934360
1115934361
1115934362
1115934363
1115934364
1115934365
1115934366
1115934367
1115934368
1115934369
1115934370
1115934371
1115934372
1115934373
1115934374
1115934375
1115934376
1115934377
1115934378
1115937814
1115937815
1115937816
1115937817
1115937818
1115937819
1115937820
1115937821
1115937822
1115937823
1115937824
1115937825
1115937826
1115937827
1115937828
1115937829
1115937830
1115937831
1115937832
1115937833
1115937834
1115937835
1115937836
1115937837
1115937838
1115937839
1115937840
1115937841
1115937842
1115937843
1115937844
1115937845
1115937846
1115937847
1115938432
1115938433
1115938434
1115938435
1115938436
1115938437
1115938438
1115938439
1115938440
1115938441
1115938442
1115938443
1115938444
1115938445
1115938446
1115938447
1115938448
1115938449
1115938450
1115938451
1115938452
1115938453
1115938454
1115938455
1115938456
1115938457
1115938458
1115938459
1115938460
1115938461
1115938462
1115938463
1115938464
1115941344
1115941345
1115941346
1115941347
1115941348
1115941349
1115941350
1115941351
1115941352
1115941353
1115941354
1115941355
1115941356
1115941357
1115941358
1115941359
1115941360
1115941361
1115941362
1115941363
1115941364
1115941365
1115941366
1115941367
1115941368
1115941369
1115941370
1115941371
1115941372
1115941373
1115941374
1115941375
1115941376
1115941377
1115941378
1115950530
1115950531
1115950532
1115950533
1115950534
1115950535
1115950536
1115959865
1115959866
1115961806
1115961807
1115963157
1115963158
1115963159
1115964012
1115964013
1115964014
1115964015
1115964016
1115964017
1115966060
1115966061
1115966062
1115966063
1115966064
1115966065
1115966066
1115966067
1115966068
1115966069
1115966070
1115966071
1115966072
1115966073
1115966074
1115966075
1115966076
1115966077
1115966078
1115966079
1115966080
1115966081
1115966082
1115966083
1115966084
1115966085
1115966086
1115966087
1115966088
1115966089
1115966090
1115966091
1115968002
1115968003
1115968004
1115968005
1115968006
1115968007
1115968008
1115968009
1115968010
1115968011
1115968012
1115968013
1115968014
1115968015
1115968016
1115968017
1115968018
1115968019
1115968020
1115968021
1115968022
1115968023
1115968024
1115968025
1115968026
1115968027
1115968028
1115968029
1115968030
1115968031
1115968032
1115968033
1115968034
1115968035
1115968036
1115968037
1115968038
1115968039
1115968040
1115968041
1115968042
1115968043
1115968044
1115968045
1115968046
1115968047
1115968048
1115968049
1115968856
1115968857
1115968858
1115968859
1115968860
1115968861
1115968862
1115968863
1115968864
1115968865
1115968866
1115968867
1115968868
1116210634
1116210635
1116210636
1116210637
1116210638
1116210639
1116210640
1116210641
1116210642
1116210643
1116210644
1116210645
1116210646
1116210647
1116210648
1116210649
1116210650
1116210651
1116210652
1116210653
1116210654
1116210655
1116210656
1116210657
1116210658
1116210659
1116210660
1116210661
1116210662
1116210663
1116210664
1116210665
1116210666
1116210667
1116210668
1116210669
1116210670
1116210671
1116210672
1116210673
1116210674
1116210675
1116210676
1116210677
1116210678
1116210679
1116210680
1116210681
1116210682
1116211068
1116211069
1116211070
1116211071
1116211072
1116211073
1116211074
1116211075
1116211076
1116211077
1116211078
1116211079
1116211080
1116211081
1116211082
1116211083
1116211084
1116211085
1116211086
1116211087
1116211088
1116211089
1116211090
1116211091
1116211092
1116211093
1116211094
1116211095
1116211096
1116212576
1116212577
1116212578
1116212579
1116212580
1116212581
1116212582
1116212583
1116212584
1116212585
1116212586
1116212587
1116212588
1116212589
1116212590
1116212591
1116212592
1116212593
1116212594
1116212595
1116212596
1116212597
1116212598
1116212599
1116212600
1116212601
1116212602
1116212603
1116212604
1116212605
1116212606
1116212607
1116212608
1116212609
1116212610
1116212611
1116212612
1116212613
1116212614
1116212615
1116212616
1116212617
1116212618
1116212619
1116212620
1116212621
1116212622
1116212623
1116214677
1116214678
1116214679
1116214680
1116214681
1116214682
1116214683
1116214684
1116214685
1116214686
1116214687
1116214688
1116214689
1116214690
1116214691
1116214692
1116214693
1116214694
1116214695
1116214696
1116214697
1116214698
1116214699
1116214700
1116214701
1116214702
1116214703
1116214704
1116214705
1116214706
1116214707
1116214708
1116214709
1116214710
1116214711
1116214712
1116214713
1116214714
1116214715
1116214716
1116214717
1116214718
1116214719
1116214720
1116214721
1116214722
1116214723
1116214724
1116214725
1116214726
1116214727
1116214728
1116214729
1116217469
1116217470
1116217471
1116217472
1116217473
1116217474
1116217475
1116217476
1116217477
1116217478
1116217479
1116217480
1116217481
1116217482
1116217483
1116217484
1116217485
1116217486
1116217487
1116217488
1116217489
1116217490
1116217491
1116217492
1116217493
1116217494
1116219581
1116219582
1116219583
1116219584
1116219585
1116219586
1116219587
1116219588
1116219589
1116219590
1116219591
1116219592
1116219593
1116219594
1116219595
1116219596
1116219597
1116219598
1116219599
1116219600
1116219601
1116219602
1116219603
1116219604
1116219605
1116219606
1116219607
1116219608
1116219609
1116219610
1116219611
1116219612
1116219613
1116219614
1116219615
1116219616
1116219617
1116221336
1116221337
1116221338
1116221339
1116221340
1116221341
1116221342
1116221343
1116221344
1116221345
1116221346
1116221347
1116221348
1116221349
1116221350
1116221351
1116221352
1116221353
1116221354
1116221355
1116221356
1116221357
1116221358
1116221359
1116221360
1116221361
1116221362
1116221363
1116221364
1116221365
1116221366
1116221367
1116221368
1116221369
1116221370
1116221371
1116222321
1116222322
1116222323
1116222324
1116222325
1116222326
1116222327
1116222328
1116222329
1116222330
1116222331
1116222332
1116222333
1116222334
1116222335
1116222336
1116222337
1116222338
1116222339
1116222340
1116222341
1116222342
1116222343
1116222344
1116222345
1116222346
1116222347
1116222348
1116222349
1116223822
1116223823
1116223824
1116223825
1116223826
1116223827
1116223828
1116223829
1116223830
1116223831
1116223832
1116223833
1116223834
1116223835
1116223836
1116223837
1116223838
1116223839
1116223840
1116223841
1116223842
1116223843
1116223844
1116223845
1116223846
1116223847
1116223848
1116223849
1116223850
1116223851
1116223852
1116223853
1116223854
1116223855
1116223856
1116223857
1116223858
1116223859
1116223860
1116223861
1116223862
1116223863
1116223864
1116223865
1116223866
1116223867
1116226126
1116226127
1116226128
1116226129
1116226130
1116226131
1116226132
1116226133
1116226134
1116226135
1116226136
1116226137
1116226138
1116226139
1116226140
1116226141
1116226142
1116226143
1116226144
1116226145
1116226146
1116226147
1116226148
1116226149
1116226150
1116226151
1116226152
1116226153
1116226154
1116226155
1116226156
1116226157
1116226158
1116226159
1116226160
1116226161
1116226162
1116226163
1116226164
1116226165
1116226166
1116226167
1116226168
1116226169
1116226170
1116226171
1116226172
1116226173
1116226174
1116226175
1116226176
1116226177
1116226178
1116226179
1116226180
1116226181
1116226182
1116226183
1116226184
1116226185
1116226186
1116226187
1116226188
1116226189
1116226190
1116226191
1116226192
1116226838
1116226839
1116226840
1116226841
1116226842
1116226843
1116226844
1116226845
1116226846
1116226847
1116226848
1116226849
1116226850
1116226851
1116226852
1116226853
1116226854
1116226855
1116226856
1116226857
1116472458
1116472459
1116472460
1116472461
1116472462
1116472463
1116472464
1116472465
1116472466
1116472467
1116472468
1116472469
1116472470
1116472471
1116472472
1116472473
1116472474
1116472475
1116472476
1116472477
1116472478
1116472479
1116472480
1116472481
1116472482
1116472483
1116472484
1116472485
1116472486
1116472487
1116472488
1116472489
1116472490
1116472491
1116472492
1116472493
1116472494
1116472495
1116474019
1116474020
1116474021
1116474022
1116474023
1116474024
1116474025
1116474026
1116474027
1116474028
1116474029
1116474030
1116474031
1116474032
1116474033
1116474034
1116474035
1116474036
1116476665
1116476666
1116476667
1116476668
1116476669
1116476670
1116476671
1116476672
1116476673
1116476674
1116476675
1116476676
1116476677
1116476678
1116476679
1116476680
1116476681
1116476682
1116476683
1116476684
1116476685
1116476686
1116476687
1116476688
1116476689
1116476690
1116476691
1116476692
1116476693
1116476694
1116476695
1116476696
1116476697
1116476698
1116476699
1116476700
1116476701
1116482551
1116490036
1116490037
1116490038
1116490039
1116490040
1116490041
1116490042
1116490043
1116490044
1116490045
1116490046
1116490047
1116490048
1116490049
1116490050
1116490051
1116490052
1116490053
1116490054
1116490055
1116490056
1116490057
1116490058
1116490059
1116490060
1116490061
1116490062
1116490063
1116490064
1116490065
1116490066
1116490067
1116490068
1116490069
1116490070
1116490071
1116490072
1116490073
1116490074
1116490075
1116490076
1116490077
1116490078
1116490079
1116490080
1116490081
1116490082
1116490083
1116490084
1116490085
1116490086
1116490087
1116490088
1116490089
1116490090
1116490091
1116490092
1116490093
1116492236
1116492237
1116492238
1116492239
1116492240
1116492241
1116492242
1116492243
1116492244
1116492245
1116492246
1116492247
1116492248
1116492249
1116492250
1116492251
1116492252
1116492253
1116492254
1116492255
1116492256
1116492257
1116492258
1116492259
1116494135
1116494136
1116494137
1116530199
1116530200
1116530201
1116530202
1116530203
1116530204
1116530205
1116530206
1116530207
1116530208
1116530209
1116530210
1116530211
1116530212
1116530213
1116530214
1116530215
1116530216
1116530217
1116530218
1116530219
1116530220
1116530221
1116530222
1116530223
1116530224
1116530225
1116530226
1116530227
1116530228
1116530229
1116530230
1116530231
1116530232
1116530233
1116530234
1116530235
1116530236
1116530237
1116530238
1116531430
1116531431
1116531432
1116531433
1116531434
1116531435
1116531436
1116531437
1116531438
1116531439
1116531440
1116531441
1116531442
1116531443
1116531444
1116531445
1116531446
1116531447
1116531448
1116531449
1116531450
1116531451
1116531452
1116531453
1116531454
1116531455
1116531456
1116531457
1116531458
1116531459
1116531460
1116531461
1116531462
1116531463
1116531464
1116531465
1116531466
1116531467
1116531468
1116531469
1116531470
1116531471
1116531472
1116531473
1116531474
1116531475
1116531476
1116531477
1116531478
1116531479
1116531480
1116531481
1116531482
1116531483
1116531484
1116531485
1116531486
1116532196
1116532197
1116532198
1116532199
1116532200
1116532201
1116532202
1116532203
1116532204
1116532205
1116532206
1116532207
1116532208
1116532209
1116532210
1116532211
1116532212
1116532213
1116532214
1116532215
1116532216
1116532217
1116532218
1116532219
1116532220
1116532221
1116534248
1116534249
1116534250
1116534251
1116534252
1116534253
1116534254
1116764029
1116764030
1116764031
1116764032
1116764033
1116764034
1116764035
1116764036
1116764037
1116764038
1116764039
1116764040
1116764041
1116764042
1116764043
1116764044
1116764045
1116764046
1116764047
1116764048
1116764049
1116764050
1116771407
1116771408
1116771409
1116771410
1116771411
1116771412
1116771413
1116771414
1116771415
1116771416
1116771417
1116771418
1116771419
1116771420
1116771421
1116771422
1116771423
1116771424
1116771425
1116771426
1116771427
1116771428
1116771429
1116771430
1116771431
1116771432
1116771433
1116771434
1116771435
1116771436
1116771437
1116771438
1116771439
1116771440
1116771441
1116771442
1116775618
1116775619
1116775620
1116775621
1116775622
1116775623
1116775624
1116775625
1116775626
1116775627
1116775628
1116775629
1116775630
1116775631
1116775632
1116775633
1116775634
1116775635
1116775636
1116775637
1116775638
1116775639
1116775640
1116775641
1116775642
1116775643
1116775644
1116775645
1116775646
1116775647
1116775648
1116775649
1116775650
1116775651
1116818372
1116818373
1116818374
1116818375
1116818376
1116818377
1116818378
1116818379
1116818380
1116818381
1116818382
1116818383
1116818384
1116818385
1116818386
1116818387
1116818388
1116818389
1116818390
1116818391
1116818392
1116818393
1116818394
1116818395
1116818396
1116818397
1116818398
1116818399
1116818400
1116818401
1116818402
1116818403
1116818404
1116818405
1116818406
1116818407
1116818408
1116818409
1116818410
1116818411
1116818412
1117087663
1117087664
1117087665
1117087666
1117087667
1117087668
1117087669
1117087670
1117087671
1117087672
1117087673
1117087674
1117087675
1117087676
1117087677
1117087678
1117087679
1117087680
1117087681
1117087682
1117087683
1117087684
1117087685
1117087686
1117087687
1117087688
1117087689
1117087690
1117087691
1117087692
1117087693
1117087694
1117087695
1117087696
1117131461
1117131462
1117131463
1117131464
1117131465
1117131466
1117131467
1117131468
1117131469
1117131470
1117131471
1117131472
1117131473
1117131474
1117131475
1117131476
1117131477
1117131478
1117131479
1117131480
1117131481
1117131482
1117131483
1117131484
1117131485
1117131486
1117131487
1117131488
1117131489
1117131490
1117131491
1117154080
1117154081
1117154082
1117154083
1117154084
1117154085
1117154086
1117154087
1117154088
1117154089
1117154090
1117154091
1117154092
1117154093
1117154094
1117154095
1117154096
1117154097
1117154098
1117154099
1117154100
1117154101
1117440277
1117760012
1117760013
1117760014
1117760015
1117760016
1117760017
1117760018
1117760019
1117760020
1117760021
1117760022
1117760023
1117760024
1117760025
1117760026
1117760027
1117760028
1117760029
1117760030
1117760031
1117760032
1117760033
1117760034
1117760035
1117760036
1117760037
1117760038
1117760039
1117760040
1117760041
1117760042
1117760043
1117760044
1117760045
1117760046
1117760047
1117760048
1117760657
1117760658
1117760659
1117760660
1117760661
1117760662
1117760663
1117760664
1117760665
1117760666
1117760667
1117760668
1117760669
1117760670
1117760671
1117760672
1117760673
1117760674
1117760675
1117760676
1117760677
1117760678
1117760679
1117760680
1117760681
1117760682
1117760683
1117760684
1117760685
1117760686
1117760687
1117760688
1117760689
1117760690
1117760691
1117760692
1117760693
1117760694
1117760695
1117760696
1117760697
1117760698
1117760699
1117760700
1117761797
1117761798
1117761799
1117761800
1117761801
1117761802
1117761803
1117761804
1117761805
1117761806
1117761807
1117761808
1117761809
1117761810
1117761811
1117761812
1117761813
1117761814
1117761815
1117761816
1117761817
1117761818
1117761819
1117761820
1117761821
1117773013
1117773014
1117773015
1117773016
1117773017
1117773018
1117773019
1117773020
1117773021
1117773022
1117773023
1117773024
1117773025
1117773026
1117773027
1117773028
1117773029
1117773030
1117773031
1117773032
1117773033
1117773034
1117773035
1117773036
1117773037
1117773038
1117773039
1117773040
1117773041
1117773042
1117773043
1117773044
1117773045
1117773046
1117773047
1117773048
1117773049
1117773050
1117773051
1117843247
1118001960
1118001961
1118001962
1118001963
1118001964
1118001965
1118001966
1118001967
1118001968
1118001969
1118001970
1118001971
1118001972
1118001973
1118001974
1118001975
1118001976
1118001977
1118001978
1118001979
1118001980
1118001981
1118001982
1118001983
1118001984
1118001985
1118001986
1118001987
1118001988
1118001989
1118001990
1118001991
1118001992
1118001993
1118004360
1118004361
1118004362
1118004363
1118004364
1118004365
1118004366
1118004367
1118004368
1118004369
1118004370
1118004371
1118004372
1118004373
1118004374
1118004375
1118004376
1118004377
1118004378
1118004379
1118004380
1118004381
1118004382
1118004383
1118004384
1118004385
1118004386
1118004387
1118004388
1118004389
1118004390
1118004391
1118004392
1118004393
1118004394
1118004395
1118004396
1118004397
1118004398
1118004399
1118005422
1118005423
1118005424
1118005425
1118005426
1118005427
1118005428
1118005429
1118005430
1118005431
1118005432
1118005433
1118005434
1118005435
1118005436
1118005437
1118005438
1118005439
1118005440
1118005441
1118005442
1118005443
1118005444
1118005445
1118281222
1118281223
1118281224
1118281225
1118281226
1118281227
1118281228
1118281229
1118281230
1118281231
1118281232
1118281233
1118281234
1118281235
1118281236
1118281237
1118281238
1118281239
1118281240
1118281241
1118281242
1118281243
1118281244
1118281245
1118281246
1118281247
1118281248
1118281249
1118281250
1118281251
1118283330
1118283331
1118283332
1118283333
1118283334
1118283335
1118283336
1118283337
1118283338
1118283339
1118283340
1118283341
1118283342
1118283343
1118283344
1118283345
1118283346
1118283347
1118283348
1118283349
1118283350
1118283351
1118283352
1118283353
1118283354
1118283355
1118283356
1118283357
1118283358
1118283359
1118283360
1118283361
1118283362
1118283363
1118283364
1118283365
1118283366
1118283367
1118283368
1118284534
1118284535
1118284536
1118284537
1118284538
1118284539
1118284540
1118284541
1118284542
1118284543
1118284544
1118284545
1118284546
1118284547
1118284548
1118284549
1118284550
1118284551
1118284552
1118284553
1118284554
1118284555
1118284556
1118284557
1118284558
1118284559
1118284560
1118284561
1118284562
1118284563
1118284564
1118284565
1118284566
1118284567
1118284568
1118284569
1118284570
1118284571
1118284572
1118284573
1118284574
1118284575
1118284576
1118284577
1118284578
1118284579
1118284580
1118284581
1118284582
1118284583
1118284584
1118284585
1118284586
1118284959
1118284960
1118284961
1118284962
1118284963
1118284964
1118286560
1118286561
1118286562
1118286563
1118286564
1118286565
1118286566
1118286567
1118286568
1118286569
1118286570
1118286571
1118286572
1118286573
1118286574
1118286575
1118286576
1118286577
1118286578
1118286579
1118286580
1118286581
1118286582
1118286583
1118286584
1118286585
1118286586
1118286587
1118286588
1118286589
1118286590
1118286591
1118286592
1118286593
1118286594
1118286595
1118286596
1118286597
1118286598
1118286599
1118286600
1118286601
1118286602
1118286603
1118286604
1118286605
1118295831
1118295832
1118295833
1118295834
1118295835
1118295836
1118295837
1118295838
1118295839
1118295840
1118295841
1118295842
1118295843
1118295844
1118295845
1118295846
1118295847
1118295848
1118295849
1118295850
1118295851
1118295852
1118295853
1118295854
1118295855
1118295856
1118295857
1118295858
1118295859
1118295860
1118295861
1118295862
1118295863
1118295864
1118295865
1118295866
1118295867
1118295868
1118295869
1118295870
1118295871
1118295872
1118295873
1118296883
1118296884
1118296885
1118296886
1118296887
1118296888
1118296889
1118296890
1118296891
1118296892
1118296893
1118296894
1118296895
1118296896
1118296897
1118296898
1118296899
1118296900
1118296901
1118296902
1118296903
1118296904
1118296905
1118296906
1118296907
1118296908
1118296909
1118296910
1118296911
1118296912
1118296913
1118296914
1118298062
1118298063
1118298064
1118298065
1118574913
1118574914
1118574915
1118574916
1118574917
1118574918
1118574919
1118574920
1118574921
1118574922
1118574923
1118574924
1118574925
1118574926
1118574927
1118574928
1118574929
1118574930
1118574931
1118574932
1118574933
1118574934
1118574935
1118574936
1118574937
1118574938
1118574939
1118574940
1118574941
1118574942
1118574943
1118574944
1118574945
1118574946
1118574947
1118575545
1118575546
1118575547
1118575548
1118575549
1118575550
1118575551
1118575552
1118575553
1118575554
1118575555
1118575556
1118575557
1118575558
1118575559
1118575560
1118575561
1118575562
1118575563
1118575564
1118575565
1118575566
1118575567
1118575568
1118575569
1118575570
1118575924
1118575925
1118575926
1118575927
1118575928
1118575929
1118575930
1118575931
1118575932
1118575933
1118575934
1118575935
1118575936
1118575937
1118575938
1118575939
1118575940
1118598242
1118598243
1118598244
1118598245
1118598246
1118598247
1118598248
1118598249
1118598250
1118598251
1118598252
1118598253
1118598254
1118598255
1118598256
1118598257
1118598258
1118598259
1118598260
1118598261
1118598262
1118598263
1118598264
1118598265
1118598266
1118598267
1118598268
1118598269
1118598270
1118598271
1118598272
1118598273
1118598274
1118598275
1118598276
1118947737
1119039891
1119039892
1119039893
1119039894
1119039895
1119039896
1119039897
1119039898
1119039899
1119039900
1119039901
1119039902
1119039903
1119039904
1119039905
1119039906
1119039907
1119039908
1119039909
1119039910
1119039911
1119039912
1119039913
1119039914
1119039915
1119039916
1119039917
1119039918
1119039919
1119039920
1119039921
1119039922
1119039923
1119039924
1119039925
1119039926
1119039927
1119039928
1119039929
1119039930
1119039931
1119039932
1119039933
1119039934
1119039935
1119039936
1119039937
1119039938
1119039939
1119040816
1119040817
1119040818
1119040819
1119040820
1119040821
1119040822
1119040823
1119040824
1119040825
1119040826
1119040827
1119040828
1119040829
1119040830
1119040831
1119040832
1119040833
1119040834
1119334130
1119334131
1119334132
1119334133
1119334134
1119334135
1119334136
1119334137
1119334138
1119334139
1119334140
1119334141
1119334142
1119334143
1119334144
1119334145
1119334146
1119334147
1119334148
1119334149
1119334150
1119334151
1119334152
1119334153
1119334154
1119334155
1119334156
1119334314
1119334315
1119334316
1119334317
1119334318
1119387651
1119387652
1119387653
1119387654
1119387655
1119387656
1119387657
1119387658
1119387659
1119387660
1119387661
1119387662
1119387663
1119387664
1119387665
1119387666
1119387667
1119387668
1119387669
1119387670
1119387671
1119387672
1119387673
1119387674
1119387675
1119387676
1119387677
1119387678
1119387679
1119387680
1119387681
1119387682
1119387683
1119387684
1119387685
1119387686
1119387687
1119387688
1119387689
1119387690
1119387691
1119387692
1119387693
1119389884
1119389885
1119389886
1119389887
1119389888
1119389889
1119389890
1119389891
1119389892
1119389893
1119389894
1119389895
1119389896
1119389897
1119389898
1119389899
1119389900
1119389901
1119389902
1119389903
1119389904
1119389905
1119389906
1119389907
1119389908
1119389909
1119389910
1119390665
1119390666
1119390667
1119390668
1119390669
1119390670
1119390671
1119390672
1119390673
1119390674
1119390675
1119390676
1119390677
1119390678
1119390679
1119390680
1119390681
1119390682
1119390683
1119390684
1119390685
1119390686
1119390687
1119390688
1119390689
1119390690
1119390691
1119390692
1119390693
1119390694
1119390695
1119390696
1119390697
1119390698
1119595370
1119595371
1119595372
1119595373
1119595374
1119595375
1119595376
1119595377
1119595378
1119595379
1119595380
1119595381
1119595382
1119595383
1119595384
1119595385
1119595386
1119595387
1119595388
1119595389
1119595390
1119595391
1119595392
1119595393
1119595394
1119595395
1119601638
1119601639
1119601640
1119601641
1119601642
1119601643
1119601644
1119601645
1119601646
1119601647
1119601648
1119601649
1119627614
1119627615
1119627616
1119627617
1119627618
1119627619
1119627620
1119627621
1119627622
1119627623
1119627624
1119627625
1119627626
1119627627
1119627628
1119627629
1119627630
1119627631
1119627632
1119627633
1119627634
1119627635
1119627636
1119627637
1119627638
1119627639
1119783552
1119783553
1119783554
1119783555
1119783556
1119783557
1119783558
1119783559
1119783560
1119783561
1119783562
1119783563
1119783564
1119783565
1119783566
1119783567
1119783568
1119783569
1119783570
1119783571
1119783572
1119783573
1119783574
1119783575
1119783576
1119783577
1119783578
1119783579
1119783580
1119783581
1119783582
1119783583
1119783584
1119783585
1119783586
1119783587
1119785605
1119785606
1119785607
1119785608
1119785609
1119785610
1119785611
1119785612
1119785613
1119785614
1119785615
1119785616
1119785617
1119785618
1119785619
1119785620
1119785621
1119785622
1119785623
1119785624
1119785625
1119785626
1119785627
1119785628
1119785629
1119785630
1119785631
1119785632
1119785633
1119785634
1119785635
1119785636
1119785637
1119785638
1119785639
1119785640
1119785641
1119785642
1119785643
1119789825
1119789826
1119789827
1119789828
1119789829
1119789830
1119789831
1119789832
1119789833
1119789834
1119789835
1119789836
1119789837
1119789838
1119789839
1119789840
1119789841
1119789842
1119789843
1119789844
1119789845
1119789846
1119789847
1119789848
1119789849
1119789850
1119789851
1119789852
1120039264
1120039265
1120039266
1120039267
1120039268
1120039269
1120039270
1120039271
1120039272
1120039273
1120039274
1120039275
1120039276
1120039277
1120039278
1120039279
1120039280
1120039281
1120039282
1120039283
1120039284
1120039285
1120039286
1120039287
1120039288
1120039289
1120039290
1120039291
1120039292
1120039293
1120039294
1120039295
1120039296
1120039297
1120039298
1120039299
1120039300
1120039301
1120039302
1120039303
1120039304
1120039305
1120039609
1120039610
1120039611
1120039612
1120039613
1120039614
1120039615
1120039616
1120039617
1120039618
1120039619
1120039620
1120039621
1120039622
1120039623
1120039624
1120039625
1120039626
1120039627
1120039628
1120039629
1120039630
1120039631
1120039632
1120039633
1120039634
1120039635
1120039636
1120039637
1120039638
1120039639
1120039640
1120042028
1120042029
1120042030
1120042031
1120042032
1120042033
1120042034
1120042035
1120042036
1120042037
1120042038
1120042039
1120042040
1120042041
1120042042
1120042043
1120042044
1120042045
1120042046
1120042047
1120042048
1120042049
1120042050
1120042051
1120042052
1120042053
1120042054
1120042055
1120042056
1120042057
1120042058
1120042059
1120043284
1120043285
1120043286
1120043287
1120043288
1120043289
1120043290
1120043291
1120043292
1120043293
1120043294
1120043295
1120043296
1120043297
1120043298
1120043299
1120043300
1120043301
1120043302
1120043303
1120043304
1120043305
1120043306
1120043307
1120043308
1120043309
1120043310
1120043311
1120043312
1120043313
1120043314
1120043315
1120043316
1120043317
1120043318
1120043319
1120043320
1120043321
1120043322
1120043323
1120043324
1120043325
1120043326
1120043327
1120043328
1120043329
1120043330
1120043331
1120043332
1120043333
1120043334
1120043335
1120043336
1120043337
1120043338
1120044080
1120044081
1120044082
1120044083
1120044084
1120044085
1120044086
1120044087
1120045196
1120045197
1120045198
1120045199
1120276158
1120276159
1120276160
1120276161
1120276162
1120276163
1120276164
1120276165
1120276166
1120276167
1120276168
1120276169
1120276170
1120276171
1120276172
1120276173
1120276174
1120276175
1120276176
1120276177
1120276178
1120276179
1120276180
1120276181
1120276182
1120276183
1120277420
1120277421
1120277422
1120277423
1120277424
1120277425
1120277426
1120277427
1120277428
1120277429
1120277430
1120277431
1120277432
1120277433
1120277434
1120277435
1120277436
1120277437
1120277438
1120277439
1120277440
1120277441
1120277442
1120277443
1120277444
1120277445
1120277446
1120277447
1120282922
1120282923
1120282924
1120282925
1120282926
1120282927
1120282928
1120282929
1120282930
1120282931
1120282932
1120282933
1120282934
1120508582
1120508583
1120508584
1120508585
1120508586
1120508587
1120508588
1120508589
1120508590
1120508591
1120508592
1120508593
1120508594
1120508595
1120508596
1120508597
1120508598
1120508599
1120508600
1120508601
1120508602
1120508603
1120508604
1120508605
1120508606
1120508607
1120508608
1120508609
1120508610
1120508611
1120508612
1120508613
1120508614
1120511143
1120511144
1120511145
1120511146
1120511147
1120511148
1120511149
1120511150
1120511151
1120511152
1120511153
1120511154
1120511155
1120511156
1120511157
1120511158
1120511159
1120511160
1120511161
1120511162
1120511163
1120511164
1120511165
1120511166
1120511167
1120511168
1120511169
1120511170
1120511171
1120511172
1120511173
1120511174
1120511175
1120511176
1120511177
1120511178
1120511179
1120511180
1120511181
1120511182
1120511183
1120511184
1120511185
1120511186
1120511187
1120511188
1120512714
1120512715
1120512716
1120512717
1120512718
1120512719
1120512720
1120512721
1120512722
1120512723
1120512724
1120512725
1120512726
1120512727
1120512728
1120512729
1120512730
1120512731
1120512732
1120512733
1120512734
1120512735
1120512736
1120512737
1120512738
1120512739
1120512740
1120512741
1120512742
1120512743
1120512744
1120512745
1120512746
1120512747
1120512748
1120512749
1120512750
1120512751
1120512752
1120512753
1120512754
1120512755
1120512756
1120512757
1120512758
1120514124
1120514125
1120514126
1120514127
1120514128
1120514129
1120514130
1120514131
1120514132
1120514133
1120514134
1120514135
1120514136
1120514137
1120514138
1120514139
1120514140
1120514141
1120514142
1120514143
1120514144
1120514145
1120514146
1120514147
1120514148
1120514149
1120514150
1120514151
1120514492
1120514493
1120514494
1120514495
1120514496
1120514497
1120514498
1120514499
1120514500
1120514501
1120514502
1120514503
1120514504
1120514505
1120514506
1120514507
1120514508
1120514509
1120515083
1120515084
1120515085
1120515086
1120515087
1120515088
1120515089
1120515090
1120515091
1120515092
1120515093
1120515094
1120515095
1120515096
1120515097
1120515098
1120515099
1120515100
1120515101
1120515102
1120515103
1120515104
1120515105
1120682209
1120734089
1120734090
1120734091
1120734092
1120734093
1120734094
1120734095
1120734096
1120734097
1120734098
1120734099
1120734100
1120734101
1120734102
1120734103
1120734104
1120734105
1120734106
1120734107
1120734108
1120734109
1120734110
1120734111
1120734112
1120734113
1120734379
1120734380
1120734381
1120734382
1120734383
1120734384
1120734385
1120734386
1120734387
1120734388
1120734389
1120734390
1120734391
1120734392
1120734393
1120734394
1120734395
1120734396
1120734397
1120734398
1120734399
1120734400
1120734401
1120734402
1120734403
1120734404
1120734405
1120734406
1120734407
1120734408
1120734409
1120734410
1120734411
1120734412
1120734413
1120734939
1120734940
1120734941
1120734942
1120734943
1120734944
1120734945
1120734946
1120734947
1120734948
1120734949
1120734950
1120734951
1120734952
1120734953
1120734954
1120734955
1120734956
1120734957
1120734958
1120734959
1120734960
1120734961
1120734962
1120734963
1120734964
1120734965
1120734966
1120734967
1120734968
1120734969
1120734970
1120961380
1120961381
1120961382
1120961383
1120961384
1120961385
1120961386
1120961387
1120961388
1120961389
1120961390
1120961391
1120961392
1120961393
1120961394
1120961395
1120961396
1120961397
1120961398
1120961399
1120961400
1120961401
1120961402
1120961403
1120961404
1120961405
1120961406
1120961407
1120961408
1120961409
1120961410
1120961411
1120961412
1120961413
1120961414
1120961644
1120961645
1120961646
1120961647
1120961648
1120961649
1120961650
1120961651
1120961652
1120961653
1120961654
1120961655
1120961656
1120961657
1120961658
1120961659
1120961660
1120961661
1120961662
1120961663
1120961664
1120961665
1120961666
1120961667
1120961668
1120961669
1120961670
1120961671
1120961672
1120961673
1120961674
1120961675
1120961676
1120961677
1120961678
1120961679
1120961680
1120961681
1120961682
1120963144
1120963145
1120963146
1120963147
1120963148
1120963149
1120963150
1120963151
1120963152
1120963153
1120963154
1120963155
1120963156
1120963157
1120963158
1120963159
1120963160
1120963161
1120963162
1120963163
1120963164
1120963165
1120963166
1120963167
1120963168
1120963169
1120963170
1120963171
1120963172
1120963173
1120963174
1120963175
1120963176
1120963177
1120963178
1120963179
1120963180
1120963181
1120963182
1120963183
1120963184
1120963185
1120963186
1120963392
1120963393
1120963394
1120963395
1120963396
1120963397
1120963398
1120963399
1120963400
1120963401
1120963402
1120963403
1120963404
1120963405
1120963406
1120963407
1120963408
1120963409
1120963410
1120963411
1120963412
1120963413
1120963414
1120963415
1120963416
1120963417
1120963418
1120963419
1120963797
1120963798
1120963799
1120963800
1120963801
1121164420
1121164421
1121164422
1121164423
1121164424
1121164425
1121164426
1121164427
1121164428
1121164429
1121164430
1121164431
1121164432
1121164433
1121164434
1121164435
1121164436
1121164437
1121164438
1121164439
1121164440
1121164441
1121164442
1121164443
1121164444
1121164445
1121164446
1121164447
1121164448
1121164449
1121165867
1121165868
1121165869
1121165870
1121165871
1121165872
1121165873
1121165874
1121165875
1121165876
1121165877
1121165878
1121165879
1121165880
1121165881
1121165882
1121165883
1121165884
1121165885
1121165886
1121165887
1121165888
1121165889
1121165890
1121165891
1121165892
1121165893
1121165894
1121165895
1121167136
1121167137
1121167138
1121167139
1121647532
1121647533
1121647534
1121647535
1121647536
1121647537
1121647538
1121647539
1121647540
1121647541
1121647542
1121647543
1121647544
1121647545
1121647546
1121647547
1121647548
1121647549
1121647550
1121647551
1121647552
1121647553
1121647554
1121647555
1121647556
1121647557
1121647558
1121647559
1121647560
1121647561
1121647562
1121647563
1121647564
1121649021
1121649022
1121649023
1121649024
1121649025
1121649026
1121649027
1121649028
1121649029
1121649030
1121649031
1121649032
1121649033
1121649034
1121649035
1121649036
1121649037
1121649038
1121649039
1121649040
1121649041
1121649042
1121649043
1121649044
1121649045
1121649046
1121649047
1121649048
1121649049
1121649050
1121994269
1121994270
1121994271
1121994272
1121994273
1121994274
1121994275
1121994276
1121994277
1121994278
1121994279
1121994280
1121994281
1121994282
1121994283
1121994284
1121994285
1121994286
1121994287
1121994288
1121994289
1121994290
1121994291
1121994292
1121994293
1121994294
1121994295
1121994296
1121994297
1121994298
1121998979
1121998980
1121998981
1121998982
1121998983
1121998984
1121998985
1121998986
1121998987
1121998988
1121998989
1121998990
1121998991
1121998992
1121998993
1121998994
1121998995
1121998996
1121998997
1121998998
1121998999
1122064140
1122064141
1122064142
1122064143
1122064144
1122064145
1122064146
1122064147
1122064148
1122064149
1122064150
1122064151
1122064152
1122064153
1122064154
1122064155
1122064156
1122064157
1122064158
1122064159
1122064160
1122064161
1122246641
1122246642
1122246643
1122246644
1122246645
1122246646
1122246647
1122246648
1122246649
1122246650
1122246651
1122246652
1122246653
1122246654
1122246655
1122246656
1122246657
1122246658
1122246659
1122246660
1122246661
1122246662
1122246663
1122246664
1122246665
1122246666
1122246667
1122246668
1122246669
1122246670
1122246671
1122246672
1122246673
1122246674
1122246675
1122246676
1122246677
1122246678
1122247383
1122247384
1122247385
1122247386
1122247387
1122247388
1122247389
1122247390
1122247391
1122247392
1122247393
1122247394
1122247395
1122247396
1122247397
1122247398
1122247399
1122247400
1122247401
1122247402
1122247403
1122247404
1122247405
1122247406
1122247407
1122247408
1122247409
1122247410
1122247411
1122247412
1122247413
1122247414
1122247415
1122247416
1122248550
1122248551
1122248552
1122248553
1122248554
1122248555
1122248556
1122248557
1122248558
1122248559
1122248560
1122248561
1122248562
1122248563
1122248564
1122248565
1122248566
1122248567
1122248568
1122248569
1122248570
1122248571
1122248572
1122248573
1122248574
1122248575
1122248576
1122248577
1122248578
1122248579
1122248580
1122248581
1122248582
1122248583
1122248584
1122248585
1122248586
1122248587
1122248588
1122248589
1122248590
1122248591
1122248592
1122248593
1122248594
1122248595
1122248596
1122249465
1122249466
1122249467
1122249468
1122249469
1122249470
1122249471
1122249472
1122249473
1122249474
1122249475
1122249476
1122249477
1122249478
1122249479
1122249480
1122249481
1122249482
1122249483
1122249484
1122249485
1122249486
1122249487
1122249488
1122249489
1122249490
1122249491
1122249492
1122249493
1122249494
1122249495
1122249496
1122249497
1122249498
1122249499
1122249500
1122249501
1122249502
1122249503
1122249504
1122249505
1122249506
1122249507
1122249508
1122249509
1122249510
1122249511
1122574889
1122574890
1122574891
1122574892
1122574893
1122574894
1122574895
1122574896
1122574897
1122574898
1122574899
1122574900
1122574901
1122574902
1122574903
1122574904
1122574905
1122574906
1122574907
1122576308
1122576309
1122576310
1122576311
1122576312
1122576313
1122576314
1122576315
1122576316
1122576317
1122576318
1122576319
1122576320
1122576321
1122576322
1122576323
1122576324
1122576325
1122576326
1122576327
1122576328
1122576329
1122576330
1122576331
1122576332
1122576333
1122576334
1122576335
1122576873
1122576874
1122576875
1122576876
1122576877
1122576878
1122576879
1122576880
1122576881
1122576882
1122576883
1122576884
1122576885
1122576886
1122576887
1122576888
1122576889
1122576890
1122576891
1122576892
1122576893
1122576894
1122576895
1122576896
1122581375
1122581376
1122581377
1122581378
1122581379
1122581380
1122581381
1122581382
1122581383
1122581384
1122581385
1122581386
1122581387
1122581388
1122581389
1122581390
1122581391
1122581392
1122581393
1122581394
1122581395
1122581396
1122581397
1122581398
1122581399
1122581400
1122581401
1122581402
1122581403
1122581404
1122581405
1122581406
1122581407
1122581408
1122581409
1122581410
1122581411
1122581412
1122581413
1122581414
1122581415
1122581416
1122581417
1122581418
1122581419
1122581420
1122581421
1122581422
1122581602
1122581603
1122581604
1122861977
1122861978
1122861979
1122861980
1122861981
1122861982
1122861983
1122861984
1122861985
1122861986
1122861987
1122861988
1122861989
1122861990
1122861991
1122861992
1122861993
1122861994
1122861995
1122861996
1122861997
1122861998
1122861999
1122862000
1122862001
1122862517
1122862518
1122862519
1122862520
1122862521
1122862522
1122862523
1122862524
1122862525
1122862526
1122862527
1122862528
1122862529
1122862530
1122862531
1122862532
1122862533
1122862534
1122862535
1122862536
1122862537
1122862538
1122862539
1122862540
1122862541
1122862542
1122862543
1122862544
1122862545
1122862546
1122862547
1122862548
1122862549
1122862550
1122862551
1122862552
1122862553
1122862554
1122862555
1122862556
1122862557
1122862558
1122862559
1122862560
1122862561
1122862562
1122862623
1122862624
1122862625
1122864712
1122864713
1122864714
1122864715
1122864716
1122864717
1122864718
1122864719
1122864720
1122864721
1122864722
1122864723
1122864724
1122864725
1122864726
1122864727
1122864728
1122864729
1122864730
1122864731
1122864732
1122864733
1122864734
1122864735
1122864736
1122864737
1122864738
1122864739
1122864740
1122864741
1122864742
1122864743
1122864744
1122864745
1122914301
1122914302
1122914303
1122914304
1122914305
1123282579
1123282580
1123282581
1123282582
1123282583
1123282584
1123282585
1123282586
1123282587
1123282588
1123282589
1123282590
1123282591
1123282592
1123282593
1123282594
1123282595
1123282596
1123282597
1123282598
1123282599
1123282600
1123282601
1123282602
1123282603
1123282604
1123282605
1123282606
1123282607
1123282608
1123282609
1123282610
1123282611
1123282612
1123282613
1123282614
1123283350
1123283351
1123283352
1123283353
1123283354
1123283355
1123283356
1123283357
1123283358
1123283359
1123283360
1123283361
1123283362
1123283363
1123283364
1123283365
1123283366
1123283367
1123283368
1123283369
1123283370
1123283371
1123283372
1123283373
1123283374
1123283375
1123283376
1123283377
1123283378
1123283379
1123283380
1123283381
1123283382
1123283383
1123283384
1123283385
1123283386
1123283387
1123283388
1123283389
1123284105
1123284106
1123284107
1123284108
1123284109
1123284110
1123284111
1123284112
1123284113
1123284114
1123284115
1123284116
1123284117
1123284118
1123284119
1123284120
1123284121
1123284122
1123284123
1123284124
1123284125
1123284126
1123284127
1123284128
1123284129
1123284130
1123284131
1123284132
1123284133
1123284134
1123284135
1123284136
1123284137
1123284138
1123284139
1123284140
1123284141
1123284142
1123284143
1123284144
1123284145
1123284146
1123284147
1123284148
1123284149
1123284150
1123284151
1123284152
1123284153
1123284154
1123284155
1123284156
1123284157
1123284158
1123284159
1123284160
1123284161
1123284162
1123284163
1123284164
1123285103
1123285104
1123285105
1123285106
1123285107
1123285108
1123285109
1123285110
1123285111
1123285112
1123285113
1123285114
1123285115
1123285116
1123285117
1123285118
1123285119
1123285120
1123285121
1123285122
1123285123
1123285124
1123285125
1123285126
1123285127
1123285128
1123285129
1123285130
1123285131
1123285132
1123285133
1123285134
1123285135
1123285136
1123285137
1123285138
1123286796
1123286797
1123286798
1123286799
1123286800
1123286801
1123286802
1123286803
1123286804
1123286805
1123286806
1123286807
1123286808
1123286809
1123286810
1123286811
1123286812
1123286813
1123286814
1123286815
1123286816
1123286817
1123286818
1123286819
1123286820
1123286821
1123286822
1123286823
1123286824
1123286825
1123286826
1123286827
1123286828
1123286829
1123286830
1123286831
1123286832
1123287746
1123287747
1123287748
1123287749
1123287750
1123287751
1123287752
1123287753
1123287754
1123287755
1123287756
1123287757
1123287758
1123287759
1123287760
1123287761
1123287762
1123287763
1123549212
1123549213
1123549214
1123549215
1123549216
1123549217
1123549218
1123549219
1123549220
1123549221
1123549222
1123549223
1123549224
1123549225
1123549226
1123549227
1123549228
1123549229
1123549230
1123549231
1123549232
1123549233
1123549234
1123549235
1123549236
1123549237
1123549238
1123549239
1123549240
1123549241
1123549242
1123549243
1123549244
1123549245
1123549246
1123549247
1123549248
1123554498
1123554499
1123554500
1123554501
1123554502
1123554503
1123554504
1123554505
1123554506
1123554507
1123554508
1123554509
1123554510
1123554511
1123554512
1123554513
1123554514
1123554515
1123554516
1123554517
1123554518
1123554519
1123554520
1123554521
1123554522
1123554523
1123554524
1123554525
1123554526
1123554527
1123554528
1123554529
1123554530
1123554531
1123554532
1123554533
1123554534
1123554535
1123554536
1123554537
1123554538
1123554539
1123554540
1123554541
1123554542
1123554543
1123554544
1123554545
1123557771
1123557772
1123557773
1123557774
1123557775
1123557776
1123557777
1123557778
1123557779
1123557780
1123557781
1123557782
1123557783
1123557784
1123557785
1123557786
1123557787
1123557788
1123560628
1123560629
1123560630
1123560631
1123560632
1123560633
1123560634
1123560635
1123560636
1123560637
1123560638
1123560639
1123560640
1123560641
1123560642
1123560643
1123560644
1123560645
1123560646
1123560647
1123560648
1123560649
1123560650
1123560651
1123560652
1123560653
1123560654
1123560655
1123560656
1123560657
1123560658
1123560659
1123560660
1123560661
1123560662
1123560663
1123560664
1123560665
1123560666
1123560667
1123560668
1123561016
1123561017
1123561018
1123561019
1123561020
1123561021
1123561022
1123561023
1123561024
1123561025
1123561026
1123561027
1123561028
1123561029
1123561030
1123561031
1123561032
1123561033
1123561034
1123561035
1123561036
1123561037
1123561038
1123561039
1123561040
1123561041
1123561042
1123824201
1123824202
1123824203
1123824204
1123824205
1123824206
1123824207
1123824208
1123824209
1123824210
1123824211
1123824212
1123824213
1123824214
1123824215
1123824216
1123824217
1123824218
1123824219
1123824220
1123824221
1123824222
1123824223
1123824224
1123824225
1123824226
1123824227
1123824228
1123824229
1123824230
1123824231
1123824232
1123825244
1123825245
1123825246
1123825247
1123825248
1123825249
1123825250
1123825251
1123825252
1123825253
1123825254
1123825255
1123825256
1123825257
1123825258
1123825259
1123825260
1123825261
1123825262
1123825263
1123825264
1123825265
1123825266
1123825267
1123825268
1123825269
1123825270
1123825271
1123825272
1123825273
1123825274
1123825275
1123825276
1123825277
1123825278
1123825279
1123825280
1123825281
1123825282
1123825283
1123825284
1123825285
1123825574
1123825575
1123825576
1123825577
1123825578
1123825579
1123825580
1123827273
1123827274
1123827275
1123827276
1123827277
1123827278
1123827279
1123827280
1123827281
1123827282
1123827283
1123827284
1123827285
1123827286
1123827287
1123827288
1123827289
1123827290
1123827291
1123827292
1123827293
1123827294
1123827295
1123827296
1123827297
1123827298
1123827299
1123827300
1123827301
1123827302
1123827303
1123827304
1123827305
1123827306
1123827307
1123827308
1123827309
1123827310
1123827311
1123827312
1123827313
1123827314
1123827315
1123827316
1123827317
1123827318
1123828998
1123828999
1123829000
1123829001
1123829002
1123829003
1123829004
1123829005
1123829006
1123829007
1123829008
1123829009
1123829010
1123829011
1123829012
1123829013
1123829014
1123829139
1123829140
1123829141
1123829142
1123829143
1123829144
1123829145
1123829146
1123829147
1123829148
1123829149
1123829150
1123829151
1123829152
1123829153
1123829154
1123829155
1123829156
1123829157
1123829158
1123829159
1123829160
1123829161
1123829162
1123829163
1123829164
1123829382
1123829383
1123829384
1123829385
1123829386
1123829387
1123829388
1123829389
1123829390
1123829391
1123829392
1123829393
1123829394
1123829395
1123829396
1123829397
1124083977
1124083978
1124083979
1124083980
1124083981
1124083982
1124083983
1124083984
1124083985
1124083986
1124083987
1124083988
1124083989
1124083990
1124083991
1124083992
1124083993
1124083994
1124083995
1124083996
1124083997
1124083998
1124083999
1124084000
1124084001
1124084002
1124084003
1124084004
1124084005
1124084006
1124084007
1124084008
1124084009
1124084010
1124084011
1124084012
1124084013
1124084014
1124084015
1124084016
1124084017
1124084018
1124084019
1124086144
1124086145
1124086146
1124086147
1124086148
1124086149
1124086150
1124086151
1124086152
1124086153
1124086154
1124086155
1124086156
1124086157
1124086158
1124086159
1124086160
1124086161
1124086162
1124086163
1124086164
1124086165
1124086166
1124086167
1124086168
1124086169
1124086170
1124086171
1124086172
1124086173
1124086174
1124086175
1124086176
1124086177
1124086178
1124086179
1124086180
1124086181
1124086182
1124086183
1124086184
1124089068
1124089069
1124089070
1124089071
1124089072
1124089073
1124089074
1124089075
1124089076
1124089077
1124089078
1124089079
1124089080
1124089081
1124089082
1124089083
1124089084
1124089085
1124089086
1124089087
1124089088
1124089089
1124089090
1124089091
1124089092
1124089093
1124089094
1124089095
1124089096
1124089097
1124089666
1124089667
1124089668
1124089669
1124089670
1124089671
1124089672
1124089673
1124089674
1124499960
1124499961
1124499962
1124499963
1124499964
1124499965
1124499966
1124499967
1124499968
1124499969
1124499970
1124499971
1124499972
1124499973
1124499974
1124499975
1124499976
1124500754
1124500755
1124500756
1124500757
1124500758
1124500759
1124500760
1124500761
1124500762
1124500763
1124500764
1124500765
1124500766
1124500767
1124500768
1124500769
1124501875
1124501876
1124501877
1124501878
1124501879
1124501880
1124501881
1124501882
1124501883
1124501884
1124501885
1124501886
1124501887
1124501888
1124501889
1124501890
1124501891
1124501892
1124501893
1124501894
1124501895
1124501896
1124501897
1124501898
1124501899
1124501900
1124501901
1124501902
1124501903
1124501904
1124501905
1124501906
1124501907
1124501908
1124501909
1124501910
1124753876
1124753877
1124753878
1124753879
1124753880
1124753881
1124753882
1124753883
1124753884
1124753885
1124753886
1124753887
1124753888
1124753889
1124753890
1124753891
1124753892
1124753893
1124753894
1124754148
1124754149
1124754150
1125061190
1125061191
1125061192
1125061193
1125061194
1125061195
1125061196
1125061197
1125061198
1125061199
1125061200
1125061201
1125061202
1125061203
1125061204
1125061205
1125061206
1125061207
1125061208
1125061209
1125061210
1125061211
1125061212
1125061213
1125237011
1125237012
1125237013
1125237014
1125237015
1125237016
1125237017
1125237018
1125237019
1125237020
1125282099
1125282100
1125282101
1125282102
1125282103
1125282104
1125282105
1125282106
1125282107
1125282108
1125282109
1125283090
1125283091
1125283092
1125283093
1125283094
1125361096
1125361097
1125361098
1125361099
1125361100
1125361101
1125361102
1125361103
1125361104
1125361105
1125361106
1125361107
1125361108
1125361109
1125361110
1125362435
1125362436
1125362437
1125362438
1125362439
1125362440
1125362441
1125362442
1125362443
1125362444
1125362445
1125362446
1125362447
1125362448
1125362449
1125362450
1125362451
1125362452
1125362453
1125362770
1125362771
1125618899
1125618900
1125618901
1125618902
1125618903
1125618904
1125618905
1125618906
1125618907
1125619471
1125619472
1125619473
1125619474
1125619475
1125619476
1125619477
1125619478
1125619479
1125619480
1125619481
1125619482
1125621375
1125621376
1125621377
1125621378
1125621379
1125621380
1125621381
1125621382
1125621383
1125621384
1125621385
1125621386
1125621387
1125621388
1125621389
1125621390
1125621391
1125621392
1125621393
1125621394
1125621395
1125621396
1125621397
1125621398
1125621399
1125621400
1125621401
1125621402
1125807209
1125807210
1125807211
1125807212
1125807213
1125807214
1125807215
1125807216
1125807217
1125807218
1125807219
1125807220
1125807221
1125807222
1125807223
1125807224
1125807225
1125807226
1125807227
1125807228
1125807229
1125807230
1125807231
1125807232
1125807233
1125807234
1125807235
1125807236
1125807237
1125807238
1125807239
1125807240
1125807241
1125807242
1125807243
1125808220
1125808221
1125808222
1125808223
1125808224
1125808225
1125808226
1125808227
1125808228
1125808229
1125808230
1125808231
1125808232
1125808233
1125808234
1125808235
1125808236
1125808237
1125808238
1125808239
1125808240
1125808241
1125808242
1125808243
1125808244
1125808245
1125808728
1125808729
1125808730
1125808731
1125808732
1125808733
1125808734
1125808735
1125808874
1125909063
1125909064
1125909065
1125909066
1125909067
1125909068
1126008350
1126008351
1126008352
1126008353
1126008354
1126008355
1126008356
1126008357
1126008358
1126008359
1126008360
1126008361
1126008362
1126008363
1126008364
1126008365
1126008366
1126008367
1126008368
1126008369
1126008370
1126008371
1126008372
1126008373
1126008642
1126008643
1126008644
1126008645
1126008646
1126008647
1126008648
1126008649
1126008650
1126008651
1126008652
1126008653
1126008654
1126008655
1126008656
1126008657
1126008658
1126008659
1126008660
1126008661
1126008950
1126008951
1126008952
1126008953
1126008954
1126008955
1126008956
1126008957
1126008958
1126008959
1126008960
1126008961
1126008962
1126008963
1126008964
1126008965
1126008966
1126008967
1126008968
1126008969
1126008970
1126008971
1126008972
1126008973
1126009383
1126009384
1126009385
1126009386
1126009387
1126009388
1126009389
1126009390
1126009391
1126009392
1126009393
1126009394
1126009395
1126009396
1126009397
1126009398
1126160108
1126160109
1126160110
1126160111
1126160112
1126160113
1126160114
1126160115
1126160116
1126160117
1126160118
1126160119
1126160120
1126160121
1126160122
1126160123
1126160124
1126160125
1126160126
1126160127
1126160878
1126160879
1126160880
1126160881
1126160882
1126160883
1126160884
1126160885
1126160886
1126160887
1126160888
1126160889
1126160890
1126160891
1126160892
1126160893
1126160894
1126160895
1126160896
1126160897
1126160898
1126160899
1126160900
1126160901
1126160902
1126160903
1126160904
1126160905
1126160906
1126160907
1126160908
1126160909
1126160910
1126160911
1126160912
1126161299
1126161300
1126161301
1126161302
1126161303
1126161304
1126161305
1126161306
1126161307
1126161308
1126161309
1126161310
1126161311
1126161312
1126161313
1126161314
1126161315
1126161316
1126161317
1126161318
1126161319
1126161320
1126161321
1126161322
1126161323
1126161324
1126161770
1126161771
1126161772
1126161773
1126161774
1126161775
1126161776
1126161777
1126161778
1126161779
1126161780
1126161781
1126161782
1126161783
1126161784
1126161785
1126161786
1126161787
1126161788
1126161789
1126161790
1126161791
1126161792
1126161793
1126161794
1126161795
1126161796
1126162050
1126162051
1126162052
1126162053
1126162054
1126162055
1126162056
1126162057
1126162058
1126162059
1126162060
1126438615
1126438616
1126438617
1126438618
1126438619
1126438620
1126438621
1126438622
1126438623
1126438624
1126438625
1126438626
1126438627
1126438628
1126438629
1126439289
1126439290
1126439291
1126439292
1126439293
1126439294
1126439295
1126439296
1126439297
1126439298
1126439299
1126439300
1126439301
1126439302
1126439303
1126439304
1126439305
1126439306
1126439307
1126439308
1126439309
1126439310
1126439311
1126439312
1126439313
1126439314
1126439315
1126440157
1126440158
1126440159
1126440160
1126440161
1126440162
1126440163
1126440164
1126440165
1126440166
1126440167
1126440168
1126440169
1126440170
1126440171
1126440172
1126440173
1126440174
1126440175
1126440176
1126440177
1126440178
1126440179
1126440180
1126440181
1126440182
1126440183
1126440184
1126440185
1126440186
1126440187
1126440188
1126440189
1126440190
1126440191
1126441016
1126441017
1126441018
1126441019
1126441020
1126441021
1126441022
1126441023
1126441024
1126441025
1126441026
1126441027
1126441028
1126441029
1126441030
1126441031
1126441032
1126441033
1126441034
1126441035
1126441036
1126441037
1126441038
1126441039
1126441442
1126441443
1126441444
1126441445
1126441446
1126441447
1126441448
1126441449
1126441450
1126441451
1126441452
1126441453
1126441454
1126441455
1126441456
1126441457
1126441458
1126441459
1126441460
1126441461
1126441462
1126441463
1126441464
1126441465
1126441466
1126441467
1126441468
1126441469
1126443000
1126443001
1126443002
1126443003
1126443004
1126443005
1126443006
1126443007
1126443008
1126443009
1126443010
1126443011
1126443012
1126443013
1126443014
1126443015
1126443016
1126443017
1126443018
1126443019
1126443020
1126443021
1126443022
1126443023
1126443024
1126443025
1126443026
1126443027
1126640782
1126640783
1126640784
1126640785
1126640786
1126640787
1126640788
1126640789
1126640790
1126640791
1126640792
1126640793
1126640794
1126640795
1126640796
1126640797
1126640798
1126640799
1126640800
1126640801
1126640802
1126640803
1126640804
1126640805
1126640806
1126640807
1126640808
1126640809
1126640810
1126640811
1126640812
1126640813
1126641509
1126641510
1126641511
1126641512
1126641513
1126641514
1126641515
1126641516
1126641517
1126641518
1126641519
1126641520
1126641521
1126641522
1126641523
1126641524
1126641525
1126641526
1126641527
1126641528
1126641529
1126641530
1126641531
1126641532
1126641533
1126641534
1126641535
1126641536
1126641537
1126641538
1126641903
1126641904
1126641905
1126641906
1126641907
1126641908
1126641909
1126641910
1126641911
1126641912
1126641913
1126641914
1126641915
1126641916
1126641917
1126641918
1126641919
1126641920
1126641921
1126641922
1126641923
1126641924
1126641925
1126641926
1126641927
1126641928
1126641929
1126641930
1126641931
1126641932
1126641933
1126641934
1126641935
1126642338
1126642339
1126642340
1126642341
1126642342
1126642343
1126642344
1126642345
1126642346
1126642347
1126642348
1126642349
1126642350
1126642351
1126642352
1126642353
1126642354
1126642355
1126642356
1126642357
1126642358
1126642359
1126642360
1126642361
1126642362
1126642363
1126642364
1126642365
1126642366
1126642367
1126642934
1126642935
1126642936
1126642937
1126642938
1126642939
1126642940
1126642941
1126642942
1126642943
1126642944
1126642945
1126642946
1126642947
1126642948
1126642949
1126642950
1126642951
1126642952
1126642953
1126642954
1126642955
1126642956
1126642957
1126642958
1126642959
1126642960
1126642961
1126642962
1126642963
1126642964
1126642965
1126642966
1126642967
1126642968
1126642969
1126642970
1126642971
1126642972
1126642973
1126642974
1126642975
1126642976
1126642977
1126642978
1126642979
1126642980
1126642981
1126642982
1126642983
1126643800
1126643801
1126643802
1126643803
1126643804
1126643805
1126643806
1126643807
1126643808
1126643809
1126643810
1126643811
1126643812
1126643813
1126643814
1126643815
1126643816
1126643817
1126643818
1126643819
1126643820
1126643821
1126643822
1126643823
1126643824
1126645011
1126645012
1126645013
1126645014
1126645015
1126645016
1126645017
1126645018
1126645019
1126645020
1126645021
1126645022
1126645023
1126645024
1126645025
1126645026
1126645027
1126645028
1126645029
1126645030
1126645031
1126645032
1126645033
1126645034
1126645035
1126645036
1126645037
1126645038
1126645039
1126645040
1126645041
1126645042
1126645043
1126645044
1126645045
1126645046
1126645047
1126645048
1126645049
1126645050
1126645051
1126645052
1126645053
1126646070
1126646071
1126646072
1126646073
1126646074
1126646075
1126646076
1126646077
1126646078
1126646079
1126646080
1126646081
1126646082
1126646083
1126646084
1126646085
1126646086
1126646087
1126646088
1126646089
1126646090
1126646091
1126646092
1126646093
1126646094
1126646095
1126646096
1126646097
1126646098
1126646099
1126646100
1126646101
1126646102
1126646103
1126646689
1126646690
1126646691
1126646692
1126646693
1126646694
1126646695
1126646696
1126646697
1126646698
1126646699
1126646700
1126646701
1126646702
1126646703
1126646704
1126646705
1126646706
1126646707
1126646708
1126646709
1126646710
1126646711
1126646712
1126646713
1126646714
1126646715
1126646716
1126646717
1126646718
1126646719
1126646720
1126646721
1126646722
1126646723
1126647176
1126647177
1126647178
1126647179
1126647180
1126647181
1126647182
1126647183
1126647184
1126647185
1126647186
1126647187
1126647188
1126647189
1126647190
1126647191
1126647192
1126647193
1126875202
1126875203
1126875204
1126875205
1126875206
1126875207
1126875208
1126875209
1126875210
1126875211
1126875212
1126875213
1126875214
1126875215
1126875216
1126875217
1126875218
1126875219
1126875220
1126875221
1126875222
1126875223
1126875224
1126875225
1126875226
1126875227
1126875228
1126875229
1126875230
1126875231
1126875232
1126875233
1126875234
1126875235
1126875236
1126875237
1126875238
1126875239
1126875832
1126875833
1126875834
1126875835
1126875836
1126875837
1126875838
1126875839
1126875840
1126875841
1126875842
1126875843
1126875844
1126875845
1126875846
1126875847
1126875848
1126875849
1126875850
1126875851
1126875852
1126875853
1126875854
1126875855
1126875856
1126875857
1126875858
1126875859
1126875860
1126875861
1126875862
1126875863
1126875864
1126875865
1126875866
1126875867
1126875868
1126875869
1126875870
1126875871
1126875872
1126875873
1126877141
1126877142
1126877143
1126877144
1126877145
1126877146
1126877147
1126877148
1126877149
1126877150
1126877151
1126877152
1126877153
1126877154
1126877155
1126877156
1126877157
1126877158
1126877159
1126877160
1126877161
1126877162
1126877163
1126877164
1126877165
1126877166
1126877167
1126877168
1126877169
1126877170
1126877171
1126877172
1126877817
1126877818
1126877819
1126877820
1126877821
1126877822
1126877823
1126877824
1126877825
1126877826
1126877827
1126877828
1126877829
1126877830
1126877831
1126877832
1126877833
1126877834
1126877835
1126877836
1126877837
1126877838
1126877839
1126877840
1126877841
1126877842
1126877843
1126877844
1126877845
1126877846
1126891254
1126891255
1126891256
1126891257
1126891258
1126891259
1126891260
1126891261
1126891262
1126891263
1126891264
1126891265
1126891266
1126891267
1126891268
1126891269
1126891270
1126891271
1126891272
1126891273
1126891274
1126891275
1126891276
1126891277
1126891278
1126891279
1126891280
1126891281
1126891282
1126891283
1126891284
1126891285
1126891286
1126891287
1126891288
1126891289
1126891290
1126891291
1126891292
1126891293
1126891294
1126891295
1126891296
1126891297
1126891298
1126891299
1126891300
1126891301
1126892486
1126892487
1126892488
1126892489
1126892490
1126892491
1126892492
1126892493
1126892494
1126892495
1126892496
1126892497
1126892498
1126892499
1126892500
1126892501
1126892502
1126892503
1126892504
1126924151
1127442131
1127442132
1127442133
1127442134
1127442135
1127442136
1127442137
1127442138
1127442139
1127442140
1127442141
1127442142
1127442143
1127442144
1127442145
1127442146
1127442147
1127442148
1127442149
1127442150
1127442151
1127442152
1127442153
1127442154
1127442155
1127442156
1127442157
1127442158
1127442159
1127442160
1127442161
1127442162
1127442163
1127442164
1127442165
1127442166
1127442167
1127442168
1127442169
1127442170
1127442171
1127442172
1127442173
1127442174
1127442175
1127442176
1127442177
1127442838
1127442839
1127442840
1127442841
1127442842
1127442843
1127442844
1127442845
1127442846
1127442847
1127442848
1127442849
1127442850
1127442851
1127442852
1127442853
1127442854
1127442855
1127442856
1127442857
1127442858
1127442859
1127442860
1127442861
1127442862
1127442863
1127442864
1127442865
1127442866
1127442867
1127442868
1127442869
1127442870
1127466006
1127466007
1127466008
1127885974
1127885975
1127885976
1127885977
1127885978
1127885979
1127885980
1127885981
1127885982
1127885983
1127885984
1127885985
1127885986
1127885987
1127885988
1127885989
1127885990
1127885991
1127885992
1127885993
1127885994
1127885995
1127885996
1127885997
1127885998
1127885999
1127886000
1127886001
1127886769
1127886770
1127886771
1127886772
1127886773
1127886774
1127886775
1127886776
1127886777
1127886778
1127886779
1127886780
1127886781
1127886782
1127886783
1127886784
1127886785
1127886786
1127886787
1127886788
1127886789
1127886790
1127886791
1127886792
1127886793
1127886794
1127886795
1127886796
1127886797
1127886798
1127886799
1127886800
1127886801
1127886802
1127970607
1127970608
1127970609
1127970610
1127970611
1127970612
1127970613
1127970614
1127970615
1127970616
1127970617
1127970618
1127970619
1127970620
1127970621
1127970622
1127970623
1127970624
1127970625
1127970626
1127970627
1127970628
1127970629
1127970630
1127970631
1127971758
1127971759
1127971760
1127971761
1127971762
1127971763
1127971764
1127971765
1127971766
1127971767
1127971768
1127971769
1127971770
1127971771
1127971772
1127971773
1127971774
1127971775
1127971776
1127971777
1127971778
1127971779
1127971780
1127971781
1127971782
1127971783
1127971784
1127971785
1127971786
1127971787
1127971788
1127972493
1127972494
1127972495
1127972496
1127972497
1127972498
1127972499
1127972500
1127972501
1127972502
1127972503
1127972504
1127972505
1127972506
1127972507
1127972508
1127972509
1127972510
1127972511
1127972512
1127972513
1127972514
1127972515
1127972516
1127972517
1127972518
1127972519
1127972520
1127972521
1127972522
1127972523
1127972524
1127972525
1127972526
1127972527
1127972528
1127972529
1127974057
1127974058
1127974059
1127974060
1127974061
1127974062
1127974063
1127974064
1127974065
1127974066
1127974067
1127974068
1127974069
1127974070
1127974071
1127974072
1127974073
1127974074
1127974075
1127974076
1127974077
1127974078
1127974079
1127974080
1127974081
1127974082
1127974083
1127974084
1127974085
1127974086
1127974087
1127974088
1127974089
1127974090
1128315384
1128315385
1128315386
1128315387
1128315388
1128315389
1128315390
1128315391
1128315392
1128315393
1128315394
1128315395
1128315396
1128315397
1128315398
1128315399
1128315400
1128315401
1128315402
1128315403
1128315404
1128315405
1128315406
1128315407
1128315408
1128315409
1128315410
1128315411
1128315412
1128315413
1128315414
1128315415
1128315416
1128315417
1128315418
1128315419
1128316070
1128316071
1128316072
1128316073
1128316074
1128316075
1128316076
1128316077
1128316078
1128316079
1128409669
1128416227
1128422368
1128422371
1128422372
1128422373
1128422374
1128422375
1128422376
1128422377
1128422378
1128422379
1128422380
1130572401
1130572402
1130572403
1130572404
1130572405
1130572406
1130572407
1130572408
1130572409
1130572410
1130572411
1130572412
1130572413
1130572414
1130572415
1130572416
1130572417
1130572418
1130572419
1130572420
1130572421
1130572422
1130572423
1130572424
1130572425
1130572426
1130572427
1130572428
1130572429
1130572430
1130572431
1130572432
1130573627
1130573628
1130573629
1130573630
1130573631
1130573632
1130573633
1130573634
1130573635
1130573636
1130573637
1130573638
1130573639
1130573640
1130573641
1130573642
1130573643
1130573644
1130573645
1130573646
1130573647
1130573648
1130573649
1130573650
1130573651
1130573652
1130573653
1130573654
1130573655
1130574945
1130574946
1130574947
1130574948
1130574949
1130574950
1130574951
1130574952
1130574953
1130574954
1130574955
1130574956
1130574957
1130574958
1130574959
1130574960
1130574961
1130574962
1130574963
1130574964
1130574965
1130574966
1130574967
1130574968
1130574969
1130574970
1130574971
1130574972
1130574973
1130574974
1130574975
1130574976
1130574977
1130574978
1130574979
1130574980
1130574981
1130574982
1130574983
1130574984
1130574985
1130574986
1130574987
1130574988
1130574989
1130574990
1130574991
1130574992
1130574993
1130574994
1130574995
1130574996
1130574997
1130575676
1130575677
1130575678
1130575679
1130575680
1130575681
1130575682
1130575683
1130575684
1130575685
1130578022
1130578023
1130578024
1130578025
1130578026
1130842366
1130842367
1130842368
1130842369
1130842370
1130842371
1130842372
1130842373
1130842374
1130842375
1130842376
1130842377
1130842378
1130842379
1130842380
1130842381
1130842382
1130842383
1130842384
1130842385
1130843250
1130843251
1130843252
1130843253
1130843254
1130843255
1130843256
1130843257
1130843258
1130843259
1130843260
1130843261
1130843262
1130843263
1130843264
1130843265
1130843266
1130843267
1130843268
1130843269
1130843270
1130843271
1130843272
1130843273
1130843274
1130843275
1130843276
1130843277
1130843278
1130843279
1130843280
1130843281
1130843282
1130843283
1130845829
1130845830
1130845831
1130845832
1130845833
1130845834
1130845835
1130845836
1130845837
1130845838
1130845839
1130845840
1130845841
1130845842
1130845843
1130845844
1130845845
1130845846
1130845847
1130845848
1130845849
1130845850
1130845851
1130845852
1130845853
1130845854
1130845855
1130845856
1130845857
1130845858
1130845859
1130845860
1130845861
1130845862
1130845863
1130845864
1130845865
1130845866
1130845867
1130845868
1130859102
1131103297
1131103298
1131103299
1131103300
1131103301
1131103302
1131103303
1131103304
1131103305
1131103306
1131103307
1131103308
1131103309
1131103310
1131103311
1131103312
1131103313
1131103314
1131103315
1131103316
1131103317
1131103318
1131103319
1131103320
1131103321
1131103322
1131103323
1131103324
1131103325
1131103326
1131103327
1131103328
1131103329
1131103330
1131103331
1131103332
1131103333
1131103334
1131105322
1131105323
1131105324
1131105325
1131105326
1131105327
1131105328
1131105329
1131105330
1131105331
1131105332
1131105333
1131105334
1131105335
1131105336
1131105337
1131105338
1131105339
1131105340
1131105341
1131105342
1131105343
1131105344
1131105345
1131105346
1131105347
1131105348
1131105349
1131105350
1131105351
1131105352
1131105353
1131105354
1131105355
1131105356
1131105357
1131105358
1131105359
1131105360
1131105361
1131105362
1131105363
1131106081
1131106082
1131106083
1131106084
1131106085
1131106086
1131106087
1131106088
1131106089
1131106090
1131106091
1131106092
1131106093
1131106094
1131106095
1131106096
1131106097
1131106098
1131106099
1131106100
1131106101
1131106102
1131106103
1131106104
1131106105
1131106106
1131106107
1131106108
1131106109
1131106110
1131106111
1131106112
1131106113
1131106114
1131106115
1131106116
1131106375
1131106376
1131106377
1131106378
1131106379
1131106380
1131106381
1131106382
1131106383
1131106384
1131106385
1131106386
1131106387
1131106388
1131106389
1131106390
1131106391
1131106392
1131106393
1131106394
1131106395
1131106396
1131106397
1131106398
1131610318
1131610319
1131610320
1131610321
1131610322
1131610323
1131610324
1131610325
1131610326
1131610327
1131610328
1131610329
1131610330
1131610331
1131610332
1131610333
1131610334
1131610335
1131610336
1131610337
1131610338
1131610339
1131610340
1131610341
1131610342
1131610343
1131610344
1131610345
1131610346
1131610347
1131610348
1131610349
1131610350
1131610351
1131610352
1131610353
1131610354
1131610355
1131610356
1131610357
1131610358
1131610359
1131610360
1131610361
1131610362
1131611281
1131611282
1131611283
1131611284
1131611285
1131611287
1131611288
1131611289
1131928168
1131928169
1131928170
1131928171
1131928172
1131928173
1131928174
1131928175
1131928176
1131928177
1131928178
1131928179
1131928180
1131928181
1131928182
1131928183
1131928184
1131928185
1131928186
1131928187
1131928188
1131928189
1131928190
1131928191
1131928192
1131928193
1131928194
1131928195
1131928196
1131928197
1131928198
1131928199
1131928200
1131928201
1131928202
1131928960
1131928961
1131928962
1131928963
1131928964
1131928965
1131928966
1131928967
1131928968
1131928969
1131928970
1131928971
1131928972
1131928973
1131928974
1131929788
1131929789
1131929790
1131929791
1131929792
1131929793
1131929794
1131929795
1131929796
1131929797
1131929798
1131929799
1131929800
1131929801
1131929802
1131929803
1131929804
1131929805
1131929806
1131929807
1131929808
1131929809
1131930425
1131930426
1131930427
1131930428
1131930429
1131930430
1131930431
1131930432
1131930433
1131930434
1131930435
1131930436
1131930437
1131930438
1131930439
1131930440
1131930441
1131930442
1131930443
1131930444
1132137574
1132137575
1132137576
1132137577
1132137578
1132137579
1132137580
1132137581
1132137582
1132137583
1132137584
1132137585
1132137586
1132137587
1132137588
1132137589
1132137590
1132137591
1132137592
1132137593
1132137594
1132137595
1132137596
1132137597
1132137598
1132137599
1132137600
1132137601
1132137602
1132137603
1132137604
1132137605
1132137606
1132137607
1132137608
1132137609
1132137610
1132137611
1132138403
1132138404
1132138405
1132138406
1132138407
1132138408
1132138409
1132138410
1132138411
1132138412
1132138413
1132138414
1132138415
1132138416
1132138417
1132138418
1132138419
1132138420
1132138421
1132138422
1132138423
1132138424
1132138425
1132138426
1132138427
1132138428
1132138429
1132138430
1132138431
1132138432
1132138433
1132138434
1132138435
1132138436
1132138437
1132138438
1132138439
1132138440
1132138441
1132138442
1132138443
1132138444
1132138445
1132138446
1132138447
1132138614
1132138615
1132138616
1132138617
1132138618
1132138619
1132138620
1132138621
1132138622
1132138623
1132138624
1132138625
1132138626
1132138627
1132138628
1132138629
1132138630
1132138631
1132138632
1132138633
1132138634
1132400533
1132400534
1132400535
1132400536
1132400537
1132400538
1132400539
1132400540
1132400541
1132400542
1132400543
1132400544
1132400545
1132400546
1132400547
1132400548
1132400549
1132400550
1132400551
1132400552
1132400553
1132400554
1132400555
1132400556
1132400557
1132400558
1132400559
1132400560
1132400561
1132400562
1132400563
1132400564
1132400565
1132400566
1132400567
1132400568
1132400569
1132400570
1132400571
1132400572
1132400573
1132400574
1132400575
1132400576
1132400577
1132400578
1132401666
1132401667
1132401668
1132401669
1132401670
1132401671
1132401672
1132401673
1132401674
1132401675
1132401676
1132401677
1132401678
1132401679
1132401680
1132401681
1132401682
1132401683
1132401684
1132401685
1132401686
1132401687
1132401688
1132401689
1132401690
1132401691
1132401692
1132401693
1132401694
1132401695
1132401696
1132401697
1132401698
1132401699
1132401700
1132401701
1132401702
1132401703
1132401704
1132401705
1132401706
1132402576
1132402577
1132402578
1132402579
1132402580
1132402581
1132402582
1132402583
1132402584
1132402585
1132402586
1132402587
1132402588
1132402589
1132402590
1132402591
1132402592
1132402593
1132402594
1132402595
1132402596
1132402597
1132402598
1132402599
1132402600
1132402601
1132402602
1132402603
1132402604
1132402605
1132402606
1132402607
1132402608
1132402609
1132402610
1132402611
1132402612
1132402613
1132402614
1132402615
1132402616
1132402617
1133077161
1133077162
1133077163
1133077164
1133077165
1133077166
1133077167
1133077168
1133077169
1133077170
1133077171
1133077172
1133077173
1133077174
1133077175
1133077176
1133077177
1133077178
1133077179
1133077180
1133077181
1133077182
1133077183
1133077184
1133077185
1133077186
1133077187
1133077188
1133077189
1133077190
1133077191
1133077192
1133077193
1133077194
1133077195
1133077196
1133077197
1133077198
1133077199
1133077200
1133077201
1133077202
1133077203
1133077204
1133077205
1133077206
1133077207
1133077208
1133077209
1133077210
1133077211
1133077212
1133077213
1133077214
1133077215
1133077216
1133077217
1133077218
1133077219
1133077220
1133077221
1133078283
1133078284
1133078285
1133078286
1133078287
1133078288
1133078289
1133078290
1133078291
1133078292
1133078293
1133078294
1133078295
1133078296
1133078297
1133078298
1133078299
1133078300
1133078301
1133078302
1133078311
1133078312
1133078313
1133078314
1133388674
1133388675
1133388676
1133388677
1133388678
1133388679
1133388680
1133388681
1133388682
1133388683
1133388684
1133388685
1133388686
1133388687
1133388688
1133388689
1133388690
1133388691
1133388692
1133388693
1133388694
1133388695
1133388696
1133388697
1133388698
1133388699
1133388700
1133388701
1133388702
1133388703
1133388704
1133388705
1133388706
1133388707
1133389476
1133389477
1133389478
1133389479
1133389480
1133389481
1133389482
1133389483
1133389484
1133389485
1133389486
1133389487
1133389488
1133389489
1133389490
1133389495
1133750413
1133750414
1133750415
1133750416
1133750417
1133750418
1133753222
1133753223
1133753224
1133753225
1133753226
1133753227
1133753228
1133753229
1133753230
1133753231
1133753232
1133753725
1133753726
1133753727
1133753728
1133753729
1133753730
1133753731
1133753732
1133753733
1133753734
1133753735
1133753736
1133753737
1133753738
1133753739
1133753740
1133753741
1133754273
1133754274
1133754275
1133754276
1133754277
1133754278
1133754279
1133754280
1133754281
1133754282
1133754283
1133754377
1133754378
1133754379
1133754380
1133754381
1133754382
1133754383
1133754384
1133754385
1133754386
1133754387
1134233143
1134233144
1134233145
1134233146
1134233147
1134233148
1134233149
1134233150
1134233151
1134233152
1134233153
1134233154
1134233155
1134233156
1134233157
1134233158
1134233159
1134233160
1134233161
1134233162
1134233163
1134233710
1134233711
1134233712
1134233713
1134233714
1134233715
1134233716
1134233717
1134233718
1134233719
1134233720
1134233721
1134233722
1134233723
1134233724
1134233725
1134233726
1134233727
1134233728
1134233729
1134233730
1134233731
1134233732
1134233733
1134233734
1134233735
1134446117
1134446118
1134446119
1134446120
1134446121
1134446122
1134446123
1134446124
1134446125
1134446126
1134446127
1134446128
1134446129
1134446130
1134446131
1134446132
1134446133
1134447054
1134447055
1134447056
1134447057
1134447058
1134447059
1134447060
1134447061
1134447062
1134447063
1134447064
1134447065
1134447066
1134447067
1134447068
1134447069
1134447070
1134447071
1134447072
1134447073
1134447074
1134447075
1134447076
1134447077
1134447078
1134447079
1134447080
1134447081
1134447082
1134447083
1134447084
1134447085
1134447086
1134669158
1134669159
1134669160
1134669161
1134669162
1134669163
1134669164
1134669165
1134669166
1134669167
1134669168
1134669169
1134669170
1134669171
1134669172
1134669173
1134669174
1134669175
1134669176
1134669177
1134669178
1134669179
1134669180
1134669181
1134669182
1134669183
1134669184
1134669185
1134669186
1134738207
1135378007
1135378008
1135378009
1135378697
1135378698
1135378699
1135378700
1135378701
1135378702
1135378703
1135778033
1135778034
1135778035
1135778036
1135778037
1135778038
1135778039
1135778040
1135778041
1135778043
1135778044
1135778045
1135778046
1135778047
1135778048
1135778049
1135778050
1145208957
1145542669
1145542670
1145545973
1147926534
1151986947
1152392919
1158440317
1163741840
1163741841
1165016152
1165016153
1165016154
1165016155
1165016156
1165016157
1165016158
1165016159
1165016160
1165016161
1165016162
1165016163
1165016164
1165016165
1165016166
1165016167
1165016168
1165016169
1165016170
1165016171
1165016172
1165016173
1165016174
1165016175
1165016176
1165016177
1165016178
1165016179
1165016180
1165016181
1165016182
1165016183
1165016184
1165016185
1165016186
1165016187
1165016188
1165017200
1165017201
1165017202
1165017203
1165017204
1165017205
1165017206
1165017207
1165017208
1165017209
1165017210
1165017211
1165017212
1165017213
1165017214
1165017215
1165017216
1165017217
1165017218
1165017219
1165017220
1165017221
1165017222
1165017223
1165017224
1165017225
1165017226
1165017227
1165017228
1165017229
1165017230
1165017231
1165017232
1165017233
1165327165
1165327166
1165327167
1165327168
1165327169
1165327170
1165327171
1165327172
1165327173
1165327174
1165327175
1165327176
1165327177
1165327178
1165327179
1165327180
1165327181
1165327182
1165327183
1165327184
1165327185
1165327186
1165327187
1165327188
1165327189
1165327190
1165327191
1165327192
1165327193
1165327194
1165327195
1165327196
1165327197
1165327198
1165327199
1165327200
1165327201
1165327202
1165327203
1165327204
1165327205
1165327206
1165327207
1165327504
1165327505
1165327506
1165327507
1165327508
1165327509
1165327510
1165327511
1165327512
1165327513
1165327514
1165327515
1165327516
1165327517
1165327518
1165327519
1165327520
1165327521
1165327522
1165327523
1165327524
1165327525
1165334551
1165334552
1165334553
1165334554
1165334555
1165334556
1165334557
1165334558
1165334559
1165334560
1165334561
1165334562
1165334563
1165334564
1165334565
1165334566
1165334567
1165334568
1165334569
1165334570
1165334571
1165334572
1165334573
1165334574
1165334575
1165334576
1165334577
1165334578
1165334579
1165334580
1165334581
1165334582
1165334583
1165334584
1165334585
1165334586
1165334587
1165334588
1165334589
1165334590
1165334591
1165334592
1165334593
1165334594
1165334595
1165334596
1165576198
1165576199
1165576200
1165576201
1165576202
1165576203
1165576204
1165576205
1165576206
1165576207
1165576208
1165576209
1165576210
1165576211
1165576212
1165576213
1165578731
1165578732
1165578733
1165578734
1165578735
1165578736
1165578737
1165578738
1165578739
1165578740
1165578741
1165578742
1165578743
1165578744
1165578745
1165578746
1165578747
1165578748
1165578749
1165578750
1165578751
1165578752
1165578753
1165578754
1165578755
1165578756
1165578757
1165578758
1165578759
1165578760
1165578761
1165578762
1165578763
1165578764
1165578765
1165578766
1165579730
1165579731
1165579732
1165579733
1165579734
1165579735
1165579736
1165579737
1165579738
1165579739
1165579740
1165579741
1165579742
1165579743
1165579744
1165579745
1165579746
1165579747
1165579748
1165579749
1165579750
1165579751
1165579752
1165579753
1165579754
1165648503
1165648504
1165648505
1165648506
1165648507
1165648508
1165648509
1165648510
1165648511
1166065814
1166065815
1166065816
1166065817
1166065818
1166065819
1166065820
1166065821
1166065822
1166065823
1166065824
1166065825
1166065826
1166065827
1166065828
1166065829
1166065830
1166065831
1166065832
1166065833
1166065834
1166065835
1166065836
1166065837
1166065838
1166065839
1166065840
1166065841
1166065842
1166065843
1166065844
1166065845
1167892381
1167892382
1167892383
1167892384
1167892385
1167892386
1167892387
1167892388
1167892389
1167892390
1167892391
1167892392
1167892393
1167892394
1167892395
1167892396
1167892397
1167892398
1167892399
1167892400
1167892401
1167892402
1167892403
1167892404
1167892405
1167892406
1167892407
1167892408
1167892409
1167892410
1167892411
1167892412
1167892413
1167892414
1167892415
1167892416
1167892417
1167892418
1167892419
1167892420
1167892421
1167892422
1167892423
1167892424
1167892425
1167892426
1167892427
1167892428
1167892429
1167892430
1167892431
1167892432
1167892433
1167892434
1167892435
1167892436
1167892437
1167892438
1167892439
1167892440
1167892441
1167892442
1167893626
1167893627
1167893628
1167893629
1167893630
1167893631
1167893632
1167893633
1167893634
1167893635
1167893636
1167893637
1167893638
1167893639
1167893640
1167893641
1167893642
1167893643
1167893644
1167893645
1167893646
1167893647
1167893648
1167893649
1167893650
1167893651
1167893652
1167893653
1167893654
1167893655
1167893656
1167893657
1167893658
1167893659
1167894458
1167894459
1167894460
1167894461
1167894462
1167894463
1167894464
1167894465
1167894466
1167894467
1167894468
1167894469
1167894470
1167894471
1167894472
1167894473
1167894474
1167894475
1167894476
1167894477
1167894478
1167894479
1167894480
1167894481
1167894482
1167894483
1167894484
1167894485
1167894486
1167894487
1167894488
1167894489
1167894490
1167894491
1167895673
1167895674
1167895675
1167895676
1167895677
1167895678
1167895679
1167895680
1167895681
1167895682
1167895683
1167895684
1167895685
1167895686
1167895687
1167895688
1167895689
1167895690
1167895691
1167895692
1167895693
1167895694
1167895695
1167895696
1167895697
1167895698
1167895699
1167895700
1167895701
1167895702
1167895703
1167895704
1167895705
1167895706
1167895707
1167895708
1167895709
1167895710
1167895711
1167895712
1167895713
1167895714
1167895715
1167895716
1167895717
1167895718
1167895719
1167895720
1167896557
1167896558
1167896559
1167896560
1167896561
1167896562
1167896563
1167896564
1167896565
1167896566
1167896567
1167896568
1167896569
1167896570
1167896571
1167896572
1167896573
1167896574
1167896575
1167896576
1167896577
1167896578
1167896579
1167896580
1167896581
1167896582
1167896583
1167896584
1167896585
1167896586
1167896587
1167896588
1167896589
1167896590
1167896591
1167896592
1167896593
1167896594
1167896595
1167896596
1167896597
1167896598
1167896599
1167896600
1167896601
1167896735
1167896736
1167896737
1167896738
1167896739
1167928072
1167928073
1167928074
1167928075
1167928076
1167928077
1167928078
1167928079
1167929602
1168191187
1168191188
1168191189
1168191190
1168191191
1168458213
1168458214
1168458215
1168458216
1168458217
1168458218
1168458219
1168458220
1168458221
1168458222
1168458223
1168458224
1168458225
1168458226
1168458227
1168458228
1168458229
1168458230
1168458231
1168458232
1168458233
1168458234
1168458235
1168458236
1168458237
1168458238
1168458239
1168458240
1168458241
1168458242
1168458243
1168458244
1168458245
1168458246
1168458247
1168458248
1168458249
1168458250
1168458251
1168458252
1168458253
1168458254
1168458255
1168458256
1168458257
1168458258
1168458259
1168458260
1168458261
1168458262
1168458263
1168458264
1168458265
1168458266
1168458267
1168458268
1168458269
1168458270
1168458271
1168458272
1168893153
1168893154
1168893155
1168893156
1168893157
1168893158
1168893159
1168893160
1168893161
1168893162
1168893163
1168893164
1168893165
1168893166
1168893167
1168893168
1168893169
1168893170
1168893171
1168893172
1168893173
1168893174
1168893175
1168893176
1168893177
1168893178
1168893179
1168893180
1168893181
1168893182
1168893183
1168893184
1168893185
1168893186
1168893187
1168893188
1168893189
1168893190
1168893191
1168898537
1168898538
1168898539
1168898540
1168898541
1168898542
1168898543
1168898544
1168898545
1168898546
1168898547
1168898548
1168898549
1168898550
1168898551
1168898552
1168898553
1168898554
1168898555
1168898556
1168898557
1168898558
1168898559
1169336949
1169336950
1169336951
1169336952
1169336953
1169336954
1169336955
1169336956
1169336957
1169336958
1169336959
1169336960
1169336961
1169336962
1169336963
1169336964
1169336965
1169336966
1169336967
1169336968
1169336969
1169336970
1169336971
1169336972
1169336973
1169336974
1169336975
1169336976
1169336977
1169336978
1169336979
1169336980
1169336981
1169336982
1169337661
1169337662
1169337663
1169337664
1169337665
1169337666
1169337667
1169337668
1169337669
1169337670
1169337671
1169337672
1169337673
1169337674
1169337675
1169337676
1169337677
1169337678
1169337679
1169337680
1169337681
1169337682
1169337683
1169337684
1169337685
1169337686
1169337687
1169337688
1169337689
1169337690
1169337691
1169337692
1169337693
1169337694
1169337695
1169337696
1169337697
1169338279
1169338280
1169338281
1169338282
1169338283
1169338284
1169338285
1169553361
1169553362
1169553363
1169553364
1169553365
1169553366
1169553367
1169553368
1169553369
1169553370
1169553371
1169553372
1169553373
1169553374
1169553375
1169553376
1169553377
1169553378
1169553379
1169553380
1169553381
1169553382
1169553383
1169553384
1169553385
1169553386
1169553387
1169553388
1169553389
1169553390
1169553391
1169553392
1169553393
1169553394
1169553395
1169553396
1169553397
1169553398
1169553399
1169553400
1169553401
1169553402
1169553403
1169553404
1169553405
1169553406
1169553407
1169553408
1169553409
1169553410
1169553411
1169553412
1169553413
1169554265
1169554266
1169554267
1169554268
1169554269
1169554270
1169554271
1169554272
1169554273
1169554274
1169554275
1169554276
1169554277
1169554278
1169554279
1169554280
1169554281
1169554282
1169554283
1169554284
1169554285
1169554286
1169554287
1169554288
1169554289
1169554290
1169554291
1169554292
1169554293
1169554294
1169554295
1169554296
1169554297
1169554298
1169554299
1169554300
1169554301
1169554302
1169807509
1169807510
1169807511
1169807512
1169807513
1169807514
1169807515
1169807516
1169807517
1169807518
1169807519
1169807520
1169807521
1169807522
1169807523
1169807524
1169807525
1169807526
1169807527
1169807528
1169807529
1169807530
1169807531
1169809576
1169809577
1169809578
1169809579
1169809580
1169809581
1169809582
1169809583
1169809584
1169809585
1169809586
1169809587
1169809588
1169809589
1169809590
1169811632
1169811633
1169811634
1169811635
1169811636
1169811637
1169811638
1169811639
1169811640
1169811641
1169811642
1169811643
1169811644
1169811645
1169811646
1169811647
1169811648
1169811649
1169811650
1169811651
1169811652
1169811653
1169811654
1169811655
1169811656
1169811657
1169811658
1169811659
1169811660
1169811661
1169811662
1169811663
1169811664
1169811665
1169811666
1169814827
1169814828
1169814829
1169814830
1169814831
1169814832
1169814833
1169814834
1169814835
1169814836
1169814837
1169814838
1169814839
1169814840
1169814841
1169814842
1169814843
1169814844
1169814845
1169814846
1169814847
1169814848
1169814849
1169814850
1169814851
1169814852
1169814853
1169814854
1169814855
1169814856
1169814857
1169814858
1169814859
1169814860
1169814861
1169814862
1169814863
1169814864
1169814865
1169814866
1169815103
1169815104
1169815105
1169815106
1169815107
1169815108
1169815109
1169815110
1169815111
1169815112
1169815113
1169815114
1169815115
1169815116
1169815117
1169815118
1169815119
1169817462
1169817463
1169817464
1169817465
1169817466
1169817467
1169817468
1169817469
1169817470
1169817471
1169817472
1169817473
1169817474
1169817475
1169817476
1169817477
1169817478
1169817479
1169817480
1169817481
1169817482
1169817483
1169817484
1169817485
1169817486
1169817487
1169817488
1169817489
1169817490
1169817491
1169817492
1169817493
1169817494
1169817495
1169817496
1169817497
1169817498
1169817499
1169817500
1169818375
1169818376
1169818377
1169818378
1169818379
1169818380
1169818381
1169818382
1169818383
1170474106
1170474107
1170474108
1170474109
1170474110
1170474111
1170474112
1170474113
1170474114
1170474115
1170474116
1170474117
1170474118
1170474119
1170474120
1170474121
1170474122
1170474123
1170474124
1170474125
1170474126
1170474127
1170474128
1170474129
1170474130
1170474131
1170474132
1170474133
1170474134
1170474135
1170474136
1170474137
1170474138
1170474139
1170474140
1170474141
1170474142
1170474143
1170474144
1170474145
1170474146
1170474147
1170474148
1170474149
1170474150
1170474151
1170474152
1170474153
1170474154
1170474155
1170475169
1170475170
1170475171
1170475172
1170475173
1170475174
1170475175
1170475176
1170475177
1170475178
1170475179
1170475180
1170475181
1170475182
1170475183
1170475184
1170475185
1170475186
1170475187
1170475188
1170475189
1170475190
1170475191
1170475192
1170475193
1170475194
1170475195
1170475196
1170475197
1170475198
1170475199
1170475200
1170477405
1170477406
1170477407
1170477408
1170477409
1170477410
1170477411
1170477412
1170477413
1170477414
1170477415
1170477416
1170477417
1170477418
1170477419
1170477420
1170477421
1170477422
1170477423
1170477424
1170477425
1170477426
1170477427
1170477428
1170477429
1170477430
1170477431
1170477432
1170477433
1170477434
1170477435
1170478858
1170478859
1170478860
1170478861
1170478862
1170478863
1170478864
1170478865
1170478866
1170478867
1170478868
1170478869
1170478870
1170478871
1170478872
1170478873
1170480823
1170480824
1170480825
1170480826
1170480827
1170480828
1170480829
1170480830
1170480831
1170480832
1170480833
1170480834
1170480835
1170480836
1170480837
1170480838
1170480839
1170480840
1170480841
1170480842
1170480843
1170480844
1170480845
1170480846
1170480847
1170480848
1170480849
1170480850
1170481671
1170481672
1170481673
1170481674
1170481675
1170481676
1170481677
1170481678
1170481679
1170481680
1170481681
1170481682
1170481683
1170481684
1170481685
1170481686
1170481687
1170481688
1170481689
1170481690
1170481691
1170481692
1170481693
1170481694
1170481695
1170481696
1170482920
1170482921
1170482922
1170482923
1170482924
1170482925
1170482926
1170482927
1170482928
1170482929
1170482930
1170482931
1170482932
1170482933
1170482934
1170482935
1170482936
1170482937
1170482938
1170482939
1170482940
1170482941
1170482943
1170482944
1170483419
1170483420
1170483421
1170483422
1170483423
1170483424
1170860948
1171069702
1171069703
1171069704
1171069705
1171069706
1171069707
1171069708
1171069709
1171069710
1171069711
1171069712
1171069713
1171069714
1171069715
1171069716
1171069717
1171069718
1171069719
1171069720
1171069721
1171069722
1171069723
1171069724
1171069725
1171069726
1171069727
1171069728
1171069729
1171069730
1171069731
1171069732
1171070167
1171070168
1171070169
1171070170
1171070171
1171070172
1171070173
1171070174
1171070175
1171070176
1171070177
1171070178
1171070179
1171070180
1171070181
1171070182
1171070183
1171070184
1171070185
1171070186
1171070187
1171070188
1171070189
1171070190
1171070191
1171070192
1171070193
1171070194
1171070195
1171070196
1171070197
1171070198
1171070199
1171070200
1171070201
1171070202
1171070203
1171070204
1171070205
1171070206
1171070207
1171070208
1171070209
1171070210
1171070613
1171070614
1171070615
1171070616
1171070617
1171070618
1171070619
1171070620
1171070621
1171070622
1171070623
1171070624
1171070625
1171070626
1171070627
1171070628
1171070629
1171070630
1171070631
1171070632
1171070633
1171070634
1171070635
1171070636
1171070637
1171070638
1171070639
1171070640
1171070641
1171070642
1171070643
1171070644
1171070645
1171070646
1171070647
1171070648
1171070649
1171070650
1171070651
1171071062
1171071063
1171071064
1171071065
1171071066
1171071067
1171071068
1171071069
1171071070
1171071071
1171071072
1171071073
1171071074
1171071075
1171071076
1171071077
1171071078
1171071079
1171071080
1171071081
1171071082
1171071083
1171071084
1171071085
1171071086
1171071087
1171071088
1171071089
1171495848
1171495849
1171495850
1171495851
1171495852
1171495853
1171495854
1171495855
1171495856
1171495857
1171495858
1171495859
1171495860
1171495861
1171495862
1171495863
1171495864
1171495865
1171495866
1171495867
1171495868
1171495869
1171495870
1171495871
1171495872
1171495873
1171495874
1171495875
1171495876
1171495877
1171495878
1171495879
1171495880
1171495881
1171496360
1171496361
1171496362
1171496363
1171496364
1171496365
1171917789
1171917790
1171917791
1171917792
1171917793
1171917794
1171917795
1171917796
1171917797
1171917798
1171917799
1171917800
1171917801
1171917802
1171917803
1171917804
1171917805
1171917806
1171917807
1171917808
1171917809
1171917810
1171917811
1171917812
1171917813
1171917814
1171917815
1171917816
1171920039
1171920040
1171920041
1171920042
1171920043
1171920044
1171920045
1171920046
1171920047
1171920048
1171920049
1171920050
1171920051
1171920052
1171920053
1171920054
1171920055
1171920056
1171920057
1171920058
1171920059
1171920060
1172357568
1172357569
1172357570
1172357571
1172468544
1172468545
1172470581
1172470582
1172470583
1172470584
1172471837
1172471838
1172471839
1172471840
1172471841
1172471842
1172471843
1172471844
1172471845
1172471846
1172471847
1172471848
1172471849
1172676756
1172676757
1172676758
1172676759
1172676760
1172676761
1172676762
1172676763
1172676764
1172676765
1172676766
1172676767
1172676768
1172676769
1172676770
1172676771
1172676772
1172676773
1172676774
1172676775
1172676776
1172676777
1172676778
1172676779
1172676780
1172677581
1172677582
1172677583
1172677584
1172677585
1172677586
1172677587
1172677588
1172677589
1172677590
1172677591
1172677592
1172677593
1172677594
1172677595
1172677596
1172677597
1172677598
1172677599
1172677600
1172677601
1172677602
1172677603
1172677604
1172678941
1172678942
1172678943
1172678944
1172678945
1172678946
1172678947
1172678948
1172678949
1172678950
1172678951
1172678952
1172678953
1172678954
1172678955
1172678956
1172678957
1172678958
1172678959
1172678960
1172678961
1172678962
1172678963
1172678964
1172678965
1172678966
1172693639
1172693640
1172953380
1172953381
1172956984
1172956985
1172956986
1172956987
1172956988
1172956990
1172956991
1172956992
1172956993
1172956994
1172956995
1173220835
1173220836
1173220837
1173220838
1173220839
1173220840
1173220841
1173220842
1173220843
1173220844
1173220845
1173220846
1173220847
1173220848
1173220849
1173220850
1173220851
1173220852
1173220853
1173220854
1173220855
1173220856
1173220857
1173220858
1173220859
1173220860
1173220861
1173222108
1173222109
1173222110
1173222111
1173222112
1173222113
1173222114
1173222115
1173222116
1173222117
1173222118
1173222119
1173222120
1173222121
1173222122
1173222123
1173222124
1173222125
1173222126
1173222127
1173222128
1173222129
1173222130
1173222131
1173222132
1173222133
1173222134
1173222135
1173222136
1173222137
1173222138
1173222139
1173222140
1173222141
1173222142
1173370655
1173370656
1173748887
1173748888
1173748889
1173748890
1173748891
1173748892
1173748893
1173748894
1173748895
1173748896
1173748897
1173748898
1173748899
1173748900
1173748901
1173748902
1173748903
1173748904
1173748905
1173748906
1173870376
1173870377
1173870378
1173870379
1173870380
1173870381
1173870382
1173870383
1173870384
1173870385
1173870386
1173870387
1173870388
1173870389
1173871052
1173871053
1173871054
1173871055
1173871056
1173871057
1173871058
1173871059
1173871060
1173871061
1173871062
1173871063
1173871064
1173871065
1173871066
1173871067
1173871068
1174222620
1174222621
1174222622
1174222623
1174222624
1174222625
1174222626
1174222627
1174222628
1174222629
1174222630
1174222631
1174222632
1174222633
1174222634
1174222635
1174222636
1174222637
1174222638
1174222639
1174222640
1174222641
1174222642
1174222643
1174222644
1174222645
1174222646
1174222647
1174222648
1174222649
1174222650
1174224574
1174224575
1174224576
1174224577
1174224578
1174224579
1174224580
1174224581
1174224582
1174224583
1174224584
1174224585
1174224586
1174224587
1174496661
1174496662
1174496663
1174496664
1174563515
1174563516
1174563517
1174563518
1174563519
1174563520
1174940538
1174940539
1174940540
1174940541
1174940542
1174940543
1174940544
1174940545
1174940546
1174940547
1174940548
1174940549
1174940550
1174940551
1174940552
1174940553
1174940554
1174940555
1174940556
1174940557
1174940558
1174940559
1174940560
1174940561
1174940562
1174940563
1174940564
1174940565
1174940566
1174940567
1174941115
1174941116
1174941117
1174941118
1174941119
1174941120
1174941121
1174941122
1174941123
1174941124
1174941125
1174941126
1174941127
1174941128
1174941129
1174941130
1174941131
1174941132
1174941909
1174941910
1174941911
1174941912
1174941913
1174941914
1174941915
1174941916
1174941917
1174941918
1174941919
1174941920
1174941921
1174941922
1174941923
1174941924
1174941925
1174941926
1174941927
1174941928
1174941929
1174941930
1174941931
1174941932
1174941933
1174941934
1174941935
1174941936
1174941937
1174941938
1174941939
1174941940
1174941941
1174941942
1174941943
1174941944
1174941945
1174941946
1174941947
1174941948
1174941949
1174943909
1174943910
1174943911
1174943912
1174943913
1174943914
1174943915
1174943916
1174943917
1174943918
1174943919
1174943920
1174943921
1174943922
1174943923
1174943924
1174943925
1174943926
1174943927
1174943928
1174943929
1174943930
1174943931
1174943932
1174943933
1174943934
1174943935
1174943936
1174943937
1174943938
1174943939
1174943940
1174943941
1174943942
1174943943
1174943944
1174943945
1174945668
1174945669
1174945670
1174945671
1174945672
1174945673
1174945674
1174945675
1174945676
1174945677
1174945678
1174945679
1174945680
1174945681
1174945682
1174945683
1174945684
1174945685
1174945686
1174945687
1174945688
1174945689
1174945690
1174945691
1174945692
1174945693
1174945694
1174945695
1174945696
1174945697
1174945698
1174945699
1174945700
1174945701
1174945702
1174945703
1174945704
1174945705
1174946890
1174946891
1174946892
1174946893
1174946894
1174946895
1174946896
1174946897
1174946898
1174946899
1174946900
1174946901
1174946902
1174946903
1174946904
1174946905
1174946906
1174946907
1174946908
1174946909
1174946910
1174946911
1174946912
1174946913
1174946914
1174946915
1174946916
1174946917
1174946918
1174946919
1174946920
1174946921
1174946922
1174946923
1174946924
1174946925
1174946926
1174946927
1174947656
1174947657
1174947658
1175248821
1175248822
1175248823
1175248824
1175248825
1175248826
1175248827
1175248828
1175248829
1175248830
1175248831
1175248832
1175248833
1175248834
1175248835
1175248836
1175248837
1175248838
1175248839
1175248840
1175248841
1175248842
1175248843
1175248844
1175248845
1175248846
1175248848
1175248849
1175248850
1175248851
1175248852
1175248853
1175248854
1175248855
1175248856
1175248857
1175248858
1175248859
1175248860
1175248861
1175248862
1175248863
1175248864
1175248865
1175248866
1175248867
1175248868
1175248869
1175248870
1175249726
1175249727
1175249728
1175249729
1175249730
1175249731
1175249732
1175249733
1175249734
1175249735
1175249736
1175249737
1175249738
1175249739
1175249740
1175249741
1175249742
1175249743
1175249744
1175249745
1175249746
1175249747
1175249748
1175249749
1175249750
1175249751
1175249752
1175249753
1175249754
1175398576
1175398577
1175398578
1175398579
1175415838
1175424077
1175424078
1175424079
1175424080
1175424081
1175424082
1175424083
1175426910
1175597321
1175597322
1175597323
1175597324
1175597325
1175597326
1175597327
1175597328
1175597329
1175597330
1175597331
1175597332
1175597333
1175597334
1175597335
1175597336
1175597337
1175597338
1175597339
1175597340
1175597341
1175597342
1175597343
1175597344
1175829623
1175829624
1175829625
1175829626
1175829627
1175829628
1175829629
1175829630
1175829631
1175829632
1175829633
1175829634
1175829635
1175829636
1175829637
1175829638
1175829639
1175829640
1175829641
1175829642
1175829643
1175829644
1175829645
1175829646
1175829647
1175829940
1175829941
1175829942
1175829943
1175829944
1175829945
1175829946
1175829947
1175829948
1175829949
1175829950
1175829951
1175829952
1175829953
1175829954
1175829955
1175829956
1175829957
1175829958
1175829959
1175829960
1175829961
1175829962
1175829963
1175829964
1175829965
1175829966
1175829967
1175829968
1175829969
1175829970
1175829971
1175829972
1175829973
1175829974
1175829975
1175829976
1175829977
1175829978
1175829979
1175831364
1175831365
1175831366
1175831367
1175831368
1175831369
1175831370
1175831371
1175831372
1175831373
1175831375
1175831376
1175831377
1175831378
1175833936
1175833937
1175833938
1175833939
1175833940
1175833941
1175833942
1175833943
1175833944
1175833945
1175833946
1175833948
1175833954
1175834806
1175834807
1175834808
1175834809
1175834810
1175834811
1175834812
1175834813
1175834814
1175834815
1175834816
1175834817
1175834818
1175834819
1175834820
1175834821
1175834822
1175834823
1175841834
1175841835
1175841836
1175841837
1175841838
1175841839
1175841840
1175841841
1175841842
1175841843
1175841844
1175841845
1175841846
1175841847
1175841848
1175841849
1175841850
1175841851
1175841852
1175841853
1175843288
1175843289
1175843290
1175843291
1175843292
1175843293
1175843294
1175843295
1175843296
1175843297
1175843298
1175843299
1175843300
1175843301
1175843302
1175843303
1175843304
1175843305
1175843306
1175843307
1175843308
1175843309
1175843310
1175843311
1175843312
1175843313
1175843314
1176591502
1176591503
1176591504
1176591505
1176591506
1176591507
1176591508
1176591509
1176591510
1176591511
1176591512
1176591513
1176591514
1176591515
1176591516
1176591517
1176591518
1176591519
1176591520
1176591521
1176591522
1176591523
1176591524
1176591525
1176591526
1176591527
1176591528
1176591529
1176591530
1176591531
1176591532
1176591533
1176591534
1176593519
1176593520
1176593521
1176593522
1176593523
1176593524
1176593525
1176593526
1176593527
1176593528
1176593529
1176593530
1176593531
1176593532
1176593533
1176593534
1176593535
1176593536
1176593537
1176593538
1176593539
1176593540
1176593541
1176593542
1176593543
1176593544
1176593545
1176593546
1176593547
1176593548
1176593549
1176593550
1176593551
1176593552
1176593553
1176593554
1176593555
1176593556
1176593557
1176594588
1176638160
1176638161
1176922849
1177473690
1177473691
1177473692
1177473693
1177473694
1177473695
1177473696
1177473697
1177473698
1177473699
1177473700
1177473701
1177473702
1177473703
1177473704
1177473707
1177473708
1177473709
1177473710
1177473711
1177473712
1177473713
1177474172
1177474173
1177474174
1177474175
1177474176
1177474177
1177474178
1177474179
1177474180
1177474181
1177474182
1177474183
1177474184
1177474185
1177474186
1177474187
1177474188
1177474189
1177474190
1177474191
1177477116
1177477117
1177477118
1177477119
1177477120
1177477121
1177477122
1177477123
1177477124
1177477125
1177477126
1177477896
1177477897
1177477898
1177477899
1177477900
1177477901
1177477902
1177477903
1177477904
1177477905
1177477906
1177777959
1177777960
1177777961
1177777962
1177808495
1177808496
1177808497
1177808498
1177808499
1177808500
1177808501
1177808502
1177808503
1177808504
1177808505
1177808506
1177808507
1177808508
1177808509
1177808510
1177808511
1177808512
1177808513
1177808514
1177808515
1177808516
1177808517
1177808518
1177808519
1177808520
1177810390
1177810391
1177810392
1177810393
1177810394
1177810395
1178023546
1178023547
1178023548
1178023549
1178023550
1178023551
1178023552
1178023553
1178023554
1178023555
1178023556
1178023557
1178023558
1178023559
1178023560
1178023561
1178023562
1178023563
1178023564
1178023565
1178023566
1178023567
1178023568
1178023569
1178023570
1178023571
1178023572
1178023573
1178023574
1178023575
1178023576
1178023577
1178023578
1178023579
1178023580
1178023581
1178023582
1178023583
1178023584
1178023585
1178026252
1178026253
1178026254
1178026255
1178026256
1178026257
1178026258
1178026259
1178026260
1178026261
1178257381
1178257382
1178257383
1178257384
1178257385
1178257386
1178257387
1178257388
1178257389
1178257390
1178257391
1178257392
1178257393
1178257394
1178257395
1178257396
1178257397
1178257398
1178257399
1178257400
1178257401
1178257402
1178257947
1178257948
1178257949
1178257950
1178257951
1178257952
1178257953
1178257954
1178257955
1178257956
1178257957
1178257958
1178257959
1178257960
1178257961
1178257962
1178257963
1178257964
1178257965
1178257966
1178257967
1178257968
1178257969
1178265354
1178265355
1178265356
1178265357
1178265358
1178265359
1178265360
1178265361
1178265362
1178265363
1178265364
1178265365
1178265366
1178265367
1178265368
1178319548
1178319549
1178319550
1178580766
1178580767
1178580768
1178580769
1178580770
1178580771
1178580772
1178580773
1178580774
1178580775
1178580776
1178580777
1178580778
1178580779
1178580780
1178580781
1178580782
1178580783
1178580784
1178580785
1178580786
1178580787
1178580788
1178580789
1178584140
1178584141
1178584142
1178584143
1178584144
1178584145
1178584146
1178584147
1178584148
1178584149
1178584150
1178584151
1178584152
1178584153
1178584154
1178584155
1178584156
1178584157
1178584158
1178584159
1178584160
1178584161
1178584162
1178584163
1178584164
1178584165
1178586132
1178586133
1178586134
1178586135
1178586136
1178586137
1178586138
1178586139
1178586140
1178586141
1178586142
1178586143
1178586144
1178586145
1178586146
1178586147
1178586148
1178586149
1178586150
1178586151
1178586152
1178586153
1178586154
1178586155
1178586156
1178586157
1178586158
1178586159
1178586160
1178586161
1178586162
1178586163
1178586164
1178589554
1178589555
1178589556
1178589557
1178589558
1178589559
1178589560
1178589561
1178589562
1178589563
1178589564
1178589565
1178589566
1178589567
1178589568
1178589569
1178589570
1178589571
1178589572
1178589573
1178589574
1178589575
1178589576
1178589577
1178589578
1178589579
1178589580
1178589581
1178589582
1178589583
1178589756
1178589757
1178737942
1178737943
1178737944
1178737945
1178737946
1178737947
1178737948
1178737949
1178737950
1178737951
1178737952
1178737953
1178737954
1178737955
1178737956
1178737957
1178737958
1178737959
1178737960
1178737961
1178737962
1178737963
1178737964
1178737965
1178737966
1178737967
1178737968
1178737969
1178737970
1178737971
1178737972
1178737973
1178738493
1178738494
1178738495
1178738496
1178738497
1178738498
1178738499
1178738500
1178738501
1178738502
1178738503
1178738504
1178738505
1178738506
1178738507
1178738508
1178738509
1178738510
1178738511
1178738512
1178738513
1178738514
1178738515
1178738516
1178738517
1178738518
1178738519
1178738520
1178738521
1178738522
1178738523
1178738524
1178738525
1178738526
1178738527
1178738528
1178738529
1178739484
1178739485
1178739486
1178739487
1178739488
1178739489
1178739490
1178739491
1178739492
1178739493
1178739494
1178739495
1178739496
1178739497
1178739498
1178739499
1178739500
1178739501
1178739502
1178739503
1178739504
1178739505
1178739506
1178739507
1178739508
1178739509
1178739510
1178739511
1178739512
1178739840
1178739841
1178739842
1178739843
1178739844
1178739845
1178739846
1178739847
1178739848
1178739849
1178739850
1178739851
1178739852
1178739853
1178739854
1178739855
1178739856
1179664833
1179664834
1179664835
1179664836
1179664837
1179664838
1179664839
1179664840
1179664841
1179664842
1179664843
1179664844
1179664845
1179664846
1179664847
1179664848
1179664849
1179664850
1179664851
1179664852
1179664853
1179664854
1179664855
1179664856
1179664857
1179664858
1179665911
1179665912
1179665913
1179665914
1179665915
1179665916
1179665917
1179665918
1179665919
1179665920
1179667565
1179667566
1179667567
1179667568
1179667569
1179667570
1179667571
1179667572
1179667573
1179667574
1179667575
1179667576
1179667577
1179667578
1179667579
1179667580
1179667581
1179667582
1179667583
1179668762
1179668763
1179668764
1179668765
1179668766
1179668767
1179668768
1179668769
1179668770
1179668771
1179668772
1179668773
1179668774
1179668775
1179668776
1179668777
1179668778
1179668779
1179668780
1179668781
1179669743
1179669744
1179935956
1179935957
1179935958
1179935959
1179935960
1179935961
1179937554
1179937555
1179937556
1179937557
1179937558
1179937559
1179937560
1179937561
1179937562
1179937563
1179937564
1179937565
1179937566
1179937567
1179937568
1179937569
1179937570
1179937571
1179937572
1179937573
1179937574
1179937575
1179937576
1180147020
1180147021
1180147022
1180147023
1180147024
1180147025
1180147026
1180147027
1180147028
1180147029
1180147030
1180147031
1180147032
1180147033
1180147034
1180147035
1180147036
1180147037
1180147038
1180147039
1180147040
1180147041
1180147042
1180149747
1180149748
1180149749
1180149750
1180149751
1180149752
1180149753
1180149754
1180149755
1180149756
1180149757
1180149758
1180149759
1180149760
1180149761
1180149762
1180149763
1180149764
1180149765
1180149766
1180149767
1180149768
1180149769
1180149770
1180149771
1180149772
1180149773
1180149774
1180149775
1180149776
1180149777
1180149778
1180149779
1180149780
1180149781
1180149782
1180149783
1180149784
1180149785
1180149786
1180149787
1180149788
1180149789
1180150539
1180150540
1180150541
1180150542
1180150543
1180150544
1180150545
1180150546
1180150547
1180150548
1180150549
1180150550
1180150551
1180150552
1180150553
1180150554
1180150555
1180150556
1180150557
1180150558
1180150559
1180150560
1180150561
1180152187
1180152188
1180152189
1180152190
1180152191
1180152192
1180152193
1180152194
1180152195
1180152196
1180152197
1180152198
1180152199
1180152200
1180152201
1180152202
1180152203
1180152204
1180152205
1180152206
1180152207
1180152208
1180152209
1180152210
1180152211
1180152212
1180152213
1180152214
1180152215
1180152216
1180152217
1180152218
1180152219
1180152220
1180152221
1180152222
1180152223
1180152224
1180152225
1180152226
1180152227
1180152970
1180152971
1180152972
1180152973
1180152974
1180152975
1180152976
1180152977
1180152978
1180152979
1180152980
1180152981
1180152982
1180152983
1180152984
1180152985
1180152986
1180152987
1180152988
1180152989
1180152990
1180152991
1180152992
1180152993
1180152994
1180152995
1180153840
1180153841
1180153842
1180153843
1180153844
1180153845
1180153846
1180153847
1180153848
1180153849
1180153850
1180153851
1180153852
1180153853
1180153854
1180153855
1180153856
1180153857
1180153858
1180153859
1180153860
1180153861
1180153862
1180153863
1180153864
1180153865
1180153866
1180153867
1180153868
1180153869
1180153870
1180153871
1180153872
1180153873
1180153874
1180153875
1180153876
1180153877
1180154410
1180154411
1180154412
1180154413
1180154414
1180154415
1180154416
1180154417
1180154418
1180154419
1180154420
1180154421
1180154422
1180154423
1180154424
1180154425
1180154426
1180154427
1180154428
1180154429
1180154430
1180154722
1180154723
1180154724
1180154725
1180154726
1180154727
1180154728
1180154729
1180154730
1180379155
1180379156
1180379157
1180379158
1180379159
1180379160
1180379161
1180379162
1180379163
1180379164
1180379165
1180379166
1180379167
1180379168
1180379169
1180379170
1180379171
1180379172
1180379173
1180379174
1180379175
1180379176
1180467661
1180467662
1180467663
1180467664
1180467665
1180467666
1180467667
1180467668
1180467669
1180467670
1180467671
1180467672
1180467673
1180467674
1180467675
1180467676
1180467677
1180467678
1180467679
1180467680
1180467728
1180599436
1180599437
1180599438
1180599439
1180599440
1180599441
1180599442
1180599443
1180599444
1180599445
1180599446
1180599447
1180599448
1180599449
1180599450
1180599451
1180599452
1180599453
1180599454
1180599455
1180599456
1180599457
1180599458
1180599459
1180599460
1180599461
1180599462
1180599463
1180599464
1180599465
1180599466
1180599467
1180599468
1180599469
1180599470
1180599471
1180599472
1180599473
1180599474
1180599475
1180599476
1180599477
1180599478
1180599479
1180599480
1180599481
1180599482
1180599483
1180599484
1180599485
1180599486
1180599487
1180599488
1180599489
1180599490
1180599491
1180599492
1180599493
1180599567
1180599568
1180599569
1180599570
1180599571
1180599572
1180599573
1180599574
1180599575
1180599576
1180600583
1180600584
1180600585
1180600586
1180600587
1180600588
1180600589
1180600590
1180600591
1180600592
1180600593
1180600594
1180600595
1180600596
1180600597
1180600598
1180600599
1180600600
1180600601
1180600602
1180600603
1180600604
1180600605
1180600606
1180600607
1180600608
1180600609
1180600610
1180600611
1180600612
1180600613
1180600614
1180600615
1180600616
1180600617
1180600618
1180600619
1180600620
1180600621
1180600622
1180600623
1180600624
1180601597
1180601598
1180601599
1180601600
1180601601
1180601602
1180601603
1180601604
1180601605
1180601606
1180601607
1180601608
1180601609
1180601610
1180601611
1180601612
1180601613
1180601614
1180601615
1180601616
1180605150
1180605151
1180605152
1180605153
1180605154
1180605155
1180605156
1180605157
1180605158
1180605159
1180605160
1180605161
1180605162
1180605163
1180605164
1180605165
1180605166
1180605167
1180605168
1180605169
1180605170
1180605171
1180605172
1180605173
1180605174
1180605175
1180605176
1180605177
1180605178
1180605179
1180605180
1180605181
1180605182
1180605183
1180605184
1180605185
1180605186
1180605187
1180605889
1180605890
1180605891
1180605892
1180605893
1180605894
1180605895
1180605896
1180605897
1180605898
1180605899
1180605900
1180605901
1180605902
1180605903
1180605904
1180605905
1180605906
1180605907
1180605908
1180646853
1180646854
1180646855
1180646856
1180928726
1180928727
1180928728
1180928729
1180928730
1180928731
1180928732
1180928733
1180928734
1180928735
1180928736
1180928737
1180928738
1180928739
1180928740
1180928741
1180928742
1180928743
1180928744
1180928745
1180928746
1180928747
1180928748
1180928749
1180928750
1180928751
1180928752
1180928753
1180928754
1180928755
1180928756
1180928757
1180929385
1180929386
1180929387
1180929388
1180929389
1180929390
1180929391
1180929392
1180929393
1180929394
1180929395
1180929396
1180929397
1180929398
1180929399
1180929400
1180929401
1180929402
1180929403
1180929404
1180929405
1180929406
1180929407
1180929408
1180929409
1180929410
1180929411
1180929412
1180929413
1180929414
1180929415
1180929416
1180929417
1180929418
1180929419
1180929420
1180929421
1180929422
1180929423
1180929424
1180929425
1180929426
1180929427
1180929428
1180929658
1180929659
1180929660
1180929661
1180929662
1180929663
1180929664
1180929665
1180929666
1180929667
1180929668
1180929669
1180929670
1180929671
1180929672
1180929949
1180929950
1180929951
1180929952
1180929953
1180929954
1180930542
1180930543
1180930544
1180930545
1180930546
1180930547
1180930548
1180930549
1180930550
1180930551
1180930552
1180930553
1180930554
1180930555
1180930556
1180930557
1180930558
1180930559
1180930560
1180930561
1180930562
1180930563
1180930564
1180930565
1180930566
1180930567
1180930568
1180930569
1180930570
1180930571
1180930572
1180930573
1180930574
1181099736
1181099737
1181099738
1181099739
1181099740
1181099741
1181099742
1181099743
1181099744
1181099745
1181099746
1181099747
1181099748
1181099749
1181099750
1181099751
1181099752
1181099753
1181099754
1181099755
1181099756
1181099757
1181100976
1181100977
1181100978
1181100979
1181100980
1181100981
1181100982
1181100983
1181100984
1181100985
1181100986
1181100987
1181100988
1181100989
1181100990
1181100991
1181100992
1181100993
1181100994
1181100995
1181100996
1181100997
1181100998
1181100999
1181101000
1181101001
1181101002
1181101003
1181101004
1181101005
1181101006
1181101007
1181101008
1181101009
1181101010
1181101628
1181101629
1181101630
1181101631
1181101632
1181101633
1181101634
1181101635
1181101636
1181101637
1181101638
1181101639
1181115833
1181118101
1181118102
1181118103
1181118104
1181118105
1181118106
1181118107
1181118108
1181118109
1181118110
1181118111
1181118112
1181118113
1181118114
1181118115
1181118116
1181118117
1181118118
1181118226
1181118227
1181118228
1181118492
1181118493
1181122324
1181122325
1181122326
1181122327
1181123155
1181123156
1181123157
1181123158
1181123159
1181123160
1181123161
1181123162
1181123163
1181126999
1181127000
1181127001
1181127810
1181127811
1181127812
1181127813
1181128726
1181128727
1181274131
1181274132
1181276727
1181276728
1181276729
1181276730
1181276731
1181276732
1181276733
1181276734
1181276735
1181276736
1181276737
1181276738
1181276739
1181276740
1181276741
1181276742
1181276743
1181276744
1181276745
1181276746
1181276747
1181276748
1181276749
1181276750
1181276751
1181277499
1181277843
1181277844
1181277845
1181279228
1181279229
1181279230
1181279231
1181279232
1181279233
1181279234
1181279235
1181279236
1181279237
1181279238
1181279239
1181279240
1181279241
1181279242
1181279243
1181279244
1181279245
1181279246
1181279247
1181279248
1181279249
1181279250
1181279251
1181280750
1181280751
1181280752
1181280753
1181280754
1181280755
1181280756
1181280757
1181280758
1181280759
1181281638
1181281639
1181281640
1181281641
1181281642
1181281643
1181281644
1181281645
1181281646
1181281647
1181281648
1181281649
1181281650
1181281651
1181281652
1181281809
1181281810
1181281811
1181281812
1181281813
1181743262
1181743263
1181743264
1181743265
1181743266
1181743267
1181743268
1181743269
1181743270
1181743271
1181743272
1181743273
1181743274
1181743275
1181743276
1181743277
1181743278
1181743279
1181743280
1181743281
1181743282
1181743283
1181743284
1181743285
1181743286
1181743287
1181743288
1181743289
1181743290
1181743291
1181743292
1181743293
1181743294
1181744429
1181744430
1181744431
1181744432
1181744528
1181746303
1181746304
1181746305
1181746306
1181746307
1181746308
1181746309
1181746310
1181746311
1181746312
1181746313
1181746314
1181746315
1181746316
1181746317
1181746318
1181746319
1181746320
1181746321
1181746322
1181747972
1181747973
1181747974
1181747975
1181747976
1181747977
1181747978
1181748431
1181748432
1181748433
1181748434
1181748435
1181748436
1181748437
1181948689
1181948690
1181948691
1181948692
1181948693
1181948694
1181969615
1181969616
1181969617
1181969618
1181969619
1181969620
1181969621
1181969622
1181969623
1181969624
1181969625
1181969626
1181971421
1181971422
1181971423
1181971424
1181971425
1181971426
1181971427
1181971428
1181971429
1181971430
1181971431
1181971432
1181971433
1181971434
1181971435
1181971436
1181971437
1181971438
1181971439
1181971440
1181971441
1181971442
1181971443
1182179526
1182179527
1182179528
1182179529
1182179530
1182179531
1182179532
1182179533
1182179534
1182179535
1182179536
1182179537
1182179538
1182179539
1182179540
1182179541
1182179542
1182179543
1182179544
1182179545
1182179546
1182179547
1182180490
1182180491
1182180492
1182180493
1182180494
1182180495
1182180496
1182180497
1182180498
1182180499
1182180500
1182180501
1182180502
1182180503
1182180504
1182180505
1182180506
1182180507
1182180508
1182180509
1182180510
1182181056
1182181057
1182181058
1182181059
1182181060
1182181061
1182181062
1182181063
1182181064
1182181065
1182181066
1182181067
1182181068
1182181069
1182181070
1182181071
1182181072
1182181073
1182181074
1182181075
1182181076
1182181077
1182181078
1182181079
1182181080
1182181081
1182181082
1182181083
1182181084
1182181873
1182181874
1182181875
1182181876
1182181877
1182181878
1182181879
1182181880
1182181881
1182181882
1182181883
1182181884
1182181885
1182181886
1182181887
1182181888
1182182580
1182182581
1182182582
1182182583
1182182584
1182182585
1182182586
1182182587
1182182588
1182182589
1182182590
1182182591
1182182592
1182182593
1182182594
1182182595
1182182596
1182182597
1182182598
1182182599
1182182600
1182182601
1182182602
1182182603
1182182604
1182182605
1182182606
1182182607
1182182608
1182182609
1182183130
1182183131
1182183132
1182183133
1182183134
1182183135
1182183136
1182406824
1182681084
1182681085
1182681086
1182681087
1182681088
1182681089
1182681090
1182681091
1182681092
1182681093
1182681094
1182681095
1182681096
1182681097
1182681098
1182681099
1182681100
1182682049
1182682050
1182682051
1182682052
1182682053
1182682054
1182682055
1182682056
1182682057
1182682058
1182682059
1182682060
1182682061
1182682062
1182682063
1182682064
1182682065
1182682066
1182682067
1182682068
1182682069
1182682070
1182682071
1182682072
1182682073
1182682152
1182682153
1182828866
1182828867
1182828868
1182828869
1182828870
1182828871
1182828872
1182828873
1182828874
1182828875
1182828876
1182828877
1182828878
1182828879
1182828880
1182828881
1182828882
1182828883
1182828884
1182828885
1182828886
1182828887
1182828888
1182828889
1182833392
1182833393
1182833394
1182833395
1182833396
1182833397
1182833398
1182833399
1182833400
1182833401
1182833402
1182833403
1182833404
1182833405
1182833406
1182833407
1182833408
1182833409
1182833410
1182833411
1182833412
1182833413
1182833414
1182833415
1182833416
1182833417
1182833418
1182833419
1182833420
1182833421
1182833422
1182833423
1182833424
1182833425
1182833426
1182833427
1182833428
1182833429
1182833430
1182833431
1182833927
1182833928
1182833929
1182833930
1182833931
1182833932
1182833933
1182833934
1182833935
1182833936
1182833937
1182833938
1182833939
1182833940
1182833941
1182833942
1182833943
1182833944
1182833945
1182833946
1182833947
1182833948
1182833949
1182833950
1182833951
1182833952
1182833953
1182833954
1182833955
1182833956
1183327173
1183327174
1183327175
1183327176
1183327177
1183327178
1183327179
1183327180
1183327181
1183327182
1183327183
1183327184
1183327185
1183327186
1183327187
1183327188
1183327189
1183327190
1183327191
1183327192
1183327193
1183327574
1183327575
1183608486
1183608487
1183608488
1183608489
1183608490
1183608491
1183608492
1183608493
1183608494
1183608495
1183608496
1183609481
1183609482
1183609483
1183609484
1183609485
1183609486
1183609487
1183615083
1183615084
1183615085
1183615086
1183615087
1183615088
1183615089
1183615090
1183615091
1183615092
1183615093
1183615094
1183615095
1184134175
1184134176
1184134177
1184134178
1184134179
1184134180
1184134181
1184134182
1184134183
1184134184
1184134185
1184134186
1184134187
1184134188
1184134189
1184134190
1184134191
1184134192
1184134193
1184134194
1184134195
1184134196
1184134197
1184134198
1184134199
1184134200
1184134201
1184134202
1184134203
1184134204
1184134205
1184134206
1184134207
1184134208
1184134209
1184134210
1184134211
1184134212
1184134213
1184134214
1184137503
1184137504
1184137505
1184137506
1184137507
1184137508
1184137509
1184137510
1184137511
1184137512
1184137513
1184137514
1184137515
1184137516
1184137517
1184137518
1184137519
1184137520
1184137521
1184137522
1184137523
1184137524
1184137525
1184137526
1184137527
1184137528
1184137529
1184137530
1184137531
1184137532
1184137533
1184137534
1184137535
1184139627
1184139628
1184139629
1184139630
1184139631
1184139632
1184139633
1184139634
1184139635
1184139636
1184139637
1184139638
1184139639
1184139640
1184139641
1184150024
1184150025
1184150026
1184150027
1184150028
1184150029
1184150030
1184150031
1184150032
1184150033
1184150034
1184150035
1184150036
1184150037
1184150038
1184150039
1184150040
1184150041
1184150042
1184150043
1184150044
1185364890
1185364891
1185364892
1185364893
1189854690
1189856638
1195615358
1195615365
1198814705
1198814706
1198814707
1198814708
1198814709
1198816727
1200310052
1203934639
1204019150
1204045151
1204084623
1205154198
1205155312
1205155313
1205155314
1205155315
1205155316
1205155317
1205155318
1205155319
1205155320
1205481237
1205481238
1205481239
1205484588
1205487229
1205487230
1205487231
1205487232
1208116424
1208266845
1210016342
1210016343
1210016344
1210016345
1210016346
1210016347
1210764463
1210764464
1210764465
1210764466
1210764467
1210764468
1210764469
1210764470
1210764471
1210764472
1210764473
1212262160
1212262161
1212262162
1212262163
1212262164
1212262165
1212262166
1212262167
1212262168
1212262169
1212262170
1212262171
1212262172
1212262173
1212262174
1212262175
1212262176
1212262177
1212262178
1212262179
1212262180
1212597756
1212603391
1212662919
1212662920
1212755615
1212755616
1212755617
1212757324
1212758072
1212780485
1212780486
1212781998
1212781999
1212782000
1212782001
1212783238
1212783239
1212794095
1212795223
1212795400
1212795401
1212802950
1212802951
1212804465
1212804466
1212825150
1212829355
1212830136
1212830137
1212832044
1212832694
1212836120
1212836121
1212836122
1212836123
1212838161
1212838162
1212838163
1212838164
1212838796
1212839010
1212839396
1212839397
1212839398
1212839399
1212839400
1212839401
1212839402
1212839403
1212840160
1212840161
1212840162
1212840927
1212840928
1212840929
1212840930
1212840931
1212840932
1212840933
1212840999
1212842877
1212842878
1212843141
1212843416
1212843417
1212845428
1212845429
1212845430
1212845431
1213097863
1213247736
1213247737
1213247738
1213248114
1213248236
1213248408
1213248861
1213248862
1213248863
1213406291
1213406292
1213406589
1213406590
1213406591
1213406999
1213407478
1213407479
1213407480
1213407481
1213407482
1213540732
1213540733
1213540734
1213540735
1213540736
1213540737
1213540738
1213541097
1213541098
1213541099
1213541100
1213541101
1213541102
1213541103
1213541104
1213541105
1213541304
1213541305
1214328125
1214329160
1214329161
1214329162
1214329163
1214329164
1214329165
1214329166
1214329167
1214329168
1214329169
1214329170
1214329171
1214329993
1214329994
1214330612
1214363196
1214363197
1214363198
1214366958
1214366959
1214366960
1214366961
1214366962
1214366963
1214366964
1214368569
1214368570
1214368571
1214368572
1214370302
1214370303
1214370304
1214370305
1214370306
1214370307
1214370308
1214370309
1214370516
1214370885
1214372634
1214373032
1214373033
1214373149
1214374118
1214374119
1214376492
1214395873
1214395874
1214535897
1214536400
1214536401
1214536402
1214536403
1214536404
1214536405
1214536406
1214536407
1214540170
1214556307
1214556308
1214558236
1214559289
1214559290
1214559291
1214559292
1214559423
1214559424
1214563737
1214563738
1214563739
1214563740
1214563741
1214563742
1214565653
1214565654
1214565655
1214565656
1214565657
1214565658
1214565890
1214565891
1214568283
1214568284
1214570047
1214570048
1214570049
1214570050
1214571004
1214571005
1214571755
1214571756
1214571757
1214573359
1214573704
1214573705
1214573706
1214573707
1214573708
1214573709
1214573710
1214573711
1214574080
1214630209
1214899005
1214903378
1214903379
1214903380
1214904892
1215121701
1215343109
1215343110
1215343111
1215343112
1215343113
1215564152
1215564153
1215564474
1215564683
1215564684
1215565224
1215565225
1215565681
1215565682
1215572424
1215572425
1215572661
1215572838
1215572839
1215591008
1215629221
1215629222
1215631979
1215631980
1215631981
1215661918
1215736504
1215847712
1215847713
1215847714
1215847715
1215847716
1215847717
1215847718
1215847719
1215849139
1215849576
1215862889
1215862890
1215862891
1215863132
1215863133
1215863134
1215863533
1215863534
1215863815
1215863816
1215864701
1215866130
1215866131
1215866511
1215866512
1215866513
1216026340
1216026341
1216026624
1216027290
1216027291
1216028011
1216028012
1216028372
1216028373
1216029105
1216030616
1216030617
1216030618
1216030619
1216030620
1216032356
1216032357
1216032358
1216032359
1216032360
1216032361
1216032362
1216032363
1216032364
1216032365
1216035923
1216035924
1216037576
1216041950
1216071649
1216071650
1216073222
1217422406
1217422407
1217422408
1217422409
1218077954
1219888299
1219955437
1219955438
1220125667
1222715821
1222715822
1222715823
1222715824
1222715825
1222715826
1222715827
1222717172
1222717173
1222717174
1222717175
1222717176
1222717177
1222717178
1222717179
1222717180
1222717181
1222720460
1222723221
1222723222
1222723223
1222723224
1222723225
1222723226
1222772067
1222773090
1222776513
1222776514
1222776515
1222776516
1222776517
1222777212
1222777213
1222777214
1222777215
1222777216
1222777217
1222777218
1222777219
1222778931
1222778932
1222778933
1222778934
1222778935
1222778936
1222778937
1222778938
1222778939
1222778940
1222778941
1222778942
1222780042
1222780043
1222780044
1222780045
1222780046
1222780047
1222780048
1222780049
1222780842
1222780843
1222780844
1222780845
1222780846
1222780847
1222780848
1222780849
1222780850
1222783864
1222783865
1222783866
1222783867
1222783868
1222783869
1222783870
1222783871
1222783872
1222783873
1222783874
1222783875
1222783876
1222783877
1222783878
1222783879
1222783880
1222783881
1222783882
1222783883
1222783884
1222783885
1222783886
1222783887
1222783888
1222783889
1222783890
1222783891
1222783892
1222783893
1222783894
1222783895
1222783896
1222783897
1222783898
1222784506
1222784507
1222784508
1222784509
1222784510
1222784511
1222784512
1222784513
1222784514
1222784515
1222784516
1222784517
1222784518
1222784519
1222784520
1222789034
1222789035
1222789036
1222789037
1222792775
1222792776
1222792777
1222792778
1222792779
1222792780
1222792781
1222792782
1222792783
1222792784
1222792785
1222792786
1222792787
1222792788
1222792789
1222792790
1222792791
1222792792
1222792793
1222792794
1222792795
1222792796
1222792797
1222792798
1222792799
1222793995
1222793996
1222794302
1222794795
1222794796
1222800087
1222800088
1222800089
1222800090
1222800091
1222800092
1222800093
1222800094
1222800095
1222800096
1222800097
1222800098
1222800099
1222800100
1222800101
1222800102
1222800103
1222800104
1222800105
1222800106
1222800107
1222800108
1222800109
1222800110
1222800111
1222800112
1223086705
1223086706
1223152156
1223152157
1223152158
1223152159
1223152160
1223152161
1223152162
1223152163
1223152164
1223152165
1223152166
1223152167
1223152168
1223152169
1223152170
1223152171
1223152172
1223152173
1223152174
1223152175
1223152176
1223152177
1223152178
1223152179
1223152180
1223152181
1223152182
1223152183
1223152184
1223152185
1223152186
1223152187
1223152188
1223152189
1223152190
1223152191
1223152192
1223152193
1223152194
1223152195
1223152196
1223152197
1223152198
1223152199
1223155712
1223155713
1223155714
1223155715
1223155716
1223155717
1223212447
1223212448
1223212449
1223212450
1223212451
1223212452
1223212453
1223212454
1223212455
1223212456
1223212457
1223212458
1223212459
1223212460
1223212461
1223212462
1223212463
1223212464
1223212465
1223212466
1223212467
1223212468
1223212469
1223212470
1223212471
1223212472
1223212473
1223212474
1223212475
1223212476
1223212477
1223212478
1223212479
1223212480
1223212481
1223212482
1223212483
1223212484
1223212485
1223212486
1223212487
1223212488
1223212489
1223212490
1223212491
1223212492
1223213333
1223213334
1223213335
1223213336
1223213337
1223213338
1223213339
1223213340
1223213341
1223213342
1223213343
1223213344
1223213345
1223213346
1223213347
1223213348
1223213349
1223213350
1223213351
1223213352
1223213353
1223213354
1223213355
1223213356
1223213357
1223213358
1223213359
1223213360
1223213361
1223213362
1223213363
1223213364
1223213365
1223213366
1223213367
1223213368
1223213369
1223213370
1223213371
1223213372
1223213373
1223213374
1223213375
1223213376
1223213377
1223213378
1223213379
1223213380
1223213381
1223213382
1223213383
1223213384
1223213385
1223213386
1223213387
1223213388
1223213389
1223213390
1223213391
1223213392
1223213393
1223213394
1223213395
1223213396
1223213397
1223213398
1223213399
1223213400
1223213401
1223213402
1223213403
1223213404
1223213405
1223213406
1223213407
1223213408
1223213409
1223213410
1223213411
1223213412
1223213413
1223213414
1223213415
1223213416
1223213417
1223213418
1223213419
1223213420
1223213421
1223215196
1223215197
1223215198
1223215199
1223215200
1223215201
1223215202
1223215203
1223215204
1223215205
1223215206
1223215207
1223215208
1223215209
1223215210
1223215211
1223215212
1223215213
1223215214
1223215215
1223215216
1223215217
1223215218
1223215219
1223215220
1223215221
1223215222
1223215223
1223215224
1223215225
1223215226
1223215227
1223215228
1223215229
1223215230
1223215231
1223215232
1223215233
1223215234
1223215235
1223215236
1223215237
1223215238
1223215239
1223215240
1223215241
1223215242
1223215243
1223215244
1223215245
1223215246
1223215247
1223215248
1223215249
1223215250
1223215251
1223215252
1223215253
1223215254
1223215255
1223215256
1223215257
1223215258
1223215259
1223215260
1223215261
1223215262
1223215263
1223215264
1223215265
1223215266
1223217401
1223217402
1223217403
1223217404
1223217405
1223217406
1223395915
1223395916
1223395917
1223395918
1223395919
1223395920
1223395921
1223395922
1223395923
1223395924
1223395925
1223395926
1223395927
1223395928
1223395929
1223395930
1223395931
1223395932
1223395933
1223395934
1223395935
1223395936
1223395937
1223395938
1223395939
1223395940
1223395941
1223395942
1223395943
1223395944
1223395945
1223395946
1223395947
1223395948
1223395949
1223395950
1223395951
1223395952
1223395953
1223395954
1223395955
1223395956
1223395957
1223395958
1223395959
1223395960
1223395961
1223395962
1223395963
1223395964
1223396498
1223396499
1223396500
1223396501
1223396502
1223396503
1223396504
1223396505
1223396506
1223396507
1223396508
1223396509
1223396510
1223396511
1223396512
1223396513
1223396514
1223396515
1223396516
1223396517
1223396518
1223396519
1223396520
1223396521
1223396522
1223396523
1223396524
1223396525
1223396526
1223396527
1223396528
1223396529
1223396530
1223396531
1223396532
1223396533
1223396534
1223396535
1223396536
1223396537
1223396538
1223396539
1223396540
1223396541
1223397219
1223397220
1223397221
1223397222
1223397223
1223397224
1223397225
1223397226
1223397227
1223397228
1223397229
1223397230
1223397231
1223397232
1223397233
1223397234
1223397235
1223397236
1223397237
1223397238
1223397239
1223397240
1223397241
1223397242
1223397243
1223397244
1223397245
1223397246
1223397247
1223397248
1223397249
1223397250
1223397251
1223397252
1223397253
1223399329
1223399330
1223399331
1223399332
1223399333
1223399334
1223399335
1223399336
1223399337
1223399338
1223399339
1223399340
1223399341
1223399342
1223399343
1223399344
1223399345
1223399346
1223399347
1223399348
1223399349
1223399350
1223399351
1223399352
1223399353
1223399354
1223399355
1223399356
1223399357
1223399358
1223399359
1223399360
1223399361
1223399362
1223399363
1223399364
1223399365
1223399366
1223399367
1223399368
1223399369
1223399370
1223399371
1223399372
1223399373
1223399374
1223399375
1223399376
1223399377
1223399378
1223399379
1223399380
1223399381
1223399382
1223399383
1223399384
1223399385
1223399386
1223399387
1223399388
1223399657
1223399658
1223399659
1223399660
1223399661
1223399662
1223399663
1223408538
1223408539
1223408540
1223408541
1223408542
1223408543
1223408544
1223408545
1223408546
1223408547
1223408548
1223408549
1223408550
1223408551
1223408552
1223408553
1223408554
1223408555
1223408556
1223408557
1223715099
1223715100
1223715101
1223715102
1223715103
1223715104
1223715105
1223715106
1223715107
1223715108
1223715109
1223715110
1223715111
1223715112
1223715113
1223715114
1223715115
1223715116
1223715117
1223715118
1223715119
1223715120
1223715121
1223715122
1223715123
1223715124
1223715125
1223715126
1223715127
1223716551
1223716552
1223716553
1223716554
1223716555
1223716556
1223716557
1223716558
1223716559
1223716560
1223716561
1223716562
1223716563
1223716564
1223716565
1223716566
1223716567
1223716568
1223716569
1223716570
1223716571
1223716572
1223716573
1223716574
1223716575
1223716576
1223716577
1223716578
1223716579
1223716580
1223716581
1223716582
1223716583
1223716584
1223716585
1223716586
1223716587
1223716588
1223716589
1223716590
1223716591
1223716592
1223716593
1223716594
1223724994
1223724995
1223724996
1223724997
1223724998
1223724999
1223725000
1223725001
1223725002
1223725003
1223725004
1223725005
1223725006
1223725007
1223725008
1223725009
1223725010
1223725011
1223725012
1223725013
1223725014
1223725015
1223725016
1223725017
1223725018
1223725019
1223725020
1223725021
1223725022
1223725023
1223725024
1223725025
1223725026
1223725027
1223725028
1223725029
1223725030
1223725031
1223725032
1223725033
1223725034
1223725035
1223725036
1223725037
1223725038
1223725039
1223725040
1223725041
1223725042
1223725043
1223725044
1223725045
1223725046
1223725047
1223725048
1223725049
1223725050
1223725051
1223725052
1223725053
1223725875
1223725876
1223725877
1223725878
1223725879
1223725880
1223725881
1223725882
1223725883
1223725884
1224443439
1224443440
1224443441
1224443442
1224443443
1224443444
1224443445
1224443446
1224443447
1224443448
1224443449
1224443450
1224443451
1224443452
1224443453
1224443454
1224443455
1224443456
1224443457
1224443458
1224443459
1224444692
1224444693
1224444694
1224444695
1224444696
1224444697
1224444698
1224444699
1224444700
1224444701
1224444702
1224444703
1224444704
1224444705
1224444706
1224444707
1224444708
1224444709
1224444710
1224444711
1224444712
1224444713
1224444714
1224444715
1224445106
1224445107
1224445108
1224445109
1224445110
1224445111
1224445112
1224445113
1224445114
1224445115
1224445116
1224445117
1224445118
1224445119
1224445120
1224445121
1224445122
1224445123
1224445124
1224445125
1224445126
1224445127
1224445128
1224445129
1224445130
1224445131
1224445132
1224445133
1224449083
1224449084
1224449085
1224449086
1224449087
1224449088
1224449089
1224449090
1224449091
1224449092
1224449093
1224449094
1224449095
1224449096
1224449097
1224449098
1224449099
1224449100
1224449101
1224449102
1224449103
1224449104
1224449105
1224449106
1224449107
1224449108
1224449109
1224449110
1224449111
1224449112
1224449113
1224449114
1224449115
1224449116
1224449117
1224449118
1224449119
1224449120
1224449121
1224449122
1224449123
1224449124
1224449125
1224450470
1224450471
1224450472
1224450473
1224450474
1224450475
1224450476
1224450477
1224450478
1224450479
1224450480
1224450481
1224450482
1224450483
1224450484
1224450485
1224450486
1224450487
1224450488
1224450489
1224450490
1224450491
1224450492
1224450493
1224450494
1224450495
1224450496
1224450497
1224450498
1224450499
1224450500
1224450501
1224450502
1224450503
1224450504
1224450505
1224450506
1224450507
1224452742
1224452743
1224452744
1224452745
1224452746
1224452747
1224452748
1224452749
1224452750
1224452751
1224452752
1224452753
1224452754
1224452755
1224452756
1224452757
1224452758
1224452759
1224452765
1224452766
1224452767
1224452768
1224452769
1224452770
1224454319
1224454320
1224454321
1224454322
1224454323
1224454324
1224454325
1224454326
1224454327
1224454328
1224454329
1224454331
1224454332
1224454333
1224454334
1224454335
1224454336
1224454337
1224454338
1224454339
1224454340
1224454341
1224706062
1224706063
1224706064
1224706065
1224706066
1224706067
1224706068
1224706069
1224706070
1224706071
1224706072
1224706073
1224706074
1224706075
1224706076
1224706077
1224706078
1224706079
1224706080
1224706081
1224706082
1224706083
1224706084
1224706085
1224706086
1224706087
1224706088
1224706089
1224706090
1224706091
1224706092
1224706093
1224706571
1224706572
1224706573
1224706574
1224706575
1224706576
1224706577
1224706578
1224706579
1224706580
1224706581
1224706582
1224706583
1224706584
1224706585
1224706586
1224706587
1224706588
1224706589
1224706590
1224706591
1224706592
1224706593
1224706594
1224706595
1224706596
1224706597
1224706598
1224706599
1224706600
1224706601
1224706602
1224706603
1224706604
1224706605
1224706606
1224706607
1224706608
1224706609
1224706610
1224706611
1224706612
1224706613
1224706614
1224706615
1224706616
1224706617
1224706618
1224706619
1224706620
1224706621
1224706622
1224706623
1224706624
1224706625
1224706626
1224706627
1224706628
1224706629
1224706630
1224706631
1224706632
1224706633
1224706634
1224707026
1224707027
1224707028
1224707029
1224707030
1224707031
1224707032
1224707033
1224707034
1224707035
1224707036
1224707037
1224707038
1224707039
1224707040
1224707041
1224707042
1224707043
1224707044
1224707045
1224707046
1224707047
1224707048
1224707049
1224707050
1224707051
1224707052
1224707053
1224707054
1224707055
1224707056
1224707057
1224707058
1224707059
1224707060
1224707061
1224707062
1224707063
1224707064
1224707065
1224707066
1224707067
1224707068
1224707069
1224707070
1224707071
1224707072
1224707073
1224707074
1224707075
1224707708
1224707709
1224707710
1224707711
1224707712
1224707713
1224707714
1224707715
1224707716
1224707717
1224707718
1224707719
1224707720
1224707721
1224707722
1224707723
1224707724
1224707725
1224707726
1224707727
1224707728
1224707729
1224707730
1224707731
1224707732
1224707733
1224707734
1224707735
1224707736
1224707737
1224707738
1224707739
1224707740
1224707741
1224707742
1224707743
1224707744
1224708110
1224708111
1224708112
1224708113
1224708114
1224708115
1224708116
1224708117
1224708118
1224708119
1224708709
1224708710
1224708711
1224708712
1224708713
1224708714
1224708715
1224708716
1224708717
1224708718
1224708719
1224708720
1224708721
1224708722
1224708723
1224708724
1224708725
1224708726
1224708727
1224708728
1224708729
1224708730
1224708731
1224708732
1224708733
1224708734
1224708735
1224708736
1224708737
1224708738
1224708739
1224708740
1224708741
1224708742
1224708743
1224708744
1224709653
1224709654
1224709655
1224709656
1224709657
1224709658
1224709659
1224709660
1224709661
1224709662
1224709663
1224709664
1224709665
1224709666
1224709667
1224709668
1224709669
1224709670
1224709671
1224709672
1224709673
1224709674
1224709675
1224709676
1224709677
1224709678
1224709679
1224709680
1224709681
1224709682
1224709683
1224709684
1224709685
1224709686
1224709687
1224709688
1224709689
1224709690
1224709691
1224709692
1224709693
1224940412
1224959180
1224959181
1224959182
1224959183
1224959184
1224959185
1224959186
1224959187
1224959188
1224959189
1224959190
1224959191
1224959192
1224959193
1224959194
1224959195
1224959196
1224959197
1224959198
1224959199
1224959200
1224959201
1224959202
1224959203
1224959204
1224959205
1224959206
1224959207
1224959208
1224959209
1224959210
1224959211
1224960061
1224960062
1224960063
1224960064
1224960065
1224960066
1224960067
1224960068
1224960069
1224960070
1224960071
1224960072
1224960073
1224960074
1224960075
1224960076
1224960077
1224960078
1224960079
1224960080
1224960081
1224960082
1224960083
1224960084
1224960085
1224960086
1224960087
1224960088
1224960089
1224960090
1224960091
1224960092
1224960093
1224960094
1224960095
1224960096
1224960097
1224960098
1224960099
1224960100
1224960101
1224960102
1224960103
1224960104
1224960105
1224960106
1224960107
1224960108
1224960109
1224960110
1224960111
1224960112
1224960113
1224960114
1224960115
1224960116
1224960117
1224960118
1224960119
1224960120
1224960121
1224960122
1224960123
1224960124
1224960343
1224960344
1224960345
1224960346
1224960347
1224960348
1225214801
1225214802
1225214803
1225214804
1225214805
1225214806
1225214807
1225214808
1225217964
1225217965
1225217966
1225217967
1225217968
1225217969
1225221433
1225221434
1225371563
1225371564
1225371565
1225371566
1225371567
1225371568
1225371569
1225371570
1225371571
1225371572
1225371573
1225371574
1225371575
1225371576
1225371577
1225371578
1225371579
1225371580
1225371581
1225371582
1225371583
1225371584
1225371585
1225371586
1225371587
1225371588
1225371589
1225371590
1225371591
1225371592
1225371593
1225371594
1225371595
1225371596
1225371597
1225371838
1225371839
1225371840
1225371841
1225371842
1225371843
1225371844
1225371845
1225371846
1225371847
1225371848
1225371849
1225371850
1225371851
1225371852
1225371853
1225371854
1225371855
1225371856
1225371857
1225372182
1225372183
1225372184
1225372185
1225372186
1225372187
1225372188
1225372189
1225372190
1225372191
1225372192
1225372193
1225372194
1225372195
1225372196
1225372197
1225372198
1225372199
1225372200
1225372201
1225372202
1225372203
1225372204
1225372205
1225372206
1225372207
1225372208
1225372209
1225372210
1225372211
1225372212
1225372213
1225372214
1225372215
1225372216
1225372217
1225372218
1225372219
1225372220
1225372221
1225372222
1225372223
1225373232
1225373233
1225373234
1225373235
1225373236
1225373237
1225373238
1225373239
1225373240
1225373241
1225373242
1225373243
1225373244
1225373245
1225373246
1225373247
1225373248
1225373249
1225373250
1225373251
1225373252
1225373253
1225373254
1225373255
1225373256
1225373257
1225373258
1225373259
1225373260
1225373261
1225373262
1225373263
1225373264
1225373265
1225373266
1225373267
1225373268
1225373269
1225373270
1225373271
1225373272
1225373273
1225373274
1225373275
1225373276
1225373277
1225373278
1225373279
1225373280
1225373281
1225373282
1225373283
1225373284
1225373285
1225373286
1225373287
1225373288
1225373289
1225373290
1225373291
1225373292
1225373293
1225373294
1225373295
1225374015
1225374016
1225598383
1225598384
1225598385
1225598386
1225598387
1225598388
1225598389
1225598390
1225598391
1225598392
1225598393
1225598394
1225598395
1225598396
1225598397
1225598398
1225598399
1225598400
1225598401
1225598402
1225598403
1225598404
1225598405
1225598406
1225598407
1225598408
1225598409
1225598410
1225598411
1225598412
1225598413
1225598414
1225598415
1225598416
1225598417
1225598418
1225598419
1225598420
1225598421
1225598422
1225598638
1225598639
1225598640
1225598641
1225598642
1225598643
1225598644
1225598645
1225598646
1225598647
1225598648
1225598649
1225598650
1225598651
1225598652
1225598653
1225598654
1225598655
1225598656
1225598657
1225598658
1225598659
1225598660
1225598661
1225598662
1225598663
1225599667
1225599668
1225599669
1225599670
1225599671
1225599672
1225599673
1225599674
1225599675
1225599676
1225599677
1225599678
1225599679
1225599680
1225599681
1225599682
1225599683
1225599684
1225599685
1225599686
1225603116
1225603117
1225603118
1225603119
1225603120
1225603121
1225603122
1225603123
1225604031
1225604032
1225604033
1225604034
1225604035
1225604036
1225604382
1225604383
1225604384
1225604385
1225604386
1225604387
1225604388
1225604389
1225604390
1225604391
1225604392
1225604393
1225604394
1225604395
1225604396
1225604397
1225604398
1225604399
1225604400
1225604401
1225604402
1225604403
1225604404
1225604405
1225604406
1225606240
1225606241
1225606242
1225606243
1225606244
1225606245
1225606246
1225606247
1225606248
1225606249
1225606250
1226128601
1226128602
1226128603
1226128604
1226128605
1226128606
1226128607
1226128608
1226128609
1226128610
1226128611
1226128612
1226128613
1226128614
1226128615
1226128616
1226128617
1226128618
1226128619
1226128620
1226128621
1226128622
1226128623
1226130265
1226130266
1226130267
1226130268
1226132192
1226132193
1226132194
1226134156
1226134157
1226134158
1226134159
1226134160
1226134161
1226134162
1226134163
1226134164
1226134165
1226134166
1226134167
1226134168
1226134169
1226134170
1226135504
1226135505
1226135506
1226135507
1226135508
1226135509
1226135510
1226135511
1226135512
1226135513
1226135514
1226135515
1226135516
1226135517
1226135518
1226135519
1226135520
1226135521
1226135522
1226135523
1226135524
1226135525
1226135526
1226135527
1226135528
1226135529
1226135530
1226135531
1226135532
1226135533
1226135534
1226135535
1226676912
1226676913
1226676914
1226676915
1226676916
1226676917
1226676918
1226937778
1226937779
1226937780
1226937781
1226937782
1226937783
1226937784
1226937785
1226937786
1226937787
1226937788
1226937789
1226937790
1226937791
1226937792
1226937793
1226937794
1226937795
1226937796
1226938388
1226938389
1226938390
1226938391
1226938392
1226938393
1226938394
1226938395
1226938396
1226938397
1226938398
1226938399
1226938400
1226938401
1226938402
1226938403
1226938404
1226938405
1226938406
1226938407
1226938408
1226938409
1226938410
1226938411
1227105838
1227105839
1227105840
1227105841
1227105842
1227105843
1227105844
1227105845
1227105846
1227105847
1227105848
1227105849
1227105850
1227105851
1227105852
1227105853
1227105854
1227105855
1227105856
1227105857
1227105858
1227105859
1227105860
1227110261
1227110262
1227110263
1227110264
1227110265
1227110266
1227110267
1227110268
1227110269
1227110270
1227110271
1227110272
1227110273
1227110274
1227110275
1227110276
1227110277
1227110278
1227110279
1227110280
1227110281
1227110282
1227110283
1227110284
1227110285
1227111760
1227111761
1227111762
1227111763
1227111764
1227111765
1227111766
1227111767
1227111768
1227111769
1227111770
1227111771
1227111772
1227111773
1227111774
1227111775
1227111776
1227111777
1227111778
1227111779
1227111780
1227111781
1227111782
1227111783
1227111784
1227111785
1227111786
1227111787
1227111788
1227111789
1227111790
1227111791
1227111792
1227111793
1227111794
1227111795
1227111796
1227111797
1227111798
1227111799
1227111800
1227111801
1227111802
1227111803
1227111804
1227115087
1227115088
1227115089
1227115090
1227115091
1227115141
1227115142
1227115143
1227115144
1227115145
1227115146
1227115147
1227115148
1227115149
1227115150
1227115151
1227115152
1227115153
1227115154
1227115155
1227115156
1227115157
1227116066
1227116067
1227116068
1227116069
1227116070
1227116071
1227116072
1227116073
1227116074
1227116075
1227116076
1227116077
1227116078
1227116079
1227116080
1227116081
1227116082
1227116083
1227302060
1227302061
1227302062
1227302063
1227302064
1227302065
1227302066
1227302067
1227302068
1227302069
1227302070
1227302071
1227302072
1227302073
1227302074
1227302075
1227302076
1227302077
1227302078
1227302079
1227302080
1227302081
1227302082
1227302083
1227302084
1227302085
1227302086
1227302087
1227302088
1227302089
1227302090
1227302091
1227302092
1227302093
1227302094
1227302095
1227302096
1227302097
1227302098
1227302099
1227302100
1227302101
1227302102
1227302103
1227302104
1227302105
1227302106
1227302107
1227302108
1227305198
1227305199
1227305200
1227305201
1227305202
1227305203
1227305204
1227305205
1227305206
1227305207
1227305208
1227305209
1227305210
1227305211
1227305212
1227305213
1227305214
1227305215
1227305216
1227305217
1227305218
1227305219
1227305220
1227305221
1227305222
1227305223
1227305224
1227305225
1227305226
1227305227
1227305228
1227305229
1227305230
1227305231
1227305232
1227305233
1227305234
1227305235
1227305236
1227305237
1227305238
1227305239
1227305240
1227305241
1227305242
1227305243
1227305244
1227305245
1227305246
1227305247
1227305248
1227305249
1227305250
1227305251
1227311337
1227311338
1227311339
1227311340
1227311341
1227530813
1227734001
1227734002
1227734003
1227736507
1227736508
1227736509
1227736510
1227736511
1227736512
1227736513
1227736514
1227736515
1227736516
1227736517
1227736518
1227736519
1227736520
1227736521
1227736522
1227737221
1227737222
1227737223
1227737224
1227737225
1227737226
1227737227
1227737228
1227737229
1227737230
1227737231
1227737232
1227737233
1227737234
1227737235
1227737236
1227737237
1227737238
1227737239
1227737240
1227737241
1227737242
1227737243
1227737244
1227737245
1227737246
1227737247
1227737248
1227737249
1227737250
1227737251
1227737252
1227992473
1228105062
1228105063
1228105064
1228105065
1228105066
1228105067
1228105068
1228105069
1228105070
1228105071
1228105072
1228105073
1228105074
1228105075
1228105076
1228105077
1228105078
1228105079
1228105080
1228105081
1228105082
1228105083
1228105084
1228105085
1228105086
1228105087
1228105088
1228105089
1228105090
1228105091
1228105092
1228105093
1228105094
1228105095
1228105096
1228105097
1228105098
1228105099
1228105100
1228105101
1228105102
1228105103
1228105104
1228105105
1228105106
1228105107
1228105108
1228105109
1228105110
1228105111
1228105112
1228105113
1228105114
1228105851
1228105852
1228105853
1228105854
1228105855
1228105856
1228105857
1228105858
1228105859
1228105860
1228105861
1228105862
1228105863
1228105864
1228105865
1228105866
1228105867
1228105868
1228105869
1228105870
1228222119
1228222120
1228222121
1228222122
1228222123
1228222124
1228222125
1228222126
1228222127
1228222128
1228222129
1228222130
1228222131
1228222132
1228222133
1228222134
1228222135
1228222136
1228222137
1228222138
1228222139
1228222140
1228222141
1228222142
1228222143
1228222144
1228222145
1228222146
1228222147
1228222148
1228222149
1228222150
1228222151
1228222152
1228222626
1228222627
1228222628
1228222629
1228222630
1228222631
1228222632
1228222633
1228222634
1228222635
1228222636
1228222637
1228222638
1228222639
1228222640
1228222641
1228222642
1228222643
1228222644
1228222645
1228223105
1228223106
1228223107
1228223108
1228223109
1228223110
1228223111
1228223112
1228223113
1228223114
1228223115
1228223116
1228223117
1228223118
1228223119
1228223120
1228223121
1228223122
1228223123
1228223124
1228223125
1228223126
1228223127
1228223128
1228223129
1228223130
1228223131
1228223132
1228223133
1228223134
1228223135
1228223136
1228223137
1228223138
1228223139
1228223140
1228223141
1228223142
1228223143
1228223144
1228223145
1228223146
1228223770
1228223771
1228223772
1228223773
1228223774
1228223775
1228223776
1228223777
1228223778
1228223779
1228223780
1228223781
1228223782
1228223783
1228223784
1228223785
1228223786
1228223787
1228223788
1228223789
1228223790
1228223791
1228223792
1228223793
1228223794
1228223795
1228223796
1228223797
1228223798
1228223799
1228223800
1228223848
1228223849
1228223850
1228223851
1228223852
1228223853
1228223854
1228223855
1228223856
1228223857
1228228637
1228228638
1228228639
1228228640
1228228641
1228228643
1228228644
1228228645
1228228646
1228228647
1228228648
1228228649
1228228650
1228228651
1228228652
1228228653
1228228654
1228228655
1228228656
1228228657
1228228658
1228228659
1228228660
1228228661
1228228662
1228228663
1228228664
1228228665
1228228666
1228228667
1228228668
1228228669
1228228670
1228230047
1228230048
1228230049
1228230050
1228230051
1228230052
1228230053
1228230054
1228230055
1228230056
1228230057
1228230058
1228230059
1228230060
1228230061
1228230062
1228230063
1228230064
1228230065
1228230066
1228230067
1228230068
1228230069
1228230070
1228230071
1228230072
1228230073
1228230768
1228230769
1228230770
1228230771
1228230772
1228230773
1228230774
1228230775
1228230776
1228230777
1228230778
1228230779
1228230780
1228230781
1228230782
1228230783
1228230784
1228230785
1228230786
1228230787
1228230788
1228230789
1228230790
1228231644
1228231645
1228231646
1228231647
1228231648
1228231649
1228231650
1228231651
1228231652
1228231653
1228231654
1228231655
1228231656
1228231657
1228231658
1228231659
1228231660
1228231661
1228231662
1228231663
1228231664
1228231665
1228231666
1228231667
1228231668
1228231669
1228231670
1228231671
1228231672
1228231673
1228231674
1228231675
1228231676
1228231677
1228231678
1228231679
1228231680
1228231681
1228232625
1228232626
1228232627
1228232628
1228232629
1228232630
1228232631
1228232632
1228232633
1228232634
1228232635
1228232636
1228232637
1228232638
1228232639
1228232640
1228232653
1228232654
1228232655
1228232656
1228232657
1228232658
1228232659
1228232660
1228232661
1228232662
1228232663
1228232664
1228232665
1228232666
1228232667
1228232668
1228232669
1228232670
1228232671
1228232672
1228232673
1228232674
1228232675
1228232676
1228232677
1228232678
1228233709
1228233710
1228233711
1228233712
1228233713
1228233714
1228233715
1228233716
1228233717
1228233718
1228233719
1228233720
1228233721
1228233722
1228233723
1228233724
1228233725
1228233726
1228233727
1228233728
1228233729
1228233730
1228233731
1228233732
1228233733
1228233734
1228233735
1228233736
1228233737
1228233738
1228233739
1228233740
1228233741
1228233742
1228233743
1228233744
1228233745
1228233746
1228233747
1228233748
1228233749
1228234959
1228234960
1228234961
1228234962
1228234963
1228234964
1228234965
1228234966
1228234967
1228234968
1228234969
1228234970
1228234971
1228234972
1228234973
1228234974
1228234975
1228234976
1228234977
1228234978
1228234979
1228234980
1228234981
1228234982
1228234983
1228234984
1228234985
1228234986
1228234987
1228234988
1228234989
1228234990
1228234991
1228234992
1228234993
1228235005
1228235006
1228235007
1228235008
1228235009
1228235010
1228235011
1228235012
1228235013
1228235014
1228235015
1228235016
1228235017
1228236939
1228236940
1228236941
1228236942
1228236943
1228236944
1228236945
1228236946
1228236947
1228236948
1228236949
1228236950
1228236951
1228236952
1228236953
1228236954
1228236955
1228236956
1228236957
1228236958
1228236959
1228236960
1228236961
1228236962
1228236963
1228236964
1228236965
1228236966
1228236967
1228236968
1228236969
1228236970
1228236971
1228236972
1228236973
1228236974
1228236975
1228236976
1228236977
1228236978
1228236979
1228236980
1228236981
1228236982
1228236983
1228236984
1228236985
1228236988
1228237847
1228237848
1228237849
1228237850
1228237851
1228237852
1228237853
1228237854
1228237855
1228237856
1228237857
1228237858
1228237859
1228237860
1228237861
1228237862
1228237863
1228237864
1228237865
1228237866
1228237867
1228237868
1228237869
1228237870
1228237871
1228237872
1228237873
1228237874
1228237875
1228237876
1228237877
1228237878
1228237879
1228237880
1228237884
1228237885
1228237886
1228238412
1228238413
1228238414
1228238415
1228238416
1228238417
1228238418
1228238419
1228238420
1228238663
1228410866
1228410876
1228410877
1228410878
1228410879
1228410882
1228410883
1228410884
1228410885
1228410886
1228410887
1228410892
1228410893
1228410894
1228410895
1228412150
1228412151
1228412152
1228412153
1228412154
1228412155
1228412156
1228412157
1228412158
1228412159
1228412160
1228412161
1228412162
1228412163
1228412164
1228412165
1228412166
1228412167
1228412168
1228412169
1228412170
1228412171
1228412172
1228412173
1228412174
1228412175
1228412176
1228412177
1228412178
1228412179
1228412180
1228412181
1228412182
1228412183
1228412184
1228412941
1228412942
1228412943
1228412944
1228412945
1228412946
1228412947
1228412948
1228412949
1228412950
1228412951
1228412952
1228412953
1228412954
1228412955
1228412956
1228412957
1228412958
1228412959
1228412960
1228412961
1228412962
1228412963
1228412964
1228412965
1228412966
1228412967
1228412968
1228412969
1228412970
1228414300
1228414301
1228414302
1228414303
1228414304
1228414305
1228414306
1228414307
1228414308
1228414309
1228414310
1228414311
1228414312
1228414313
1228414314
1228414315
1228414316
1228414323
1228414324
1228414325
1228414326
1228414327
1228414328
1228414329
1228414330
1228414331
1228414332
1228414333
1228414334
1228414335
1228414336
1228414337
1228414338
1228414339
1228414340
1228414341
1228414342
1228415982
1228415983
1228415984
1228415985
1228415986
1228415987
1228415988
1228415989
1228415990
1228415991
1228415992
1228415993
1228415994
1228415995
1228415996
1228415997
1228415998
1228415999
1228416000
1228416001
1228416002
1228416003
1228416004
1228416005
1228416006
1228416007
1228416008
1228416009
1228416010
1228416011
1228416012
1228416013
1228416014
1228416017
1228416018
1228416759
1228416760
1228416761
1228416762
1228416763
1228416764
1228416765
1228416766
1228416767
1228416768
1228416769
1228416770
1228417776
1228417777
1228417778
1228417779
1228417780
1228417781
1228417782
1228417783
1228417784
1228417785
1228417786
1228417787
1228417788
1228417789
1228417790
1228417791
1228417792
1228417793
1228417794
1228417795
1228417796
1228417797
1228417798
1228417799
1228417800
1228417801
1228418727
1228418728
1228418729
1228418730
1228418731
1228418732
1228418733
1228418734
1228418735
1228418736
1228418737
1228418738
1228418739
1228418740
1228418741
1228582699
1228582700
1228582701
1228582702
1228582703
1228582704
1228582705
1228582707
1228584003
1228584004
1228584005
1228584006
1228584007
1228584008
1228584009
1228584010
1228584011
1228584012
1228584013
1228584014
1228586028
1228586029
1228586030
1228586031
1231513304
1231513305
1231513306
1231513307
1231513308
1231513309
1231513310
1231513311
1232846137
1232846138
1233241400
1233241401
1233241402
1233241403
1233241404
1233241405
1233241406
1233241407
1233241408
1233241409
1233241410
1233241411
1233241412
1233241413
1233241414
1233241415
1233241416
1233241417
1233241418
1233241419
1233241420
1233241421
1233241422
1233241423
1233241424
1233241425
1233242247
1233242248
1233242249
1233242250
1233242251
1233242252
1233242253
1233242254
1233242255
1233242256
1233242257
1233242258
1233242259
1233242260
1233242261
1233242262
1233242263
1233242264
1233242265
1233242266
1233242267
1233242268
1233242269
1233242270
1233242271
1233242272
1233242273
1233242274
1233242275
1233242276
1233242277
1233242278
1233242279
1233242280
1233242289
1233242290
1233516759
1233516760
1233516761
1233516762
1233516763
1233516764
1233516765
1233516766
1233516767
1233516768
1233516769
1233516770
1233516771
1233516772
1233516773
1233516774
1233516775
1233516776
1233516777
1233516778
1233516779
1233516780
1233516781
1233516782
1233516783
1233516784
1233518857
1233518858
1233518859
1233518860
1233518861
1233518862
1233518863
1233518864
1233518867
1233518868
1233518869
1233518870
1233518871
1233518872
1233780880
1233780881
1233780882
1233780883
1233780884
1233780885
1233780886
1234563441
1234563442
1234563443
1234563444
1234563445
1234563446
1234563447
1234563448
1234563449
1234563450
1234563451
1234563452
1234563453
1234563454
1234563455
1234563456
1234563457
1234563458
1234563459
1234563460
1234563461
1234563462
1234563463
1234563464
1234564461
1234564462
1234564463
1234564464
1234564465
1234564466
1234564467
1234564468
1234564469
1234564470
1234564471
1234564472
1234564473
1234564474
1234564475
1234564476
1234564477
1234564478
1234564479
1234564480
1234564481
1234564482
1234564483
1234564484
1234585172
1234585982
1234585983
1234858146
1234858147
1234858148
1234858149
1234858150
1234858151
1234858152
1234858153
1234858154
1234858155
1234858156
1234858157
1234858158
1234858159
1234858160
1234858161
1234858162
1234858163
1234858164
1234858165
1234858166
1234858168
1234858169
1234858170
1234858841
1234859610
1234859611
1234859612
1234859613
1234962229
1234962230
1234962231
1234962232
1234962233
1234962234
1234962235
1234962236
1234962237
1234962238
1234962239
1234962240
1234962241
1234962242
1234962243
1234962244
1234962245
1234962246
1234962247
1234962248
1234962249
1234962250
1234962251
1234962252
1234962253
1234962254
1234962255
1234962256
1234962257
1234962258
1234962259
1234962260
1234962261
1234962262
1234962263
1234962264
1234962265
1234962266
1234962267
1234962268
1234962269
1234962270
1234962271
1234962272
1234962273
1234962274
1234962275
1234962276
1234962277
1234962278
1234962279
1234962280
1234962281
1234962282
1234962283
1234962284
1234962285
1234962286
1234962287
1234962288
1234962289
1234962290
1234962291
1234962292
1234962293
1234963442
1235145989
1235145990
1235145991
1235145992
1235145993
1235145994
1235145995
1235145996
1235145997
1235145998
1235145999
1235146000
1235146001
1235146002
1235146003
1235146004
1235146005
1235146006
1235146007
1235146008
1235146338
1235146339
1235146340
1235146341
1235146342
1235146343
1235146344
1235146345
1235165634
1235165635
1235165636
1235165637
1235165638
1235165639
1235165640
1235165641
1235168072
1235168073
1235168074
1235168075
1235168076
1235168077
1235168078
1235168079
1235168080
1235169332
1235169333
1235169334
1235169335
1235169336
1235169337
1235169338
1235169339
1235169340
1235169341
1235171170
1235171171
1235171172
1235171173
1235174661
1235174662
1235179880
1235179881
1235487550
1235487551
1235487552
1235487553
1235487554
1235487555
1235487556
1235487557
1235487558
1235487559
1235487560
1235487561
1235487562
1235487563
1235487564
1235487565
1235487566
1235487567
1235487568
1235487569
1235487570
1235487571
1235487572
1235487573
1235487574
1235487575
1235487576
1235487577
1235487578
1235487579
1235487580
1235487581
1235487582
1235487583
1235487584
1235487585
1235489104
1235489105
1235489106
1235489107
1235489108
1235489109
1235489110
1235489111
1235489112
1235489113
1235489114
1235489115
1235489116
1235489117
1235489118
1235489119
1235489120
1235489121
1235489122
1235489123
1235787152
1235787153
1235787154
1235787155
1235787156
1235787157
1235787158
1235787159
1235787160
1235787161
1235787162
1235787163
1235787164
1235787165
1235787166
1235787167
1235787168
1235787169
1235787170
1235787171
1235787172
1235787173
1235787174
1235787175
1235787176
1235787177
1235787178
1235787179
1235787180
1235787181
1235787182
1235787183
1235787184
1235787185
1235788317
1235788318
1235788319
1235788320
1235788321
1235788322
1235788323
1235788324
1235788325
1235788326
1235788327
1235788328
1235788329
1235788330
1235788331
1235788332
1235788333
1235788334
1235788335
1235788336
1235788337
1235788338
1235788339
1235788340
1235788341
1235788342
1235788343
1235788344
1235788345
1235788346
1235788347
1235788348
1235788349
1235788350
1235788351
1235788352
1235788353
1235788354
1235788355
1235788356
1235788357
1235788358
1235788359
1235788360
1235788361
1235788362
1235788363
1235788364
1235788365
1235788366
1235788367
1235788368
1235788369
1235788370
1235789060
1235789061
1235789062
1235789063
1235789064
1235789065
1235789066
1235789067
1235789068
1235789069
1235789070
1235789071
1235789072
1235789073
1235789074
1235789075
1235789076
1235789077
1235789078
1235789079
1235789080
1235789081
1235789082
1235789083
1235789084
1235789085
1235789086
1235789087
1235789088
1235789089
1235789090
1235789091
1235789092
1235789093
1235789094
1235789095
1235790070
1235790071
1235791091
1235791092
1235791093
1235791094
1235816548
1235816549
1235816550
1235816551
1235816552
1235816553
1235816554
1235816555
1235816556
1235816557
1235816558
1235816559
1235816560
1235816561
1235816562
1235816563
1235816564
1235816565
1235816566
1235816567
1235816568
1235819450
1235819451
1235819452
1235819453
1235819454
1235819455
1235819456
1235819457
1235819458
1235819459
1235819460
1235819461
1235819462
1235819463
1235819464
1235819465
1235819466
1235819467
1235819468
1235819469
1235819470
1235819471
1235819472
1235819473
1235819474
1235819475
1235819476
1235819477
1235819478
1235819479
1235819480
1235819481
1235819482
1235819483
1235819484
1235819485
1235819486
1235819487
1235819488
1235819489
1235819490
1235819491
1235819492
1235819493
1235819494
1235819495
1235819496
1235819497
1235819498
1235819499
1235819500
1235821120
1235821121
1235821122
1235821123
1235821124
1235821125
1235821126
1235821127
1235821128
1235821129
1235821130
1235821131
1235821132
1235821133
1235821134
1235821135
1235821136
1235827332
1235827333
1235827334
1235827335
1235827336
1235827337
1235827338
1235827339
1235827340
1235827341
1235827342
1235827343
1235827344
1235827345
1235827346
1235827347
1235827348
1235827349
1235827350
1235827351
1235827352
1235827353
1235827354
1235827355
1235827356
1235827357
1235827358
1235827359
1235827360
1235827361
1235827362
1235827363
1235827364
1235827365
1235827366
1235827367
1235827368
1235827369
1235827370
1235827371
1235827372
1236025923
1236025924
1236025925
1236025926
1236025927
1236025928
1236025929
1236025930
1236025931
1236025932
1236025933
1236025934
1236025935
1236025936
1236025937
1236025938
1236025939
1236025940
1236025941
1236025942
1236025943
1236025944
1236025945
1236025946
1236025947
1236025948
1236025949
1236025950
1236025951
1236025952
1236025953
1236025954
1236025955
1236025956
1236025957
1236025958
1236025959
1236025960
1236025961
1236025962
1236025963
1236025964
1236025965
1236025966
1236025967
1236025968
1236025969
1236025970
1236025971
1236028443
1236028444
1236028445
1236028446
1236028447
1236028448
1236028449
1236028450
1236031641
1236031642
1236031643
1236031644
1236031645
1236031646
1236031647
1236031648
1236031649
1236031650
1236031651
1236031652
1236031653
1236031654
1236031655
1236031656
1236031657
1236031658
1236031659
1236031660
1236031661
1236031662
1236031663
1236031664
1236031665
1236031666
1236031667
1236031668
1236031669
1236031670
1236031671
1236031672
1236031673
1236031674
1236031675
1236031676
1236031677
1236031678
1236031679
1236031680
1236031681
1236031682
1236031683
1236031684
1236031685
1236031686
1236031687
1236031688
1236031689
1236031690
1236031691
1236031692
1236031693
1236031694
1236031695
1236031696
1236031697
1236031698
1236031699
1236031700
1236031701
1236031702
1236031703
1236031704
1236031705
1236031706
1236031707
1236031708
1236031709
1236031710
1236031711
1236031712
1236031713
1236031714
1236031715
1236032519
1236032520
1236032521
1236032522
1236032523
1236032524
1236032525
1236032526
1236032527
1236032528
1236032529
1236032530
1236032531
1236032532
1236032533
1236032534
1236032535
1236032536
1236032537
1236032538
1236032539
1236032540
1236032541
1236032542
1236032543
1236032544
1236032545
1236032546
1236032738
1236032739
1236032740
1236032741
1236032742
1236032743
1236032744
1236032745
1236032746
1236032747
1236032748
1236042876
1236042877
1236042878
1236042879
1236042880
1236042881
1236042882
1236042883
1236042884
1236042885
1236042886
1236042887
1236042888
1236042889
1236042890
1236042891
1236042892
1236042893
1236042894
1236042895
1236042896
1236042897
1236042898
1236042899
1236042900
1236042901
1236042902
1236042903
1236042904
1236042905
1236042906
1236042907
1236042908
1236042909
1236042910
1236042911
1236042912
1236042913
1236042914
1236042915
1236042916
1236042917
1236042918
1236042919
1236042920
1236042921
1236044250
1236044251
1236044252
1236044253
1236044254
1236044255
1236044256
1236046787
1236046788
1236046789
1236046790
1236046791
1236047275
1236047847
1236047848
1236047849
1236047850
1236047851
1236047852
1236047853
1236047854
1236047855
1236047856
1236047857
1236047858
1236047859
1236047860
1236047861
1236047862
1236047863
1236047864
1236047865
1236047866
1236047867